	ONTOLOGY	ID	Description	GeneRatio	BgRatio	pvalue	p.adjust	qvalue	geneID	Count
GO:1902106	BP	GO:1902106	negative regulation of leukocyte differentiation	10/359	80/10096	0.000511239160510507	0.000511239160510507	0.763948152184452	CEACAM1/CLDN18/CTNNB1/IL4R/IRF1/JAK3/SOCS1/TRIB1/UBASH3B/ZNF675	10
GO:1903707	BP	GO:1903707	negative regulation of hemopoiesis	10/359	84/10096	0.000756057696510741	0.000756057696510741	0.763948152184452	CEACAM1/CLDN18/CTNNB1/IL4R/IRF1/JAK3/SOCS1/TRIB1/UBASH3B/ZNF675	10
GO:0018216	BP	GO:0018216	peptidyl-arginine methylation	4/359	14/10096	0.00118541654883275	0.00118541654883275	0.763948152184452	NDUFAF7/NR1H4/PRMT2/PRMT3	4
GO:0010804	BP	GO:0010804	negative regulation of tumor necrosis factor-mediated signaling pathway	4/359	15/10096	0.00157151556094441	0.00157151556094441	0.763948152184452	CARD16/NR1H4/PIAS4/ZNF675	4
GO:1905332	BP	GO:1905332	positive regulation of morphogenesis of an epithelium	5/359	26/10096	0.00196216905708374	0.00196216905708374	0.763948152184452	CTNNB1/GJA1/MAGED1/SOX9/VEGFA	5
GO:0018195	BP	GO:0018195	peptidyl-arginine modification	4/359	16/10096	0.00203714384581173	0.00203714384581173	0.763948152184452	NDUFAF7/NR1H4/PRMT2/PRMT3	4
GO:0035902	BP	GO:0035902	response to immobilization stress	4/359	16/10096	0.00203714384581173	0.00203714384581173	0.763948152184452	GAL/GPI/PPP1R9B/PTK2B	4
GO:0001894	BP	GO:0001894	tissue homeostasis	13/359	150/10096	0.0026380922685056	0.0026380922685056	0.763948152184452	ABCC8/CLDN18/CTNNB1/GJA1/ITGB6/LDB2/MBP/NEUROD1/PTK2B/SOX9/UBASH3B/VEGFA/ZNF675	13
GO:0002762	BP	GO:0002762	negative regulation of myeloid leukocyte differentiation	6/359	40/10096	0.00267417342265886	0.00267417342265886	0.763948152184452	CEACAM1/CLDN18/CTNNB1/TRIB1/UBASH3B/ZNF675	6
GO:0060249	BP	GO:0060249	anatomical structure homeostasis	15/359	187/10096	0.00273541441621144	0.00273541441621144	0.763948152184452	ABCC8/CLDN18/CTNNB1/GJA1/ITGB6/LDB2/MBP/NEUROD1/PSEN1/PTK2B/SNAPIN/SOX9/UBASH3B/VEGFA/ZNF675	15
GO:0051055	BP	GO:0051055	negative regulation of lipid biosynthetic process	6/359	42/10096	0.00344341066619034	0.00344341066619034	0.763948152184452	AKR1C3/ASXL3/CEACAM1/DKKL1/PRMT3/WDTC1	6
GO:0007169	BP	GO:0007169	transmembrane receptor protein tyrosine kinase signaling pathway	27/359	439/10096	0.00387548929921761	0.00387548929921761	0.763948152184452	CEACAM1/CRK/CTNNB1/DCN/DDR2/DGKD/EPHB6/FGF12/FLRT3/FLT4/HGF/JAK3/MAPKAPK2/MYO1C/NDEL1/NR1H4/NRG3/PSEN1/PTK2B/RAPGEF1/SLC2A4/SOCS1/SORBS1/SOX9/UBASH3B/VEGFA/ZFYVE28	27
GO:0034472	BP	GO:0034472	snRNA 3'-end processing	4/359	19/10096	0.00398766636482561	0.00398766636482561	0.763948152184452	EXOSC8/INTS2/INTS9/TOE1	4
GO:0046653	BP	GO:0046653	tetrahydrofolate metabolic process	3/359	10/10096	0.00444055794554857	0.00444055794554857	0.763948152184452	AASDHPPT/GART/MTHFD1	3
GO:0034329	BP	GO:0034329	cell junction assembly	17/359	237/10096	0.0047001559158461	0.0047001559158461	0.763948152184452	ADD2/CLDN18/CORO1C/CTNNB1/FLRT3/GABRG2/GJA1/HOPX/LIM2/MECP2/MYO1C/NR1H4/PLXNB2/PTK2B/RAPGEF1/SORBS1/VEGFA	17
GO:0019369	BP	GO:0019369	arachidonic acid metabolic process	4/359	20/10096	0.00484679581612884	0.00484679581612884	0.763948152184452	AKR1C3/GPX4/MGLL/PLA2G4A	4
GO:0045833	BP	GO:0045833	negative regulation of lipid metabolic process	8/359	75/10096	0.00499763216584758	0.00499763216584758	0.763948152184452	AKR1C3/ASXL3/CEACAM1/CNR1/DKKL1/PRMT3/SOX9/WDTC1	8
GO:1905330	BP	GO:1905330	regulation of morphogenesis of an epithelium	6/359	46/10096	0.00545957085061308	0.00545957085061308	0.763948152184452	CTNNB1/GJA1/HGF/MAGED1/SOX9/VEGFA	6
GO:0048771	BP	GO:0048771	tissue remodeling	10/359	110/10096	0.00569641587101073	0.00569641587101073	0.763948152184452	CEACAM1/CHD7/CLDN18/CTNNB1/DDR2/FLT4/GJA1/PTK2B/UBASH3B/ZNF675	10
GO:0035633	BP	GO:0035633	maintenance of blood-brain barrier	4/359	21/10096	0.00582192569914949	0.00582192569914949	0.763948152184452	ABCC8/GJA1/MBP/VEGFA	4
GO:0010544	BP	GO:0010544	negative regulation of platelet activation	3/359	11/10096	0.0059462436990849	0.0059462436990849	0.763948152184452	CEACAM1/THBD/UBASH3B	3
GO:0090036	BP	GO:0090036	regulation of protein kinase C signaling	3/359	11/10096	0.0059462436990849	0.0059462436990849	0.763948152184452	DGKD/FLT4/VEGFA	3
GO:0001942	BP	GO:0001942	hair follicle development	7/359	63/10096	0.00677230741251864	0.00677230741251864	0.763948152184452	CTNNB1/FOXQ1/GAL/LDB2/PIAS4/SMAD4/SOX9	7
GO:0021549	BP	GO:0021549	cerebellum development	7/359	63/10096	0.00677230741251864	0.00677230741251864	0.763948152184452	CRK/GART/KNDC1/MECP2/NEUROD1/PSEN1/XRCC1	7
GO:0002825	BP	GO:0002825	regulation of T-helper 1 type immune response	4/359	22/10096	0.00691949124490177	0.00691949124490177	0.763948152184452	IL1RL1/IL4R/JAK3/PLA2G4A	4
GO:0016180	BP	GO:0016180	snRNA processing	4/359	22/10096	0.00691949124490177	0.00691949124490177	0.763948152184452	EXOSC8/INTS2/INTS9/TOE1	4
GO:0022404	BP	GO:0022404	molting cycle process	7/359	64/10096	0.00737837298614002	0.00737837298614002	0.763948152184452	CTNNB1/FOXQ1/GAL/LDB2/PIAS4/SMAD4/SOX9	7
GO:0022405	BP	GO:0022405	hair cycle process	7/359	64/10096	0.00737837298614002	0.00737837298614002	0.763948152184452	CTNNB1/FOXQ1/GAL/LDB2/PIAS4/SMAD4/SOX9	7
GO:0043116	BP	GO:0043116	negative regulation of vascular permeability	3/359	12/10096	0.00772156440263477	0.00772156440263477	0.763948152184452	ABCC8/CEACAM1/VEGFA	3
GO:0060688	BP	GO:0060688	regulation of morphogenesis of a branching structure	5/359	36/10096	0.00841289094739006	0.00841289094739006	0.763948152184452	CTNNB1/HGF/MAGED1/SOX9/VEGFA	5
GO:0045638	BP	GO:0045638	negative regulation of myeloid cell differentiation	7/359	66/10096	0.0087096426835996	0.0087096426835996	0.763948152184452	CEACAM1/CLDN18/CTNNB1/PTK2B/TRIB1/UBASH3B/ZNF675	7
GO:0098773	BP	GO:0098773	skin epidermis development	7/359	66/10096	0.0087096426835996	0.0087096426835996	0.763948152184452	CTNNB1/FOXQ1/GAL/LDB2/PIAS4/SMAD4/SOX9	7
GO:0090190	BP	GO:0090190	positive regulation of branching involved in ureteric bud morphogenesis	3/359	13/10096	0.00977673930990966	0.00977673930990966	0.763948152184452	MAGED1/SOX9/VEGFA	3
GO:0042267	BP	GO:0042267	natural killer cell mediated cytotoxicity	6/359	52/10096	0.00993549692725629	0.00993549692725629	0.763948152184452	ARL8B/CEACAM1/CRK/GFER/KLRC2/ULBP1	6
GO:0045596	BP	GO:0045596	negative regulation of cell differentiation	27/359	474/10096	0.0104737726267724	0.0104737726267724	0.763948152184452	ABCC8/CEACAM1/CLDN18/CORO1C/CTNNB1/DPYSL5/HOPX/IL4R/IRF1/JAK3/MBP/MECP2/PSEN1/PTK2B/RNF6/SKIL/SMAD4/SMAD6/SOCS1/SOX3/SOX9/TBX6/TRIB1/UBASH3B/VEGFA/ZHX2/ZNF675	27
GO:0010803	BP	GO:0010803	regulation of tumor necrosis factor-mediated signaling pathway	5/359	38/10096	0.0105732316150877	0.0105732316150877	0.763948152184452	CARD16/NR1H4/PIAS4/TRAF2/ZNF675	5
GO:0016053	BP	GO:0016053	organic acid biosynthetic process	12/359	158/10096	0.0106561226165887	0.0106561226165887	0.763948152184452	AASDHPPT/AKR1C3/ALDH18A1/CEACAM1/GPX4/MCAT/MGLL/MTHFD1/NR1H4/PLA2G4A/PRMT3/WDTC1	12
GO:0046394	BP	GO:0046394	carboxylic acid biosynthetic process	12/359	158/10096	0.0106561226165887	0.0106561226165887	0.763948152184452	AASDHPPT/AKR1C3/ALDH18A1/CEACAM1/GPX4/MCAT/MGLL/MTHFD1/NR1H4/PLA2G4A/PRMT3/WDTC1	12
GO:0002228	BP	GO:0002228	natural killer cell mediated immunity	6/359	53/10096	0.0108779989186191	0.0108779989186191	0.763948152184452	ARL8B/CEACAM1/CRK/GFER/KLRC2/ULBP1	6
GO:0006690	BP	GO:0006690	icosanoid metabolic process	6/359	53/10096	0.0108779989186191	0.0108779989186191	0.763948152184452	AKR1C3/CES2/GPX4/MAPKAPK2/MGLL/PLA2G4A	6
GO:0045216	BP	GO:0045216	cell-cell junction organization	10/359	121/10096	0.0109208637392871	0.0109208637392871	0.763948152184452	ABCC8/CCM2/CLDN18/CTNNB1/GJA1/HOPX/LIM2/MYO1C/NR1H4/VEGFA	10
GO:0000578	BP	GO:0000578	embryonic axis specification	4/359	25/10096	0.0110057086052967	0.0110057086052967	0.763948152184452	CTNNB1/SMAD4/SMAD6/TBX6	4
GO:0045671	BP	GO:0045671	negative regulation of osteoclast differentiation	4/359	25/10096	0.0110057086052967	0.0110057086052967	0.763948152184452	CLDN18/CTNNB1/UBASH3B/ZNF675	4
GO:0045922	BP	GO:0045922	negative regulation of fatty acid metabolic process	4/359	25/10096	0.0110057086052967	0.0110057086052967	0.763948152184452	CEACAM1/CNR1/SOX9/WDTC1	4
GO:0021537	BP	GO:0021537	telencephalon development	13/359	179/10096	0.0114589184499881	0.0114589184499881	0.763948152184452	CHD7/CRK/CTNNB1/DLX5/GART/NDEL1/NEUROD1/NRG3/PHACTR1/PPP1R9B/PSEN1/XRCC1/ZIC3	13
GO:0010721	BP	GO:0010721	negative regulation of cell development	10/359	122/10096	0.0115330017137469	0.0115330017137469	0.763948152184452	ABCC8/CLDN18/CORO1C/CTNNB1/DPYSL5/MBP/PSEN1/RNF6/TBX6/VEGFA	10
GO:1903202	BP	GO:1903202	negative regulation of oxidative stress-induced cell death	5/359	39/10096	0.011783732697598	0.011783732697598	0.763948152184452	CTNNB1/DDR2/GFER/HGF/PDE8A	5
GO:0010565	BP	GO:0010565	regulation of cellular ketone metabolic process	8/359	87/10096	0.012005769693598	0.012005769693598	0.763948152184452	AKR1C3/CEACAM1/CNR1/DKKL1/NR1H4/PRMT3/SOX9/WDTC1	8
GO:0002716	BP	GO:0002716	negative regulation of natural killer cell mediated immunity	3/359	14/10096	0.0121198273356579	0.0121198273356579	0.763948152184452	CEACAM1/CRK/GFER	3
GO:0045953	BP	GO:0045953	negative regulation of natural killer cell mediated cytotoxicity	3/359	14/10096	0.0121198273356579	0.0121198273356579	0.763948152184452	CEACAM1/CRK/GFER	3
GO:0090189	BP	GO:0090189	regulation of branching involved in ureteric bud morphogenesis	3/359	14/10096	0.0121198273356579	0.0121198273356579	0.763948152184452	MAGED1/SOX9/VEGFA	3
GO:1901032	BP	GO:1901032	negative regulation of response to reactive oxygen species	3/359	14/10096	0.0121198273356579	0.0121198273356579	0.763948152184452	DDR2/HGF/PDE8A	3
GO:1903206	BP	GO:1903206	negative regulation of hydrogen peroxide-induced cell death	3/359	14/10096	0.0121198273356579	0.0121198273356579	0.763948152184452	DDR2/HGF/PDE8A	3
GO:2000136	BP	GO:2000136	regulation of cell proliferation involved in heart morphogenesis	3/359	14/10096	0.0121198273356579	0.0121198273356579	0.763948152184452	CTNNB1/SMAD4/SOX9	3
GO:0038084	BP	GO:0038084	vascular endothelial growth factor signaling pathway	4/359	26/10096	0.0126499885231536	0.0126499885231536	0.763948152184452	DCN/FLT4/MYO1C/VEGFA	4
GO:0060324	BP	GO:0060324	face development	5/359	40/10096	0.0130850983083036	0.0130850983083036	0.763948152184452	CHD7/DLX5/PAX9/SOX3/ZIC3	5
GO:0042180	BP	GO:0042180	cellular ketone metabolic process	10/359	125/10096	0.0135257517061508	0.0135257517061508	0.763948152184452	AFP/AKR1C3/CEACAM1/CNR1/COQ5/DKKL1/NR1H4/PRMT3/SOX9/WDTC1	10
GO:0022037	BP	GO:0022037	metencephalon development	7/359	72/10096	0.0137595751398184	0.0137595751398184	0.763948152184452	CRK/GART/KNDC1/MECP2/NEUROD1/PSEN1/XRCC1	7
GO:0072330	BP	GO:0072330	monocarboxylic acid biosynthetic process	9/359	107/10096	0.0138119630246997	0.0138119630246997	0.763948152184452	AKR1C3/CEACAM1/GPX4/MCAT/MGLL/NR1H4/PLA2G4A/PRMT3/WDTC1	9
GO:0051403	BP	GO:0051403	stress-activated MAPK cascade	13/359	184/10096	0.014179260452834	0.014179260452834	0.763948152184452	CCM2/CRK/FLT4/HGF/MAP3K7/MAPK9/MAPKAPK2/MECOM/PTK2B/TRAF2/TRIB1/VEGFA/ZNF675	13
GO:0021543	BP	GO:0021543	pallium development	10/359	126/10096	0.0142442452331631	0.0142442452331631	0.763948152184452	CRK/CTNNB1/GART/NDEL1/NEUROD1/PHACTR1/PPP1R9B/PSEN1/XRCC1/ZIC3	10
GO:0002823	BP	GO:0002823	negative regulation of adaptive immune response based on somatic recombination of immune receptors built from immunoglobulin superfamily domains	5/359	41/10096	0.0144801581018006	0.0144801581018006	0.763948152184452	CEACAM1/IL1RL1/IL4R/JAK3/SUSD4	5
GO:0035924	BP	GO:0035924	cellular response to vascular endothelial growth factor stimulus	5/359	41/10096	0.0144801581018006	0.0144801581018006	0.763948152184452	DCN/FLT4/MAPKAPK2/MYO1C/VEGFA	5
GO:0060415	BP	GO:0060415	muscle tissue morphogenesis	5/359	41/10096	0.0144801581018006	0.0144801581018006	0.763948152184452	ADARB1/CHD7/FOXH1/MYF6/SMAD4	5
GO:0090630	BP	GO:0090630	activation of GTPase activity	8/359	90/10096	0.0145396308510393	0.0145396308510393	0.763948152184452	AGAP2/AGAP4/CORO1C/CRK/NDEL1/PTK2B/SGSM2/TBC1D8B	8
GO:0006760	BP	GO:0006760	folic acid-containing compound metabolic process	3/359	15/10096	0.0147569052793363	0.0147569052793363	0.763948152184452	AASDHPPT/GART/MTHFD1	3
GO:0014072	BP	GO:0014072	response to isoquinoline alkaloid	3/359	15/10096	0.0147569052793363	0.0147569052793363	0.763948152184452	CNR1/GPI/PPP1R9B	3
GO:0023019	BP	GO:0023019	signal transduction involved in regulation of gene expression	3/359	15/10096	0.0147569052793363	0.0147569052793363	0.763948152184452	NEUROD1/TBX6/TRAF2	3
GO:0043278	BP	GO:0043278	response to morphine	3/359	15/10096	0.0147569052793363	0.0147569052793363	0.763948152184452	CNR1/GPI/PPP1R9B	3
GO:0048499	BP	GO:0048499	synaptic vesicle membrane organization	3/359	15/10096	0.0147569052793363	0.0147569052793363	0.763948152184452	CPLX1/SNAPIN/SYNGR1	3
GO:0061323	BP	GO:0061323	cell proliferation involved in heart morphogenesis	3/359	15/10096	0.0147569052793363	0.0147569052793363	0.763948152184452	CTNNB1/SMAD4/SOX9	3
GO:1902883	BP	GO:1902883	negative regulation of response to oxidative stress	3/359	15/10096	0.0147569052793363	0.0147569052793363	0.763948152184452	DDR2/HGF/PDE8A	3
GO:0062014	BP	GO:0062014	negative regulation of small molecule metabolic process	7/359	73/10096	0.0147699482447705	0.0147699482447705	0.763948152184452	AKR1C3/CEACAM1/CNR1/DKKL1/PRMT3/SOX9/WDTC1	7
GO:0046849	BP	GO:0046849	bone remodeling	6/359	57/10096	0.015283386471168	0.015283386471168	0.773146649294433	CLDN18/CTNNB1/GJA1/PTK2B/UBASH3B/ZNF675	6
GO:0033209	BP	GO:0033209	tumor necrosis factor-mediated signaling pathway	7/359	74/10096	0.015832141373341	0.015832141373341	0.773146649294433	CARD16/CLDN18/NR1H4/PIAS4/PTK2B/TRAF2/ZNF675	7
GO:0042303	BP	GO:0042303	molting cycle	7/359	74/10096	0.015832141373341	0.015832141373341	0.773146649294433	CTNNB1/FOXQ1/GAL/LDB2/PIAS4/SMAD4/SOX9	7
GO:0042633	BP	GO:0042633	hair cycle	7/359	74/10096	0.015832141373341	0.015832141373341	0.773146649294433	CTNNB1/FOXQ1/GAL/LDB2/PIAS4/SMAD4/SOX9	7
GO:0001658	BP	GO:0001658	branching involved in ureteric bud morphogenesis	5/359	42/10096	0.0159716104579642	0.0159716104579642	0.773146649294433	CTNNB1/MAGED1/SMAD4/SOX9/VEGFA	5
GO:0120254	BP	GO:0120254	olefinic compound metabolic process	6/359	58/10096	0.0165530318909216	0.0165530318909216	0.775264495306657	AFP/AKR1C3/DKKL1/GPX4/MGLL/PLA2G4A	6
GO:0051090	BP	GO:0051090	regulation of DNA-binding transcription factor activity	20/359	337/10096	0.0172924661863136	0.0172924661863136	0.775264495306657	CARD16/CTNNB1/DDR2/FOXH1/IKBKE/MAP3K7/MAPK9/NEUROD1/NR1H4/OPRD1/PEX14/PIAS4/PRMT2/RBCK1/TBX6/TRAF2/TRIB1/VEGFA/ZIC3/ZNF675	20
GO:0034330	BP	GO:0034330	cell junction organization	23/359	404/10096	0.0175259955097239	0.0175259955097239	0.775264495306657	ABCC8/ADD2/CAMK1/CCM2/CLDN18/CORO1C/CTNNB1/FLRT3/GABRG2/GJA1/HOPX/LIM2/MECP2/MYO1C/NR1H4/PLXNB2/PRMT3/PSEN1/PTK2B/RAPGEF1/SNAPIN/SORBS1/VEGFA	23
GO:0045453	BP	GO:0045453	bone resorption	5/359	43/10096	0.0175620161878151	0.0175620161878151	0.775264495306657	CLDN18/CTNNB1/PTK2B/UBASH3B/ZNF675	5
GO:0010669	BP	GO:0010669	epithelial structure maintenance	3/359	16/10096	0.0176922348409189	0.0176922348409189	0.775264495306657	LDB2/NEUROD1/SOX9	3
GO:1901018	BP	GO:1901018	positive regulation of potassium ion transmembrane transporter activity	3/359	16/10096	0.0176922348409189	0.0176922348409189	0.775264495306657	ABCC8/GAL/LRRC26	3
GO:0007608	BP	GO:0007608	sensory perception of smell	20/359	338/10096	0.0177989758235283	0.0177989758235283	0.775264495306657	OMP/OR10AD1/OR13C4/OR13C5/OR13G1/OR14A16/OR14C36/OR14J1/OR1L1/OR2C1/OR2T35/OR2T6/OR2V2/OR4C13/OR4C16/OR4K2/OR51B5/OR52A1/OR8B3/OR8H2	20
GO:0035050	BP	GO:0035050	embryonic heart tube development	6/359	59/10096	0.0178935942100301	0.0178935942100301	0.775264495306657	CTNNB1/FOXH1/PSEN1/TBX6/VANGL2/ZIC3	6
GO:0043123	BP	GO:0043123	positive regulation of I-kappaB kinase/NF-kappaB signaling	11/359	150/10096	0.0179787021829738	0.0179787021829738	0.775264495306657	CARD16/CTNNB1/GJA1/GOLT1B/IKBKE/MAP3K7/RBCK1/SHISA5/SLC44A2/TMED4/TRAF2	11
GO:0031098	BP	GO:0031098	stress-activated protein kinase signaling cascade	13/359	190/10096	0.0180686121571331	0.0180686121571331	0.775264495306657	CCM2/CRK/FLT4/HGF/MAP3K7/MAPK9/MAPKAPK2/MECOM/PTK2B/TRAF2/TRIB1/VEGFA/ZNF675	13
GO:0002820	BP	GO:0002820	negative regulation of adaptive immune response	5/359	44/10096	0.0192537929567717	0.0192537929567717	0.791111818674828	CEACAM1/IL1RL1/IL4R/JAK3/SUSD4	5
GO:0007252	BP	GO:0007252	I-kappaB phosphorylation	3/359	17/10096	0.0209284190423734	0.0209284190423734	0.791111818674828	IKBKE/MAP3K7/TRAF2	3
GO:0035994	BP	GO:0035994	response to muscle stretch	3/359	17/10096	0.0209284190423734	0.0209284190423734	0.791111818674828	CTNNB1/DDR2/GPI	3
GO:0043032	BP	GO:0043032	positive regulation of macrophage activation	3/359	17/10096	0.0209284190423734	0.0209284190423734	0.791111818674828	IL1RL1/IL4R/PLA2G4A	3
GO:0051865	BP	GO:0051865	protein autoubiquitination	5/359	45/10096	0.0210492104076147	0.0210492104076147	0.791111818674828	ASB4/LRSAM1/TRAF2/UHRF1/UHRF2	5
GO:0060675	BP	GO:0060675	ureteric bud morphogenesis	5/359	45/10096	0.0210492104076147	0.0210492104076147	0.791111818674828	CTNNB1/MAGED1/SMAD4/SOX9/VEGFA	5
GO:0061045	BP	GO:0061045	negative regulation of wound healing	5/359	45/10096	0.0210492104076147	0.0210492104076147	0.791111818674828	ABCC8/CEACAM1/CRK/THBD/UBASH3B	5
GO:0072171	BP	GO:0072171	mesonephric tubule morphogenesis	5/359	45/10096	0.0210492104076147	0.0210492104076147	0.791111818674828	CTNNB1/MAGED1/SMAD4/SOX9/VEGFA	5
GO:0071363	BP	GO:0071363	cellular response to growth factor stimulus	25/359	459/10096	0.0222715136177371	0.0222715136177371	0.791111818674828	CRK/CSNK1E/CTNNB1/DCN/DDR2/DLX5/FGF12/FLRT3/FLT4/FOXH1/HGF/ITGB6/MAP3K7/MAPKAPK2/MYO1C/OPRD1/PAX9/PDE8A/PPP1R9B/RAPGEF1/SKIL/SMAD4/SMAD6/SOX9/VEGFA	25
GO:0010975	BP	GO:0010975	regulation of neuron projection development	17/359	281/10096	0.0228631035220008	0.0228631035220008	0.791111818674828	CAMK1/CNR1/CRK/DPYSL5/HGF/KNDC1/MBP/NDEL1/PLXNB2/PSEN1/PTK2B/RAPGEF1/RNF6/SKIL/SNAPIN/TBX6/VEGFA	17
GO:0009880	BP	GO:0009880	embryonic pattern specification	5/359	46/10096	0.0229503859633466	0.0229503859633466	0.791111818674828	CTNNB1/SMAD4/SMAD6/TBX6/ZIC3	5
GO:0048644	BP	GO:0048644	muscle organ morphogenesis	5/359	46/10096	0.0229503859633466	0.0229503859633466	0.791111818674828	ADARB1/CHD7/FOXH1/MYF6/SMAD4	5
GO:0045995	BP	GO:0045995	regulation of embryonic development	6/359	63/10096	0.0239979615205736	0.0239979615205736	0.791111818674828	CDK1/CTNNB1/INO80E/NR2C2/TADA3/TLE6	6
GO:0007263	BP	GO:0007263	nitric oxide mediated signal transduction	3/359	18/10096	0.0244665486375226	0.0244665486375226	0.791111818674828	MAFA/NEUROD1/VEGFA	3
GO:0062009	BP	GO:0062009	secondary palate development	3/359	18/10096	0.0244665486375226	0.0244665486375226	0.791111818674828	CHD7/ITGB6/SMAD4	3
GO:0021987	BP	GO:0021987	cerebral cortex development	7/359	81/10096	0.0248242681143842	0.0248242681143842	0.791111818674828	CRK/CTNNB1/GART/NDEL1/PHACTR1/PPP1R9B/PSEN1	7
GO:0001947	BP	GO:0001947	heart looping	5/359	47/10096	0.0249592812883058	0.0249592812883058	0.791111818674828	FOXH1/PSEN1/TBX6/VANGL2/ZIC3	5
GO:0006360	BP	GO:0006360	transcription by RNA polymerase I	5/359	47/10096	0.0249592812883058	0.0249592812883058	0.791111818674828	GTF2H5/HEATR1/PHF8/POLR1C/WDR75	5
GO:0050911	BP	GO:0050911	detection of chemical stimulus involved in sensory perception of smell	19/359	328/10096	0.0250119166757404	0.0250119166757404	0.791111818674828	OR10AD1/OR13C4/OR13C5/OR13G1/OR14A16/OR14C36/OR14J1/OR1L1/OR2C1/OR2T35/OR2T6/OR2V2/OR4C13/OR4C16/OR4K2/OR51B5/OR52A1/OR8B3/OR8H2	19
GO:0002683	BP	GO:0002683	negative regulation of immune system process	18/359	307/10096	0.0258126975607799	0.0258126975607799	0.791111818674828	CEACAM1/CLDN18/CNR1/CRK/CTNNB1/GAL/GFER/IL1RL1/IL4R/IRF1/JAK3/RIN3/SOCS1/SOX9/SUSD4/TRIB1/UBASH3B/ZNF675	18
GO:0034103	BP	GO:0034103	regulation of tissue remodeling	5/359	48/10096	0.0270776993843969	0.0270776993843969	0.791111818674828	CEACAM1/CLDN18/DDR2/FLT4/UBASH3B	5
GO:0061371	BP	GO:0061371	determination of heart left/right asymmetry	5/359	48/10096	0.0270776993843969	0.0270776993843969	0.791111818674828	FOXH1/PSEN1/TBX6/VANGL2/ZIC3	5
GO:1901653	BP	GO:1901653	cellular response to peptide	16/359	265/10096	0.0271958136160741	0.0271958136160741	0.791111818674828	CEACAM1/CRK/DDR2/GFER/GJA1/JAK3/KLF15/MYO1C/NDEL1/NR1H4/PPP1R9B/PSEN1/SLC2A4/SOCS1/SORBS1/WDTC1	16
GO:0001657	BP	GO:0001657	ureteric bud development	6/359	65/10096	0.0275165743476605	0.0275165743476605	0.791111818674828	CTNNB1/MAGED1/SMAD4/SMAD6/SOX9/VEGFA	6
GO:0006633	BP	GO:0006633	fatty acid biosynthetic process	7/359	83/10096	0.0279289331787989	0.0279289331787989	0.791111818674828	AKR1C3/CEACAM1/GPX4/MCAT/MGLL/PLA2G4A/WDTC1	7
GO:0006979	BP	GO:0006979	response to oxidative stress	17/359	288/10096	0.0281430399569157	0.0281430399569157	0.791111818674828	AKR1C3/CDK1/CRK/CTNNB1/DAPK1/DDR2/DGKK/ETV5/GFER/GPX4/HGF/MAPK9/PDE8A/PSEN1/PTK2B/ROMO1/XRCC1	17
GO:0042558	BP	GO:0042558	pteridine-containing compound metabolic process	3/359	19/10096	0.0283063390636532	0.0283063390636532	0.791111818674828	AASDHPPT/GART/MTHFD1	3
GO:0070528	BP	GO:0070528	protein kinase C signaling	3/359	19/10096	0.0283063390636532	0.0283063390636532	0.791111818674828	DGKD/FLT4/VEGFA	3
GO:1900078	BP	GO:1900078	positive regulation of cellular response to insulin stimulus	3/359	19/10096	0.0283063390636532	0.0283063390636532	0.791111818674828	MYO1C/NR1H4/SORBS1	3
GO:0002704	BP	GO:0002704	negative regulation of leukocyte mediated immunity	5/359	49/10096	0.0293072822980664	0.0293072822980664	0.791111818674828	CEACAM1/CRK/GFER/JAK3/SUSD4	5
GO:0033559	BP	GO:0033559	unsaturated fatty acid metabolic process	5/359	49/10096	0.0293072822980664	0.0293072822980664	0.791111818674828	AKR1C3/CES2/GPX4/MGLL/PLA2G4A	5
GO:0072163	BP	GO:0072163	mesonephric epithelium development	6/359	66/10096	0.0293972675140666	0.0293972675140666	0.791111818674828	CTNNB1/MAGED1/SMAD4/SMAD6/SOX9/VEGFA	6
GO:0072164	BP	GO:0072164	mesonephric tubule development	6/359	66/10096	0.0293972675140666	0.0293972675140666	0.791111818674828	CTNNB1/MAGED1/SMAD4/SMAD6/SOX9/VEGFA	6
GO:0034612	BP	GO:0034612	response to tumor necrosis factor	11/359	162/10096	0.0297256695334092	0.0297256695334092	0.791111818674828	CARD16/CCL13/CLDN18/GFER/MBP/NR1H4/PIAS4/PTK2B/SLC2A4/TRAF2/ZNF675	11
GO:0048729	BP	GO:0048729	tissue morphogenesis	23/359	426/10096	0.0301860085584018	0.0301860085584018	0.791111818674828	ADARB1/CCM2/CEACAM1/CHD7/CTNNB1/FLRT3/FOXH1/FOXQ1/GJA1/GPI/HGF/KRT10/MAGED1/MTHFD1/MYF6/PLXNB2/PSEN1/SMAD4/SOX9/TBX6/VANGL2/VEGFA/ZIC3	23
GO:0021761	BP	GO:0021761	limbic system development	7/359	85/10096	0.0312871001863774	0.0312871001863774	0.791111818674828	CRK/CTNNB1/NEUROD1/PPP1R9B/SOX3/XRCC1/ZIC3	7
GO:0003229	BP	GO:0003229	ventricular cardiac muscle tissue development	4/359	34/10096	0.0314564271631461	0.0314564271631461	0.791111818674828	CHD7/FOXH1/HOPX/SMAD4	4
GO:0042088	BP	GO:0042088	T-helper 1 type immune response	4/359	34/10096	0.0314564271631461	0.0314564271631461	0.791111818674828	IL1RL1/IL4R/JAK3/PLA2G4A	4
GO:0042269	BP	GO:0042269	regulation of natural killer cell mediated cytotoxicity	4/359	34/10096	0.0314564271631461	0.0314564271631461	0.791111818674828	CEACAM1/CRK/GFER/KLRC2	4
GO:0003143	BP	GO:0003143	embryonic heart tube morphogenesis	5/359	50/10096	0.0316495094126893	0.0316495094126893	0.791111818674828	FOXH1/PSEN1/TBX6/VANGL2/ZIC3	5
GO:0001702	BP	GO:0001702	gastrulation with mouth forming second	3/359	20/10096	0.0324462584602752	0.0324462584602752	0.791111818674828	CTNNB1/SMAD4/ZIC3	3
GO:0001911	BP	GO:0001911	negative regulation of leukocyte mediated cytotoxicity	3/359	20/10096	0.0324462584602752	0.0324462584602752	0.791111818674828	CEACAM1/CRK/GFER	3
GO:0030279	BP	GO:0030279	negative regulation of ossification	3/359	20/10096	0.0324462584602752	0.0324462584602752	0.791111818674828	PTK2B/SMAD6/SOX9	3
GO:1901522	BP	GO:1901522	positive regulation of transcription from RNA polymerase II promoter involved in cellular response to chemical stimulus	3/359	20/10096	0.0324462584602752	0.0324462584602752	0.791111818674828	DLX5/SMAD4/VEGFA	3
GO:0043588	BP	GO:0043588	skin development	12/359	186/10096	0.0336102793342134	0.0336102793342134	0.791111818674828	AKR1C3/CTNNB1/FOXQ1/GAL/ITGB6/KRT10/LDB2/PIAS4/PSEN1/SMAD4/SOX9/WDR48	12
GO:0099003	BP	GO:0099003	vesicle-mediated transport in synapse	9/359	125/10096	0.0339946058714069	0.0339946058714069	0.791111818674828	AP2A1/CHRNA5/CNR1/CPLX1/CTNNB1/NOSTRIN/PSEN1/SLC2A4/SNAPIN	9
GO:0002715	BP	GO:0002715	regulation of natural killer cell mediated immunity	4/359	35/10096	0.0345531529065256	0.0345531529065256	0.791111818674828	CEACAM1/CRK/GFER/KLRC2	4
GO:0070848	BP	GO:0070848	response to growth factor	25/359	479/10096	0.0348716361325926	0.0348716361325926	0.791111818674828	CRK/CSNK1E/CTNNB1/DCN/DDR2/DLX5/FGF12/FLRT3/FLT4/FOXH1/HGF/ITGB6/MAP3K7/MAPKAPK2/MYO1C/OPRD1/PAX9/PDE8A/PPP1R9B/RAPGEF1/SKIL/SMAD4/SMAD6/SOX9/VEGFA	25
GO:0010976	BP	GO:0010976	positive regulation of neuron projection development	8/359	106/10096	0.0348918222313751	0.0348918222313751	0.791111818674828	CAMK1/CNR1/HGF/NDEL1/PLXNB2/PTK2B/RAPGEF1/VEGFA	8
GO:0001823	BP	GO:0001823	mesonephros development	6/359	69/10096	0.0355389475674806	0.0355389475674806	0.791111818674828	CTNNB1/MAGED1/SMAD4/SMAD6/SOX9/VEGFA	6
GO:0003007	BP	GO:0003007	heart morphogenesis	11/359	167/10096	0.035961432990056	0.035961432990056	0.791111818674828	CHD7/CTNNB1/FOXH1/PSEN1/SMAD4/SMAD6/SOX9/TBX6/VANGL2/VEGFA/ZIC3	11
GO:0002831	BP	GO:0002831	regulation of response to biotic stimulus	15/359	253/10096	0.0365001035993308	0.0365001035993308	0.791111818674828	CARD16/CEACAM1/CRK/DAPK1/FCN2/GFER/IKBKE/IRF1/KLRC2/LRSAM1/MAP3K7/SOCS1/SUSD4/TRIB1/USP27X	15
GO:0072078	BP	GO:0072078	nephron tubule morphogenesis	5/359	52/10096	0.0366769941059219	0.0366769941059219	0.791111818674828	CTNNB1/MAGED1/SMAD4/SOX9/VEGFA	5
GO:0007043	BP	GO:0007043	cell-cell junction assembly	7/359	88/10096	0.0368155797231595	0.0368155797231595	0.791111818674828	CLDN18/CTNNB1/GJA1/HOPX/LIM2/MYO1C/NR1H4	7
GO:0007214	BP	GO:0007214	gamma-aminobutyric acid signaling pathway	3/359	21/10096	0.0368836472537962	0.0368836472537962	0.791111818674828	GABRE/GABRG2/GABRG3	3
GO:0032469	BP	GO:0032469	endoplasmic reticulum calcium ion homeostasis	3/359	21/10096	0.0368836472537962	0.0368836472537962	0.791111818674828	GRINA/PSEN1/TMCO1	3
GO:1903205	BP	GO:1903205	regulation of hydrogen peroxide-induced cell death	3/359	21/10096	0.0368836472537962	0.0368836472537962	0.791111818674828	DDR2/HGF/PDE8A	3
GO:0009948	BP	GO:0009948	anterior/posterior axis specification	4/359	36/10096	0.0378206856514176	0.0378206856514176	0.791111818674828	CTNNB1/SMAD4/TBX6/ZIC3	4
GO:0010543	BP	GO:0010543	regulation of platelet activation	4/359	36/10096	0.0378206856514176	0.0378206856514176	0.791111818674828	CEACAM1/PLA2G4A/THBD/UBASH3B	4
GO:0051932	BP	GO:0051932	synaptic transmission, GABAergic	4/359	36/10096	0.0378206856514176	0.0378206856514176	0.791111818674828	CNR1/GABRE/GABRG2/GABRG3	4
GO:0030902	BP	GO:0030902	hindbrain development	8/359	108/10096	0.0383538618645619	0.0383538618645619	0.791111818674828	CRK/CTNNB1/GART/KNDC1/MECP2/NEUROD1/PSEN1/XRCC1	8
GO:0051054	BP	GO:0051054	positive regulation of DNA metabolic process	14/359	233/10096	0.0385876653647216	0.0385876653647216	0.791111818674828	BRD7/CDC7/CDK1/CTNNB1/GFER/HGF/INO80E/MECP2/PHF10/PIAS4/PTK2B/TERF1/WDR48/XRCC1	14
GO:0048736	BP	GO:0048736	appendage development	9/359	128/10096	0.038691062871641	0.038691062871641	0.791111818674828	CHD7/CTNNB1/DLX5/PIAS4/PSEN1/SLC39A1/SMAD4/SOX9/ZIC3	9
GO:0060173	BP	GO:0060173	limb development	9/359	128/10096	0.038691062871641	0.038691062871641	0.791111818674828	CHD7/CTNNB1/DLX5/PIAS4/PSEN1/SLC39A1/SMAD4/SOX9/ZIC3	9
GO:0048562	BP	GO:0048562	embryonic organ morphogenesis	13/359	212/10096	0.0393994458260115	0.0393994458260115	0.791111818674828	CHD7/CTNNB1/DLX5/FOXH1/HOXD4/MTHFD1/NEUROD1/PSEN1/SLC39A1/SOX9/TBX6/VANGL2/ZIC3	13
GO:0019221	BP	GO:0019221	cytokine-mediated signaling pathway	18/359	323/10096	0.0396973784016604	0.0396973784016604	0.791111818674828	CARD16/CCL13/CEACAM1/CLDN18/IKBKE/IL1RL1/IL4R/IRF1/JAK3/MAP3K7/NR1H4/PIAS4/PTK2B/SMAD4/SOCS1/TRAF2/USP27X/ZNF675	18
GO:0071356	BP	GO:0071356	cellular response to tumor necrosis factor	10/359	149/10096	0.0397673112741952	0.0397673112741952	0.791111818674828	CARD16/CCL13/CLDN18/GFER/NR1H4/PIAS4/PTK2B/SLC2A4/TRAF2/ZNF675	10
GO:0038127	BP	GO:0038127	ERBB signaling pathway	7/359	90/10096	0.0408381033957237	0.0408381033957237	0.791111818674828	CEACAM1/DGKD/NRG3/PSEN1/PTK2B/SOX9/ZFYVE28	7
GO:0045581	BP	GO:0045581	negative regulation of T cell differentiation	4/359	37/10096	0.0412594789233326	0.0412594789233326	0.791111818674828	IL4R/IRF1/JAK3/SOCS1	4
GO:0031342	BP	GO:0031342	negative regulation of cell killing	3/359	22/10096	0.0416148297815163	0.0416148297815163	0.791111818674828	CEACAM1/CRK/GFER	3
GO:0045777	BP	GO:0045777	positive regulation of blood pressure	3/359	22/10096	0.0416148297815163	0.0416148297815163	0.791111818674828	ADRA1B/ADRA1D/CNR1	3
GO:0044057	BP	GO:0044057	regulation of system process	18/359	325/10096	0.0417552735120112	0.0417552735120112	0.791111818674828	ABCC8/ADRA1B/ADRA1D/CALCRL/EHD3/FGF12/GAL/GJA1/GTF2IRD1/HGF/HOPX/LMCD1/MECP2/MGLL/NEUROD1/OPRD1/PTK2B/SMAD4	18
GO:0001959	BP	GO:0001959	regulation of cytokine-mediated signaling pathway	8/359	110/10096	0.0420390676222087	0.0420390676222087	0.791111818674828	CARD16/IKBKE/NR1H4/PIAS4/SOCS1/TRAF2/USP27X/ZNF675	8
GO:0061333	BP	GO:0061333	renal tubule morphogenesis	5/359	54/10096	0.0421687047366544	0.0421687047366544	0.791111818674828	CTNNB1/MAGED1/SMAD4/SOX9/VEGFA	5
GO:0072088	BP	GO:0072088	nephron epithelium morphogenesis	5/359	54/10096	0.0421687047366544	0.0421687047366544	0.791111818674828	CTNNB1/MAGED1/SMAD4/SOX9/VEGFA	5
GO:1903035	BP	GO:1903035	negative regulation of response to wounding	5/359	54/10096	0.0421687047366544	0.0421687047366544	0.791111818674828	ABCC8/CEACAM1/CRK/THBD/UBASH3B	5
GO:0043393	BP	GO:0043393	regulation of protein binding	10/359	151/10096	0.042921213295784	0.042921213295784	0.791111818674828	ADD2/CAMK1/CARD16/CRK/CSNK1E/HOPX/PEX14/PSEN1/SNAPIN/UBASH3B	10
GO:0043122	BP	GO:0043122	regulation of I-kappaB kinase/NF-kappaB signaling	12/359	194/10096	0.0441243128222511	0.0441243128222511	0.791111818674828	CARD16/CTNNB1/GJA1/GOLT1B/IKBKE/MAP3K7/NR1H4/RBCK1/SHISA5/SLC44A2/TMED4/TRAF2	12
GO:0018209	BP	GO:0018209	peptidyl-serine modification	14/359	238/10096	0.0447899435779593	0.0447899435779593	0.791111818674828	ARAF/CAMK1/CDC7/CDK1/CSNK1E/DCN/HGF/IKBKE/MAPK9/MAPKAPK2/OPRD1/STK38L/TLK2/VEGFA	14
GO:0007498	BP	GO:0007498	mesoderm development	7/359	92/10096	0.0451366027694539	0.0451366027694539	0.791111818674828	FOXH1/GJA1/GPI/SMAD4/TBX6/VEGFA/ZIC3	7
GO:0019752	BP	GO:0019752	carboxylic acid metabolic process	24/359	468/10096	0.0453064394518523	0.0453064394518523	0.791111818674828	AASDHPPT/AKR1C3/ALDH18A1/BPGM/CEACAM1/CES2/CNR1/DBT/FARSB/GART/GPI/GPX4/MAPKAPK2/MCAT/MECP2/MGLL/MTHFD1/NR1H4/PLA2G4A/PRMT3/PSEN1/SOX9/UGT2B17/WDTC1	24
GO:0032868	BP	GO:0032868	response to insulin	12/359	195/10096	0.0455826140639351	0.0455826140639351	0.791111818674828	ABCC8/ALPL/CEACAM1/GAL/KLF15/MYO1C/NDEL1/NR1H4/SLC2A4/SOCS1/SORBS1/WDTC1	12
GO:0044283	BP	GO:0044283	small molecule biosynthetic process	17/359	306/10096	0.0458565889155516	0.0458565889155516	0.791111818674828	AASDHPPT/AKR1C3/ALDH18A1/CEACAM1/COQ5/DKKL1/GPI/GPX4/IP6K2/MCAT/MGLL/MTHFD1/NR1H4/PLA2G4A/PRMT3/PTK2B/WDTC1	17
GO:0010971	BP	GO:0010971	positive regulation of G2/M transition of mitotic cell cycle	3/359	23/10096	0.0466352184041909	0.0466352184041909	0.791111818674828	CDC7/CDK1/MECP2	3
GO:0038095	BP	GO:0038095	Fc-epsilon receptor signaling pathway	3/359	23/10096	0.0466352184041909	0.0466352184041909	0.791111818674828	MAP3K1/MAP3K7/MAPK9	3
GO:1901031	BP	GO:1901031	regulation of response to reactive oxygen species	3/359	23/10096	0.0466352184041909	0.0466352184041909	0.791111818674828	DDR2/HGF/PDE8A	3
GO:0002834	BP	GO:0002834	regulation of response to tumor cell	2/359	10/10096	0.0469793436883146	0.0469793436883146	0.791111818674828	CEACAM1/DAPK1	2
GO:0003188	BP	GO:0003188	heart valve formation	2/359	10/10096	0.0469793436883146	0.0469793436883146	0.791111818674828	SMAD4/SOX9	2
GO:0010460	BP	GO:0010460	positive regulation of heart rate	2/359	10/10096	0.0469793436883146	0.0469793436883146	0.791111818674828	ADRA1B/ADRA1D	2
GO:0010744	BP	GO:0010744	positive regulation of macrophage derived foam cell differentiation	2/359	10/10096	0.0469793436883146	0.0469793436883146	0.791111818674828	MAPK9/MSR1	2
GO:0015919	BP	GO:0015919	peroxisomal membrane transport	2/359	10/10096	0.0469793436883146	0.0469793436883146	0.791111818674828	PEX14/PEX3	2
GO:0016264	BP	GO:0016264	gap junction assembly	2/359	10/10096	0.0469793436883146	0.0469793436883146	0.791111818674828	GJA1/HOPX	2
GO:0033617	BP	GO:0033617	mitochondrial cytochrome c oxidase assembly	2/359	10/10096	0.0469793436883146	0.0469793436883146	0.791111818674828	SCO1/SCO2	2
GO:0038065	BP	GO:0038065	collagen-activated signaling pathway	2/359	10/10096	0.0469793436883146	0.0469793436883146	0.791111818674828	DDR2/UBASH3B	2
GO:0046322	BP	GO:0046322	negative regulation of fatty acid oxidation	2/359	10/10096	0.0469793436883146	0.0469793436883146	0.791111818674828	CNR1/SOX9	2
GO:0060767	BP	GO:0060767	epithelial cell proliferation involved in prostate gland development	2/359	10/10096	0.0469793436883146	0.0469793436883146	0.791111818674828	CTNNB1/SOX9	2
GO:0060788	BP	GO:0060788	ectodermal placode formation	2/359	10/10096	0.0469793436883146	0.0469793436883146	0.791111818674828	CTNNB1/NRG3	2
GO:0070572	BP	GO:0070572	positive regulation of neuron projection regeneration	2/359	10/10096	0.0469793436883146	0.0469793436883146	0.791111818674828	HGF/NDEL1	2
GO:0071697	BP	GO:0071697	ectodermal placode morphogenesis	2/359	10/10096	0.0469793436883146	0.0469793436883146	0.791111818674828	CTNNB1/NRG3	2
GO:0097400	BP	GO:0097400	interleukin-17-mediated signaling pathway	2/359	10/10096	0.0469793436883146	0.0469793436883146	0.791111818674828	IKBKE/TRAF2	2
GO:1901298	BP	GO:1901298	regulation of hydrogen peroxide-mediated programmed cell death	2/359	10/10096	0.0469793436883146	0.0469793436883146	0.791111818674828	DDR2/HGF	2
GO:2000027	BP	GO:2000027	regulation of animal organ morphogenesis	7/359	93/10096	0.0473908251679883	0.0473908251679883	0.791111818674828	CTNNB1/HGF/MAGED1/PAX9/SOX9/VANGL2/VEGFA	7
GO:0007254	BP	GO:0007254	JNK cascade	9/359	133/10096	0.0474662617771427	0.0474662617771427	0.791111818674828	CRK/FLT4/MAP3K7/MAPK9/MECOM/PTK2B/TRAF2/TRIB1/ZNF675	9
GO:0045055	BP	GO:0045055	regulated exocytosis	10/359	154/10096	0.0479652532440421	0.0479652532440421	0.791111818674828	ARL8B/CEACAM1/CHRNA5/CNR1/CPLX1/IL4R/KLRC2/PSEN1/SNAPIN/SYNGR1	10
GO:0099504	BP	GO:0099504	synaptic vesicle cycle	8/359	113/10096	0.0479949307481943	0.0479949307481943	0.791111818674828	CHRNA5/CNR1/CPLX1/CTNNB1/NOSTRIN/PSEN1/SLC2A4/SNAPIN	8
GO:0003151	BP	GO:0003151	outflow tract morphogenesis	5/359	56/10096	0.0481305695013553	0.0481305695013553	0.791111818674828	CTNNB1/FOXH1/SMAD4/SMAD6/VEGFA	5
GO:0072028	BP	GO:0072028	nephron morphogenesis	5/359	56/10096	0.0481305695013553	0.0481305695013553	0.791111818674828	CTNNB1/MAGED1/SMAD4/SOX9/VEGFA	5
GO:0002707	BP	GO:0002707	negative regulation of lymphocyte mediated immunity	4/359	39/10096	0.048650870576094	0.048650870576094	0.791111818674828	CEACAM1/CRK/GFER/SUSD4	4
GO:0070542	BP	GO:0070542	response to fatty acid	4/359	39/10096	0.048650870576094	0.048650870576094	0.791111818674828	AKR1C3/MBP/NR1H4/SOX9	4
GO:0032418	BP	GO:0032418	lysosome localization	5/359	57/10096	0.051288952485027	0.051288952485027	0.791111818674828	ARL8B/HPS6/IL4R/NDEL1/SNAPIN	5
GO:1990849	BP	GO:1990849	vacuolar localization	5/359	57/10096	0.051288952485027	0.051288952485027	0.791111818674828	ARL8B/HPS6/IL4R/NDEL1/SNAPIN	5
GO:1901652	BP	GO:1901652	response to peptide	19/359	357/10096	0.0518178873240241	0.0518178873240241	0.791111818674828	ABCC8/ALPL/CEACAM1/CRK/DDR2/GAL/GFER/GJA1/JAK3/KLF15/MYO1C/NDEL1/NR1H4/PPP1R9B/PSEN1/SLC2A4/SOCS1/SORBS1/WDTC1	19
GO:0002220	BP	GO:0002220	innate immune response activating cell surface receptor signaling pathway	3/359	24/10096	0.0519394105334102	0.0519394105334102	0.791111818674828	FCN2/KLRC2/MAP3K7	3
GO:0006692	BP	GO:0006692	prostanoid metabolic process	3/359	24/10096	0.0519394105334102	0.0519394105334102	0.791111818674828	AKR1C3/CES2/PLA2G4A	3
GO:0006693	BP	GO:0006693	prostaglandin metabolic process	3/359	24/10096	0.0519394105334102	0.0519394105334102	0.791111818674828	AKR1C3/CES2/PLA2G4A	3
GO:0021955	BP	GO:0021955	central nervous system neuron axonogenesis	3/359	24/10096	0.0519394105334102	0.0519394105334102	0.791111818674828	ADARB1/EPHB6/NDEL1	3
GO:0034381	BP	GO:0034381	plasma lipoprotein particle clearance	3/359	24/10096	0.0519394105334102	0.0519394105334102	0.791111818674828	ABCC8/MSR1/NR1H4	3
GO:0036474	BP	GO:0036474	cell death in response to hydrogen peroxide	3/359	24/10096	0.0519394105334102	0.0519394105334102	0.791111818674828	DDR2/HGF/PDE8A	3
GO:0050919	BP	GO:0050919	negative chemotaxis	3/359	24/10096	0.0519394105334102	0.0519394105334102	0.791111818674828	FLRT3/LGR6/NRG3	3
GO:0060765	BP	GO:0060765	regulation of androgen receptor signaling pathway	3/359	24/10096	0.0519394105334102	0.0519394105334102	0.791111818674828	FOXH1/PRMT2/RNF6	3
GO:0048010	BP	GO:0048010	vascular endothelial growth factor receptor signaling pathway	4/359	40/10096	0.0526026230502929	0.0526026230502929	0.791111818674828	FLT4/MAPKAPK2/PTK2B/VEGFA	4
GO:0007507	BP	GO:0007507	heart development	20/359	381/10096	0.0526452870257753	0.0526452870257753	0.791111818674828	CALCRL/CCM2/CDK1/CHD7/CTNNB1/FGF12/FLRT3/FOXH1/GJA1/HOPX/LDB3/MTHFD1/PSEN1/SMAD4/SMAD6/SOX9/TBX6/VANGL2/VEGFA/ZIC3	20
GO:0016049	BP	GO:0016049	cell growth	17/359	312/10096	0.0532291828336114	0.0532291828336114	0.791111818674828	CEACAM1/CTNNB1/DCBLD2/EXTL3/FLRT3/GJA1/GNG4/IP6K2/NDEL1/NRG3/PPP1R9B/PRMT2/PTK2B/RNF6/SMAD4/SOX9/VEGFA	17
GO:0007249	BP	GO:0007249	I-kappaB kinase/NF-kappaB signaling	13/359	222/10096	0.0534401910948206	0.0534401910948206	0.791111818674828	CARD16/CTNNB1/GJA1/GOLT1B/IKBKE/MAP3K7/NR1H4/RBCK1/SHISA5/SLC44A2/TMED4/TRAF2/ZNF675	13
GO:0045088	BP	GO:0045088	regulation of innate immune response	11/359	179/10096	0.0545533998414852	0.0545533998414852	0.791111818674828	CEACAM1/CRK/FCN2/GFER/IKBKE/IRF1/KLRC2/MAP3K7/SOCS1/SUSD4/USP27X	11
GO:0006766	BP	GO:0006766	vitamin metabolic process	5/359	58/10096	0.0545659261259805	0.0545659261259805	0.791111818674828	AASDHPPT/AKR1C3/ALPL/PIAS4/PRMT3	5
GO:0043154	BP	GO:0043154	negative regulation of cysteine-type endopeptidase activity involved in apoptotic process	5/359	58/10096	0.0545659261259805	0.0545659261259805	0.791111818674828	BIRC5/CARD16/GPI/HGF/VEGFA	5
GO:0050770	BP	GO:0050770	regulation of axonogenesis	7/359	96/10096	0.0545792427168615	0.0545792427168615	0.791111818674828	MBP/NDEL1/PLXNB2/PSEN1/RNF6/SKIL/VEGFA	7
GO:0000302	BP	GO:0000302	response to reactive oxygen species	9/359	137/10096	0.0553708583377999	0.0553708583377999	0.791111818674828	AKR1C3/CDK1/CRK/DDR2/HGF/MAPK9/PDE8A/PTK2B/ROMO1	9
GO:0043433	BP	GO:0043433	negative regulation of DNA-binding transcription factor activity	9/359	137/10096	0.0553708583377999	0.0553708583377999	0.791111818674828	FOXH1/NR1H4/PEX14/PIAS4/PRMT2/RBCK1/TBX6/TRIB1/ZNF675	9
GO:0050907	BP	GO:0050907	detection of chemical stimulus involved in sensory perception	19/359	360/10096	0.0554483036910446	0.0554483036910446	0.791111818674828	OR10AD1/OR13C4/OR13C5/OR13G1/OR14A16/OR14C36/OR14J1/OR1L1/OR2C1/OR2T35/OR2T6/OR2V2/OR4C13/OR4C16/OR4K2/OR51B5/OR52A1/OR8B3/OR8H2	19
GO:0006167	BP	GO:0006167	AMP biosynthetic process	2/359	11/10096	0.0560978103525878	0.0560978103525878	0.791111818674828	ADSL/GART	2
GO:0007175	BP	GO:0007175	negative regulation of epidermal growth factor-activated receptor activity	2/359	11/10096	0.0560978103525878	0.0560978103525878	0.791111818674828	PSEN1/ZFYVE28	2
GO:0007183	BP	GO:0007183	SMAD protein complex assembly	2/359	11/10096	0.0560978103525878	0.0560978103525878	0.791111818674828	SMAD4/SMAD6	2
GO:0008535	BP	GO:0008535	respiratory chain complex IV assembly	2/359	11/10096	0.0560978103525878	0.0560978103525878	0.791111818674828	SCO1/SCO2	2
GO:0009950	BP	GO:0009950	dorsal/ventral axis specification	2/359	11/10096	0.0560978103525878	0.0560978103525878	0.791111818674828	CTNNB1/SMAD6	2
GO:0014029	BP	GO:0014029	neural crest formation	2/359	11/10096	0.0560978103525878	0.0560978103525878	0.791111818674828	POLR1B/SOX9	2
GO:0030277	BP	GO:0030277	maintenance of gastrointestinal epithelium	2/359	11/10096	0.0560978103525878	0.0560978103525878	0.791111818674828	NEUROD1/SOX9	2
GO:0030502	BP	GO:0030502	negative regulation of bone mineralization	2/359	11/10096	0.0560978103525878	0.0560978103525878	0.791111818674828	PTK2B/SOX9	2
GO:0031629	BP	GO:0031629	synaptic vesicle fusion to presynaptic active zone membrane	2/359	11/10096	0.0560978103525878	0.0560978103525878	0.791111818674828	CPLX1/SNAPIN	2
GO:0031665	BP	GO:0031665	negative regulation of lipopolysaccharide-mediated signaling pathway	2/359	11/10096	0.0560978103525878	0.0560978103525878	0.791111818674828	CARD16/TRIB1	2
GO:0032351	BP	GO:0032351	negative regulation of hormone metabolic process	2/359	11/10096	0.0560978103525878	0.0560978103525878	0.791111818674828	AKR1C3/PRMT3	2
GO:0033194	BP	GO:0033194	response to hydroperoxide	2/359	11/10096	0.0560978103525878	0.0560978103525878	0.791111818674828	DAPK1/XRCC1	2
GO:0036302	BP	GO:0036302	atrioventricular canal development	2/359	11/10096	0.0560978103525878	0.0560978103525878	0.791111818674828	CHD7/SMAD4	2
GO:0043574	BP	GO:0043574	peroxisomal transport	2/359	11/10096	0.0560978103525878	0.0560978103525878	0.791111818674828	PEX14/PEX3	2
GO:0043584	BP	GO:0043584	nose development	2/359	11/10096	0.0560978103525878	0.0560978103525878	0.791111818674828	CHD7/DLX5	2
GO:0045779	BP	GO:0045779	negative regulation of bone resorption	2/359	11/10096	0.0560978103525878	0.0560978103525878	0.791111818674828	CLDN18/UBASH3B	2
GO:0048875	BP	GO:0048875	chemical homeostasis within a tissue	2/359	11/10096	0.0560978103525878	0.0560978103525878	0.791111818674828	ITGB6/VEGFA	2
GO:0071696	BP	GO:0071696	ectodermal placode development	2/359	11/10096	0.0560978103525878	0.0560978103525878	0.791111818674828	CTNNB1/NRG3	2
GO:0071732	BP	GO:0071732	cellular response to nitric oxide	2/359	11/10096	0.0560978103525878	0.0560978103525878	0.791111818674828	CRK/TRAF2	2
GO:0097494	BP	GO:0097494	regulation of vesicle size	2/359	11/10096	0.0560978103525878	0.0560978103525878	0.791111818674828	RIN3/SNAPIN	2
GO:0099500	BP	GO:0099500	vesicle fusion to plasma membrane	2/359	11/10096	0.0560978103525878	0.0560978103525878	0.791111818674828	CPLX1/SNAPIN	2
GO:1904948	BP	GO:1904948	midbrain dopaminergic neuron differentiation	2/359	11/10096	0.0560978103525878	0.0560978103525878	0.791111818674828	CSNK1E/CTNNB1	2
GO:2001214	BP	GO:2001214	positive regulation of vasculogenesis	2/359	11/10096	0.0560978103525878	0.0560978103525878	0.791111818674828	ASB4/CEACAM1	2
GO:0046686	BP	GO:0046686	response to cadmium ion	4/359	41/10096	0.0567239706122922	0.0567239706122922	0.791111818674828	AKR1C3/CDK1/GPI/MAPK9	4
GO:0001764	BP	GO:0001764	neuron migration	8/359	117/10096	0.0567543480807888	0.0567543480807888	0.791111818674828	CRK/CTNNB1/NDEL1/NRG3/PHACTR1/PLXNB2/PSEN1/VEGFA	8
GO:0008360	BP	GO:0008360	regulation of cell shape	7/359	97/10096	0.0571186165740927	0.0571186165740927	0.791111818674828	CCL13/CRK/ITGA7/MYO10/PLXNB2/PTK2B/VEGFA	7
GO:0007606	BP	GO:0007606	sensory perception of chemical stimulus	20/359	385/10096	0.0574154148447271	0.0574154148447271	0.791111818674828	OMP/OR10AD1/OR13C4/OR13C5/OR13G1/OR14A16/OR14C36/OR14J1/OR1L1/OR2C1/OR2T35/OR2T6/OR2V2/OR4C13/OR4C16/OR4K2/OR51B5/OR52A1/OR8B3/OR8H2	20
GO:0043436	BP	GO:0043436	oxoacid metabolic process	24/359	480/10096	0.0574293481243491	0.0574293481243491	0.791111818674828	AASDHPPT/AKR1C3/ALDH18A1/BPGM/CEACAM1/CES2/CNR1/DBT/FARSB/GART/GPI/GPX4/MAPKAPK2/MCAT/MECP2/MGLL/MTHFD1/NR1H4/PLA2G4A/PRMT3/PSEN1/SOX9/UGT2B17/WDTC1	24
GO:0002758	BP	GO:0002758	innate immune response-activating signal transduction	3/359	25/10096	0.0575212789781529	0.0575212789781529	0.791111818674828	FCN2/KLRC2/MAP3K7	3
GO:0021772	BP	GO:0021772	olfactory bulb development	3/359	25/10096	0.0575212789781529	0.0575212789781529	0.791111818674828	CHD7/DLX5/ZIC3	3
GO:0021988	BP	GO:0021988	olfactory lobe development	3/359	25/10096	0.0575212789781529	0.0575212789781529	0.791111818674828	CHD7/DLX5/ZIC3	3
GO:0042181	BP	GO:0042181	ketone biosynthetic process	3/359	25/10096	0.0575212789781529	0.0575212789781529	0.791111818674828	AKR1C3/COQ5/DKKL1	3
GO:0044060	BP	GO:0044060	regulation of endocrine process	3/359	25/10096	0.0575212789781529	0.0575212789781529	0.791111818674828	GAL/GJA1/SMAD4	3
GO:0046639	BP	GO:0046639	negative regulation of alpha-beta T cell differentiation	3/359	25/10096	0.0575212789781529	0.0575212789781529	0.791111818674828	IL4R/JAK3/SOCS1	3
GO:0048489	BP	GO:0048489	synaptic vesicle transport	3/359	25/10096	0.0575212789781529	0.0575212789781529	0.791111818674828	CTNNB1/SLC2A4/SNAPIN	3
GO:0090183	BP	GO:0090183	regulation of kidney development	3/359	25/10096	0.0575212789781529	0.0575212789781529	0.791111818674828	MAGED1/SOX9/VEGFA	3
GO:0001570	BP	GO:0001570	vasculogenesis	5/359	59/10096	0.0579615124144944	0.0579615124144944	0.791111818674828	ASB4/CCM2/CEACAM1/CTNNB1/VEGFA	5
GO:0002009	BP	GO:0002009	morphogenesis of an epithelium	19/359	362/10096	0.0579659415175808	0.0579659415175808	0.791111818674828	CCM2/CEACAM1/CTNNB1/FLRT3/FOXH1/FOXQ1/GJA1/HGF/KRT10/MAGED1/MTHFD1/PLXNB2/PSEN1/SMAD4/SOX9/TBX6/VANGL2/VEGFA/ZIC3	19
GO:0042060	BP	GO:0042060	wound healing	16/359	293/10096	0.0585753747625188	0.0585753747625188	0.791111818674828	ABCC8/ARL8B/CEACAM1/CRK/DCBLD2/DDR2/DGKD/DGKK/HPS6/ITGB6/PLA2G4A/SMAD4/THBD/TREML1/UBASH3B/VEGFA	16
GO:0007173	BP	GO:0007173	epidermal growth factor receptor signaling pathway	6/359	78/10096	0.0586611707431532	0.0586611707431532	0.791111818674828	CEACAM1/DGKD/PSEN1/PTK2B/SOX9/ZFYVE28	6
GO:0060759	BP	GO:0060759	regulation of response to cytokine stimulus	8/359	118/10096	0.0590927979367071	0.0590927979367071	0.791111818674828	CARD16/IKBKE/NR1H4/PIAS4/SOCS1/TRAF2/USP27X/ZNF675	8
GO:0060284	BP	GO:0060284	regulation of cell development	19/359	363/10096	0.0592543285637465	0.0592543285637465	0.791111818674828	ABCC8/CHD7/CLDN18/CORO1C/CRK/CTNNB1/DPYSL5/MBP/MECP2/MYF6/NDEL1/PLXNB2/PSEN1/RNF6/SKIL/SMAD4/TBX6/TRIB1/VEGFA	19
GO:0006082	BP	GO:0006082	organic acid metabolic process	24/359	483/10096	0.0607910535368006	0.0607910535368006	0.791111818674828	AASDHPPT/AKR1C3/ALDH18A1/BPGM/CEACAM1/CES2/CNR1/DBT/FARSB/GART/GPI/GPX4/MAPKAPK2/MCAT/MECP2/MGLL/MTHFD1/NR1H4/PLA2G4A/PRMT3/PSEN1/SOX9/UGT2B17/WDTC1	24
GO:0022029	BP	GO:0022029	telencephalon cell migration	4/359	42/10096	0.0610136927338003	0.0610136927338003	0.791111818674828	CTNNB1/NDEL1/NRG3/PSEN1	4
GO:0048255	BP	GO:0048255	mRNA stabilization	4/359	42/10096	0.0610136927338003	0.0610136927338003	0.791111818674828	IKBKE/LARP4B/MAPKAPK2/TRAF2	4
GO:2001259	BP	GO:2001259	positive regulation of cation channel activity	4/359	42/10096	0.0610136927338003	0.0610136927338003	0.791111818674828	ABCC8/EHD3/GAL/LRRC26	4
GO:1903201	BP	GO:1903201	regulation of oxidative stress-induced cell death	5/359	60/10096	0.0614755799280925	0.0614755799280925	0.791111818674828	CTNNB1/DDR2/GFER/HGF/PDE8A	5
GO:0046890	BP	GO:0046890	regulation of lipid biosynthetic process	8/359	119/10096	0.0614912694370936	0.0614912694370936	0.791111818674828	AKR1C3/ASXL3/CEACAM1/DKKL1/NR1H4/PRMT3/SORBS1/WDTC1	8
GO:0009799	BP	GO:0009799	specification of symmetry	6/359	79/10096	0.0616772909406709	0.0616772909406709	0.791111818674828	CTNNB1/FOXH1/PSEN1/TBX6/VANGL2/ZIC3	6
GO:0009855	BP	GO:0009855	determination of bilateral symmetry	6/359	79/10096	0.0616772909406709	0.0616772909406709	0.791111818674828	CTNNB1/FOXH1/PSEN1/TBX6/VANGL2/ZIC3	6
GO:0002819	BP	GO:0002819	regulation of adaptive immune response	9/359	140/10096	0.0618298789298082	0.0618298789298082	0.791111818674828	CEACAM1/IL1RL1/IL4R/IRF1/JAK3/MAP3K7/PLA2G4A/SUSD4/TRAF2	9
GO:2001257	BP	GO:2001257	regulation of cation channel activity	7/359	99/10096	0.0624140248164897	0.0624140248164897	0.791111818674828	ABCC8/DAPK1/EHD3/FGF12/GAL/LRRC26/PTK2B	7
GO:0002573	BP	GO:0002573	myeloid leukocyte differentiation	10/359	162/10096	0.0633173776546366	0.0633173776546366	0.791111818674828	CEACAM1/CLDN18/CTNNB1/ITGB6/PSEN1/SOCS1/TRIB1/UBASH3B/VEGFA/ZNF675	10
GO:0032692	BP	GO:0032692	negative regulation of interleukin-1 production	3/359	26/10096	0.0633740559940223	0.0633740559940223	0.791111818674828	CARD16/CEACAM1/NR1H4	3
GO:1901381	BP	GO:1901381	positive regulation of potassium ion transmembrane transport	3/359	26/10096	0.0633740559940223	0.0633740559940223	0.791111818674828	ABCC8/GAL/LRRC26	3
GO:1902751	BP	GO:1902751	positive regulation of cell cycle G2/M phase transition	3/359	26/10096	0.0633740559940223	0.0633740559940223	0.791111818674828	CDC7/CDK1/MECP2	3
GO:0006575	BP	GO:0006575	cellular modified amino acid metabolic process	6/359	80/10096	0.064783733045196	0.064783733045196	0.791111818674828	AASDHPPT/GART/GPX4/MTHFD1/OSBPL10/TG	6
GO:0019216	BP	GO:0019216	regulation of lipid metabolic process	13/359	229/10096	0.0650942102127827	0.0650942102127827	0.791111818674828	AGAP2/AKR1C3/ASXL3/CEACAM1/CNR1/DKKL1/GAL/NR1H4/PRMT3/PTK2B/SORBS1/SOX9/WDTC1	13
GO:0010632	BP	GO:0010632	regulation of epithelial cell migration	10/359	163/10096	0.065435780830249	0.065435780830249	0.791111818674828	CAPN7/CEACAM1/CORO1C/DCN/FLT4/GPI/MECP2/PTK2B/SOX9/VEGFA	10
GO:0030490	BP	GO:0030490	maturation of SSU-rRNA	4/359	43/10096	0.065470274943645	0.065470274943645	0.791111818674828	DDX52/GTF2H5/HEATR1/UTP3	4
GO:0002371	BP	GO:0002371	dendritic cell cytokine production	2/359	12/10096	0.0657730595425784	0.0657730595425784	0.791111818674828	JAK3/SLAMF9	2
GO:0003222	BP	GO:0003222	ventricular trabecula myocardium morphogenesis	2/359	12/10096	0.0657730595425784	0.0657730595425784	0.791111818674828	CHD7/FOXH1	2
GO:0010421	BP	GO:0010421	hydrogen peroxide-mediated programmed cell death	2/359	12/10096	0.0657730595425784	0.0657730595425784	0.791111818674828	DDR2/HGF	2
GO:0010984	BP	GO:0010984	regulation of lipoprotein particle clearance	2/359	12/10096	0.0657730595425784	0.0657730595425784	0.791111818674828	ABCC8/NR1H4	2
GO:0015012	BP	GO:0015012	heparan sulfate proteoglycan biosynthetic process	2/359	12/10096	0.0657730595425784	0.0657730595425784	0.791111818674828	CTNNB1/EXTL3	2
GO:0015671	BP	GO:0015671	oxygen transport	2/359	12/10096	0.0657730595425784	0.0657730595425784	0.791111818674828	BPGM/HBQ1	2
GO:0043011	BP	GO:0043011	myeloid dendritic cell differentiation	2/359	12/10096	0.0657730595425784	0.0657730595425784	0.791111818674828	ITGB6/PSEN1	2
GO:0046040	BP	GO:0046040	IMP metabolic process	2/359	12/10096	0.0657730595425784	0.0657730595425784	0.791111818674828	ADSL/GART	2
GO:0050884	BP	GO:0050884	neuromuscular process controlling posture	2/359	12/10096	0.0657730595425784	0.0657730595425784	0.791111818674828	ADARB1/MECP2	2
GO:0051290	BP	GO:0051290	protein heterotetramerization	2/359	12/10096	0.0657730595425784	0.0657730595425784	0.791111818674828	FARSB/KRT10	2
GO:0060841	BP	GO:0060841	venous blood vessel development	2/359	12/10096	0.0657730595425784	0.0657730595425784	0.791111818674828	CCM2/VEGFA	2
GO:0071236	BP	GO:0071236	cellular response to antibiotic	2/359	12/10096	0.0657730595425784	0.0657730595425784	0.791111818674828	GFER/PLA2G4A	2
GO:0097468	BP	GO:0097468	programmed cell death in response to reactive oxygen species	2/359	12/10096	0.0657730595425784	0.0657730595425784	0.791111818674828	DDR2/HGF	2
GO:1900746	BP	GO:1900746	regulation of vascular endothelial growth factor signaling pathway	2/359	12/10096	0.0657730595425784	0.0657730595425784	0.791111818674828	DCN/MYO1C	2
GO:0120039	BP	GO:0120039	plasma membrane bounded cell projection morphogenesis	21/359	416/10096	0.0667676013446081	0.0667676013446081	0.791111818674828	ADARB1/CORO1C/CTNNB1/DLX5/DPYSL5/EPHB6/FLRT3/KNDC1/LGR6/MBP/MYO9B/NDEL1/NEK3/PHACTR1/PLXNB2/PRMT3/PSEN1/RNF6/SKIL/SMAD4/VEGFA	21
GO:0051129	BP	GO:0051129	negative regulation of cellular component organization	22/359	440/10096	0.0668848032721928	0.0668848032721928	0.791111818674828	ADD2/BIRC5/CORO1C/DPYSL5/HGF/LRSAM1/MBP/NR1H4/OPRD1/PHF8/PSEN1/RIN3/RNF6/SMAD4/SMAD6/SNAPIN/SOX9/TBX6/TERF1/VEGFA/XRCC1/ZWILCH	22
GO:0018105	BP	GO:0018105	peptidyl-serine phosphorylation	13/359	230/10096	0.0668865573056757	0.0668865573056757	0.791111818674828	ARAF/CAMK1/CDC7/CDK1/CSNK1E/HGF/IKBKE/MAPK9/MAPKAPK2/OPRD1/STK38L/TLK2/VEGFA	13
GO:0030168	BP	GO:0030168	platelet activation	7/359	101/10096	0.0679996034865467	0.0679996034865467	0.791111818674828	CEACAM1/DGKD/DGKK/PLA2G4A/THBD/TREML1/UBASH3B	7
GO:0034614	BP	GO:0034614	cellular response to reactive oxygen species	7/359	101/10096	0.0679996034865467	0.0679996034865467	0.791111818674828	AKR1C3/CDK1/DDR2/HGF/MAPK9/PDE8A/ROMO1	7
GO:0060541	BP	GO:0060541	respiratory system development	9/359	143/10096	0.0687513571364824	0.0687513571364824	0.791111818674828	CHD7/CTNNB1/DLX5/FLT4/HOPX/ITGB6/SOX9/VEGFA/ZIC3	9
GO:0043488	BP	GO:0043488	regulation of mRNA stability	8/359	122/10096	0.0690489179070379	0.0690489179070379	0.791111818674828	DCP1B/EXOSC8/FASTKD5/IKBKE/LARP4B/MAPKAPK2/POLR2D/TRAF2	8
GO:0048858	BP	GO:0048858	cell projection morphogenesis	21/359	418/10096	0.0694539061866769	0.0694539061866769	0.791111818674828	ADARB1/CORO1C/CTNNB1/DLX5/DPYSL5/EPHB6/FLRT3/KNDC1/LGR6/MBP/MYO9B/NDEL1/NEK3/PHACTR1/PLXNB2/PRMT3/PSEN1/RNF6/SKIL/SMAD4/VEGFA	21
GO:0003161	BP	GO:0003161	cardiac conduction system development	3/359	27/10096	0.0694904113988389	0.0694904113988389	0.791111818674828	GJA1/HOPX/SMAD4	3
GO:0045601	BP	GO:0045601	regulation of endothelial cell differentiation	3/359	27/10096	0.0694904113988389	0.0694904113988389	0.791111818674828	CEACAM1/CTNNB1/VEGFA	3
GO:0055010	BP	GO:0055010	ventricular cardiac muscle tissue morphogenesis	3/359	27/10096	0.0694904113988389	0.0694904113988389	0.791111818674828	CHD7/FOXH1/SMAD4	3
GO:0001541	BP	GO:0001541	ovarian follicle development	4/359	44/10096	0.0700919231423323	0.0700919231423323	0.791111818674828	FSHR/SMAD4/VEGFA/ZFY	4
GO:0016073	BP	GO:0016073	snRNA metabolic process	4/359	44/10096	0.0700919231423323	0.0700919231423323	0.791111818674828	EXOSC8/INTS2/INTS9/TOE1	4
GO:0045620	BP	GO:0045620	negative regulation of lymphocyte differentiation	4/359	44/10096	0.0700919231423323	0.0700919231423323	0.791111818674828	IL4R/IRF1/JAK3/SOCS1	4
GO:0050818	BP	GO:0050818	regulation of coagulation	4/359	44/10096	0.0700919231423323	0.0700919231423323	0.791111818674828	CEACAM1/PSEN1/THBD/UBASH3B	4
GO:0051145	BP	GO:0051145	smooth muscle cell differentiation	4/359	44/10096	0.0700919231423323	0.0700919231423323	0.791111818674828	CTNNB1/MECP2/SOX9/VEGFA	4
GO:0061041	BP	GO:0061041	regulation of wound healing	6/359	82/10096	0.0712674709646872	0.0712674709646872	0.791111818674828	ABCC8/CEACAM1/CRK/DDR2/THBD/UBASH3B	6
GO:0021766	BP	GO:0021766	hippocampus development	5/359	63/10096	0.0727251186701857	0.0727251186701857	0.791111818674828	CRK/NEUROD1/PPP1R9B/XRCC1/ZIC3	5
GO:1905114	BP	GO:1905114	cell surface receptor signaling pathway involved in cell-cell signaling	20/359	397/10096	0.0735306197107224	0.0735306197107224	0.791111818674828	BRD7/CHRNA5/CSNK1E/CTNNB1/DKKL1/DLX5/FRMD8/GABRE/GABRG2/GABRG3/JRK/KLF15/LGR6/MECP2/PIAS4/PSEN1/PTK2B/SOX9/TLE6/VANGL2	20
GO:0048871	BP	GO:0048871	multicellular organismal homeostasis	17/359	326/10096	0.0735715466444369	0.0735715466444369	0.791111818674828	ABCC8/ALPL/CLDN18/CNR1/CTNNB1/GJA1/IL4R/ITGB6/LCN2/LDB2/MBP/NEUROD1/PTK2B/SOX9/UBASH3B/VEGFA/ZNF675	17
GO:0035107	BP	GO:0035107	appendage morphogenesis	7/359	103/10096	0.0738761442299274	0.0738761442299274	0.791111818674828	CHD7/CTNNB1/DLX5/PSEN1/SMAD4/SOX9/ZIC3	7
GO:0035108	BP	GO:0035108	limb morphogenesis	7/359	103/10096	0.0738761442299274	0.0738761442299274	0.791111818674828	CHD7/CTNNB1/DLX5/PSEN1/SMAD4/SOX9/ZIC3	7
GO:0002832	BP	GO:0002832	negative regulation of response to biotic stimulus	6/359	83/10096	0.0746444998830681	0.0746444998830681	0.791111818674828	CARD16/CEACAM1/CRK/GFER/SUSD4/TRIB1	6
GO:0030534	BP	GO:0030534	adult behavior	6/359	83/10096	0.0746444998830681	0.0746444998830681	0.791111818674828	CHD7/CHRNA5/FGF12/GABRG2/MECP2/OPRD1	6
GO:0001960	BP	GO:0001960	negative regulation of cytokine-mediated signaling pathway	4/359	45/10096	0.0748765780432804	0.0748765780432804	0.791111818674828	CARD16/NR1H4/PIAS4/ZNF675	4
GO:0021885	BP	GO:0021885	forebrain cell migration	4/359	45/10096	0.0748765780432804	0.0748765780432804	0.791111818674828	CTNNB1/NDEL1/NRG3/PSEN1	4
GO:0038066	BP	GO:0038066	p38MAPK cascade	4/359	45/10096	0.0748765780432804	0.0748765780432804	0.791111818674828	HGF/MAP3K7/MAPKAPK2/VEGFA	4
GO:0043506	BP	GO:0043506	regulation of JUN kinase activity	4/359	45/10096	0.0748765780432804	0.0748765780432804	0.791111818674828	MAP3K7/PTK2B/TRAF2/ZNF675	4
GO:0032787	BP	GO:0032787	monocarboxylic acid metabolic process	17/359	327/10096	0.07519927368974	0.07519927368974	0.791111818674828	AASDHPPT/AKR1C3/BPGM/CEACAM1/CES2/CNR1/GPI/GPX4/MCAT/MGLL/NR1H4/PLA2G4A/PRMT3/PSEN1/SOX9/UGT2B17/WDTC1	17
GO:0030195	BP	GO:0030195	negative regulation of blood coagulation	3/359	28/10096	0.0758625250993794	0.0758625250993794	0.791111818674828	CEACAM1/THBD/UBASH3B	3
GO:0043372	BP	GO:0043372	positive regulation of CD4-positive, alpha-beta T cell differentiation	3/359	28/10096	0.0758625250993794	0.0758625250993794	0.791111818674828	CD83/IL4R/SOCS1	3
GO:0097479	BP	GO:0097479	synaptic vesicle localization	3/359	28/10096	0.0758625250993794	0.0758625250993794	0.791111818674828	CTNNB1/SLC2A4/SNAPIN	3
GO:2000272	BP	GO:2000272	negative regulation of signaling receptor activity	3/359	28/10096	0.0758625250993794	0.0758625250993794	0.791111818674828	DKKL1/PSEN1/ZFYVE28	3
GO:0006177	BP	GO:0006177	GMP biosynthetic process	2/359	13/10096	0.0759542086757909	0.0759542086757909	0.791111818674828	ADSL/GART	2
GO:0006878	BP	GO:0006878	cellular copper ion homeostasis	2/359	13/10096	0.0759542086757909	0.0759542086757909	0.791111818674828	SCO1/SCO2	2
GO:0009067	BP	GO:0009067	aspartate family amino acid biosynthetic process	2/359	13/10096	0.0759542086757909	0.0759542086757909	0.791111818674828	AASDHPPT/MTHFD1	2
GO:0010566	BP	GO:0010566	regulation of ketone biosynthetic process	2/359	13/10096	0.0759542086757909	0.0759542086757909	0.791111818674828	AKR1C3/DKKL1	2
GO:0010884	BP	GO:0010884	positive regulation of lipid storage	2/359	13/10096	0.0759542086757909	0.0759542086757909	0.791111818674828	IKBKE/MSR1	2
GO:0030852	BP	GO:0030852	regulation of granulocyte differentiation	2/359	13/10096	0.0759542086757909	0.0759542086757909	0.791111818674828	CEACAM1/TRIB1	2
GO:0032274	BP	GO:0032274	gonadotropin secretion	2/359	13/10096	0.0759542086757909	0.0759542086757909	0.791111818674828	GJA1/SMAD4	2
GO:0043374	BP	GO:0043374	CD8-positive, alpha-beta T cell differentiation	2/359	13/10096	0.0759542086757909	0.0759542086757909	0.791111818674828	IRF1/SOCS1	2
GO:0045717	BP	GO:0045717	negative regulation of fatty acid biosynthetic process	2/359	13/10096	0.0759542086757909	0.0759542086757909	0.791111818674828	CEACAM1/WDTC1	2
GO:0046851	BP	GO:0046851	negative regulation of bone remodeling	2/359	13/10096	0.0759542086757909	0.0759542086757909	0.791111818674828	CLDN18/UBASH3B	2
GO:0051797	BP	GO:0051797	regulation of hair follicle development	2/359	13/10096	0.0759542086757909	0.0759542086757909	0.791111818674828	GAL/SMAD4	2
GO:0060340	BP	GO:0060340	positive regulation of type I interferon-mediated signaling pathway	2/359	13/10096	0.0759542086757909	0.0759542086757909	0.791111818674828	IKBKE/USP27X	2
GO:0060438	BP	GO:0060438	trachea development	2/359	13/10096	0.0759542086757909	0.0759542086757909	0.791111818674828	CTNNB1/SOX9	2
GO:0061450	BP	GO:0061450	trophoblast cell migration	2/359	13/10096	0.0759542086757909	0.0759542086757909	0.791111818674828	GJA1/VEGFA	2
GO:0072077	BP	GO:0072077	renal vesicle morphogenesis	2/359	13/10096	0.0759542086757909	0.0759542086757909	0.791111818674828	CTNNB1/SOX9	2
GO:0072079	BP	GO:0072079	nephron tubule formation	2/359	13/10096	0.0759542086757909	0.0759542086757909	0.791111818674828	CTNNB1/SOX9	2
GO:0072087	BP	GO:0072087	renal vesicle development	2/359	13/10096	0.0759542086757909	0.0759542086757909	0.791111818674828	CTNNB1/SOX9	2
GO:0072520	BP	GO:0072520	seminiferous tubule development	2/359	13/10096	0.0759542086757909	0.0759542086757909	0.791111818674828	SMAD4/WDR48	2
GO:0120255	BP	GO:0120255	olefinic compound biosynthetic process	2/359	13/10096	0.0759542086757909	0.0759542086757909	0.791111818674828	AKR1C3/DKKL1	2
GO:1901163	BP	GO:1901163	regulation of trophoblast cell migration	2/359	13/10096	0.0759542086757909	0.0759542086757909	0.791111818674828	GJA1/VEGFA	2
GO:1902170	BP	GO:1902170	cellular response to reactive nitrogen species	2/359	13/10096	0.0759542086757909	0.0759542086757909	0.791111818674828	CRK/TRAF2	2
GO:2000232	BP	GO:2000232	regulation of rRNA processing	2/359	13/10096	0.0759542086757909	0.0759542086757909	0.791111818674828	HEATR1/WDR75	2
GO:0006402	BP	GO:0006402	mRNA catabolic process	10/359	168/10096	0.0767060673135725	0.0767060673135725	0.791111818674828	DCP1B/EXOSC8/FASTKD5/GSPT2/IKBKE/LARP4B/MAPKAPK2/POLR2D/TRAF2/ZHX2	10
GO:0042274	BP	GO:0042274	ribosomal small subunit biogenesis	5/359	64/10096	0.0767088381083372	0.0767088381083372	0.791111818674828	DDX52/GTF2H5/HEATR1/RPS15/UTP3	5
GO:0061053	BP	GO:0061053	somite development	5/359	64/10096	0.0767088381083372	0.0767088381083372	0.791111818674828	MTHFD1/MYF6/PSEN1/SMAD4/TBX6	5
GO:0032147	BP	GO:0032147	activation of protein kinase activity	7/359	104/10096	0.0769235374701514	0.0769235374701514	0.791111818674828	AGAP2/MAP3K7/NRG3/PTK2B/SOCS1/TRAF2/VEGFA	7
GO:0001906	BP	GO:0001906	cell killing	8/359	125/10096	0.0771528013401619	0.0771528013401619	0.791111818674828	ARL8B/CCL13/CEACAM1/CRK/GFER/KLRC2/ROMO1/ULBP1	8
GO:0031123	BP	GO:0031123	RNA 3'-end processing	6/359	84/10096	0.0781113189748891	0.0781113189748891	0.791111818674828	EXOSC8/INTS2/INTS9/POLR2D/SLBP/TOE1	6
GO:0045446	BP	GO:0045446	endothelial cell differentiation	6/359	84/10096	0.0781113189748891	0.0781113189748891	0.791111818674828	CCM2/CEACAM1/CTNNB1/RAPGEF1/SMAD4/VEGFA	6
GO:0072009	BP	GO:0072009	nephron epithelium development	6/359	84/10096	0.0781113189748891	0.0781113189748891	0.791111818674828	CTNNB1/KLF15/MAGED1/SMAD4/SOX9/VEGFA	6
GO:0009952	BP	GO:0009952	anterior/posterior pattern specification	10/359	169/10096	0.0790966364136566	0.0790966364136566	0.791111818674828	CTNNB1/FOXH1/HOXC5/HOXD4/MYF6/NEUROD1/PSEN1/SMAD4/TBX6/ZIC3	10
GO:0001676	BP	GO:0001676	long-chain fatty acid metabolic process	4/359	46/10096	0.0798219296699407	0.0798219296699407	0.791111818674828	AKR1C3/GPX4/MGLL/PLA2G4A	4
GO:0043370	BP	GO:0043370	regulation of CD4-positive, alpha-beta T cell differentiation	4/359	46/10096	0.0798219296699407	0.0798219296699407	0.791111818674828	CD83/IL4R/JAK3/SOCS1	4
GO:1903034	BP	GO:1903034	regulation of response to wounding	7/359	105/10096	0.0800435789798074	0.0800435789798074	0.791111818674828	ABCC8/CEACAM1/CRK/DDR2/NDEL1/THBD/UBASH3B	7
GO:0009798	BP	GO:0009798	axis specification	5/359	65/10096	0.0808081934217268	0.0808081934217268	0.791111818674828	CTNNB1/SMAD4/SMAD6/TBX6/ZIC3	5
GO:0016079	BP	GO:0016079	synaptic vesicle exocytosis	5/359	65/10096	0.0808081934217268	0.0808081934217268	0.791111818674828	CHRNA5/CNR1/CPLX1/PSEN1/SNAPIN	5
GO:0009611	BP	GO:0009611	response to wounding	19/359	378/10096	0.0810201496260793	0.0810201496260793	0.791111818674828	ABCC8/ARL8B/CDK1/CEACAM1/CRK/DCBLD2/DDR2/DGKD/DGKK/FLRT3/HPS6/ITGB6/NDEL1/PLA2G4A/SMAD4/THBD/TREML1/UBASH3B/VEGFA	19
GO:0050866	BP	GO:0050866	negative regulation of cell activation	9/359	148/10096	0.0813265240508741	0.0813265240508741	0.791111818674828	CEACAM1/CNR1/GAL/IL4R/IRF1/JAK3/SOCS1/THBD/UBASH3B	9
GO:1902105	BP	GO:1902105	regulation of leukocyte differentiation	13/359	238/10096	0.0823997807282378	0.0823997807282378	0.791111818674828	BRD7/CD83/CEACAM1/CLDN18/CTNNB1/IL4R/IRF1/JAK3/PHF10/SOCS1/TRIB1/UBASH3B/ZNF675	13
GO:0001974	BP	GO:0001974	blood vessel remodeling	3/359	29/10096	0.0824821543560882	0.0824821543560882	0.791111818674828	CEACAM1/CHD7/FLT4	3
GO:0045943	BP	GO:0045943	positive regulation of transcription by RNA polymerase I	3/359	29/10096	0.0824821543560882	0.0824821543560882	0.791111818674828	HEATR1/PHF8/WDR75	3
GO:1900047	BP	GO:1900047	negative regulation of hemostasis	3/359	29/10096	0.0824821543560882	0.0824821543560882	0.791111818674828	CEACAM1/THBD/UBASH3B	3
GO:0009792	BP	GO:0009792	embryo development ending in birth or egg hatching	24/359	500/10096	0.0824868825388142	0.0824868825388142	0.791111818674828	CCM2/CHD7/CTNNB1/GPI/HOPX/HOXC5/HOXD4/MTHFD1/MYF6/NDEL1/PLXNB2/POLR1B/PSEN1/SCO2/SKIL/SLC39A1/SMAD4/SOX9/TBX6/TLE6/VANGL2/VEGFA/WDTC1/ZIC3	24
GO:0002822	BP	GO:0002822	regulation of adaptive immune response based on somatic recombination of immune receptors built from immunoglobulin superfamily domains	8/359	127/10096	0.0828595856003543	0.0828595856003543	0.791111818674828	CEACAM1/IL1RL1/IL4R/JAK3/MAP3K7/PLA2G4A/SUSD4/TRAF2	8
GO:0072073	BP	GO:0072073	kidney epithelium development	7/359	106/10096	0.0832361274367671	0.0832361274367671	0.791111818674828	CTNNB1/KLF15/MAGED1/SMAD4/SMAD6/SOX9/VEGFA	7
GO:0050817	BP	GO:0050817	coagulation	9/359	149/10096	0.0839981877293748	0.0839981877293748	0.791111818674828	CEACAM1/DGKD/DGKK/HPS6/PLA2G4A/PSEN1/THBD/TREML1/UBASH3B	9
GO:0060828	BP	GO:0060828	regulation of canonical Wnt signaling pathway	10/359	171/10096	0.0840149106822788	0.0840149106822788	0.791111818674828	CSNK1E/CTNNB1/DKKL1/DLX5/FRMD8/JRK/LGR6/PSEN1/SOX9/TLE6	10
GO:1902373	BP	GO:1902373	negative regulation of mRNA catabolic process	4/359	47/10096	0.0849254318449765	0.0849254318449765	0.791111818674828	IKBKE/LARP4B/MAPKAPK2/TRAF2	4
GO:2000677	BP	GO:2000677	regulation of transcription regulatory region DNA binding	4/359	47/10096	0.0849254318449765	0.0849254318449765	0.791111818674828	CTNNB1/NEUROD1/PSEN1/ZNF675	4
GO:0060993	BP	GO:0060993	kidney morphogenesis	5/359	66/10096	0.0850222037420269	0.0850222037420269	0.791111818674828	CTNNB1/MAGED1/SMAD4/SOX9/VEGFA	5
GO:1900407	BP	GO:1900407	regulation of cellular response to oxidative stress	5/359	66/10096	0.0850222037420269	0.0850222037420269	0.791111818674828	CTNNB1/DDR2/GFER/HGF/PDE8A	5
GO:1902882	BP	GO:1902882	regulation of response to oxidative stress	5/359	66/10096	0.0850222037420269	0.0850222037420269	0.791111818674828	CTNNB1/DDR2/GFER/HGF/PDE8A	5
GO:2000117	BP	GO:2000117	negative regulation of cysteine-type endopeptidase activity	5/359	66/10096	0.0850222037420269	0.0850222037420269	0.791111818674828	BIRC5/CARD16/GPI/HGF/VEGFA	5
GO:0003159	BP	GO:0003159	morphogenesis of an endothelium	2/359	14/10096	0.0865932722324798	0.0865932722324798	0.791111818674828	CCM2/CTNNB1	2
GO:0006415	BP	GO:0006415	translational termination	2/359	14/10096	0.0865932722324798	0.0865932722324798	0.791111818674828	GLE1/GSPT2	2
GO:0006620	BP	GO:0006620	post-translational protein targeting to endoplasmic reticulum membrane	2/359	14/10096	0.0865932722324798	0.0865932722324798	0.791111818674828	SEC61G/UBL4A	2
GO:0008299	BP	GO:0008299	isoprenoid biosynthetic process	2/359	14/10096	0.0865932722324798	0.0865932722324798	0.791111818674828	AKR1C3/PRMT3	2
GO:0016078	BP	GO:0016078	tRNA catabolic process	2/359	14/10096	0.0865932722324798	0.0865932722324798	0.791111818674828	EXOSC8/POP1	2
GO:0042573	BP	GO:0042573	retinoic acid metabolic process	2/359	14/10096	0.0865932722324798	0.0865932722324798	0.791111818674828	AKR1C3/PRMT3	2
GO:0046834	BP	GO:0046834	lipid phosphorylation	2/359	14/10096	0.0865932722324798	0.0865932722324798	0.791111818674828	DGKD/DGKK	2
GO:0060143	BP	GO:0060143	positive regulation of syncytium formation by plasma membrane fusion	2/359	14/10096	0.0865932722324798	0.0865932722324798	0.791111818674828	CAMK1/IL4R	2
GO:0060384	BP	GO:0060384	innervation	2/359	14/10096	0.0865932722324798	0.0865932722324798	0.791111818674828	ADARB1/CHD7	2
GO:0060547	BP	GO:0060547	negative regulation of necrotic cell death	2/359	14/10096	0.0865932722324798	0.0865932722324798	0.791111818674828	DDR2/RBCK1	2
GO:0061154	BP	GO:0061154	endothelial tube morphogenesis	2/359	14/10096	0.0865932722324798	0.0865932722324798	0.791111818674828	CCM2/CTNNB1	2
GO:0071731	BP	GO:0071731	response to nitric oxide	2/359	14/10096	0.0865932722324798	0.0865932722324798	0.791111818674828	CRK/TRAF2	2
GO:0097396	BP	GO:0097396	response to interleukin-17	2/359	14/10096	0.0865932722324798	0.0865932722324798	0.791111818674828	IKBKE/TRAF2	2
GO:0097398	BP	GO:0097398	cellular response to interleukin-17	2/359	14/10096	0.0865932722324798	0.0865932722324798	0.791111818674828	IKBKE/TRAF2	2
GO:1902547	BP	GO:1902547	regulation of cellular response to vascular endothelial growth factor stimulus	2/359	14/10096	0.0865932722324798	0.0865932722324798	0.791111818674828	DCN/MYO1C	2
GO:1904505	BP	GO:1904505	regulation of telomere maintenance in response to DNA damage	2/359	14/10096	0.0865932722324798	0.0865932722324798	0.791111818674828	INO80E/XRCC1	2
GO:0016358	BP	GO:0016358	dendrite development	9/359	150/10096	0.0867220949996542	0.0867220949996542	0.791111818674828	CAMK1/CRK/DPYSL5/KNDC1/MECP2/PHACTR1/PPP1R9B/PRMT3/PSEN1	9
GO:0060562	BP	GO:0060562	epithelial tube morphogenesis	13/359	241/10096	0.0887618330987912	0.0887618330987912	0.791111818674828	CCM2/CTNNB1/FOXH1/MAGED1/MTHFD1/PLXNB2/PSEN1/SMAD4/SOX9/TBX6/VANGL2/VEGFA/ZIC3	13
GO:0043406	BP	GO:0043406	positive regulation of MAP kinase activity	6/359	87/10096	0.089046723254956	0.089046723254956	0.791111818674828	MAGED1/MAP3K7/PSEN1/PTK2B/TRAF2/VEGFA	6
GO:0060079	BP	GO:0060079	excitatory postsynaptic potential	6/359	87/10096	0.089046723254956	0.089046723254956	0.791111818674828	CHRNA5/GABRE/GABRG2/GABRG3/MECP2/PTK2B	6
GO:0032350	BP	GO:0032350	regulation of hormone metabolic process	3/359	30/10096	0.08934069609549	0.08934069609549	0.791111818674828	AKR1C3/GAL/PRMT3	3
GO:0045047	BP	GO:0045047	protein targeting to ER	3/359	30/10096	0.08934069609549	0.08934069609549	0.791111818674828	SEC61G/SSR3/UBL4A	3
GO:0048286	BP	GO:0048286	lung alveolus development	3/359	30/10096	0.08934069609549	0.08934069609549	0.791111818674828	FLT4/HOPX/ITGB6	3
GO:0050819	BP	GO:0050819	negative regulation of coagulation	3/359	30/10096	0.08934069609549	0.08934069609549	0.791111818674828	CEACAM1/THBD/UBASH3B	3
GO:0032088	BP	GO:0032088	negative regulation of NF-kappaB transcription factor activity	5/359	67/10096	0.089349760450464	0.089349760450464	0.791111818674828	NR1H4/PIAS4/PRMT2/RBCK1/ZNF675	5
GO:0010817	BP	GO:0010817	regulation of hormone levels	15/359	288/10096	0.0896351833216509	0.0896351833216509	0.791111818674828	ABCC8/AFP/AKR1C3/CHD7/CNR1/CPLX1/GAL/GJA1/MAFA/NEUROD1/NR1H4/PRMT3/SMAD4/TG/UGT2B17	15
GO:0001756	BP	GO:0001756	somitogenesis	4/359	48/10096	0.0901843166141202	0.0901843166141202	0.791111818674828	MYF6/PSEN1/SMAD4/TBX6	4
GO:0060761	BP	GO:0060761	negative regulation of response to cytokine stimulus	4/359	48/10096	0.0901843166141202	0.0901843166141202	0.791111818674828	CARD16/NR1H4/PIAS4/ZNF675	4
GO:0140029	BP	GO:0140029	exocytic process	4/359	48/10096	0.0901843166141202	0.0901843166141202	0.791111818674828	CPLX1/PSEN1/SCFD2/SNAPIN	4
GO:0032990	BP	GO:0032990	cell part morphogenesis	21/359	432/10096	0.0903443340880157	0.0903443340880157	0.791111818674828	ADARB1/CORO1C/CTNNB1/DLX5/DPYSL5/EPHB6/FLRT3/KNDC1/LGR6/MBP/MYO9B/NDEL1/NEK3/PHACTR1/PLXNB2/PRMT3/PSEN1/RNF6/SKIL/SMAD4/VEGFA	21
GO:0009593	BP	GO:0009593	detection of chemical stimulus	19/359	384/10096	0.0910458562741901	0.0910458562741901	0.791111818674828	OR10AD1/OR13C4/OR13C5/OR13G1/OR14A16/OR14C36/OR14J1/OR1L1/OR2C1/OR2T35/OR2T6/OR2V2/OR4C13/OR4C16/OR4K2/OR51B5/OR52A1/OR8B3/OR8H2	19
GO:0006816	BP	GO:0006816	calcium ion transport	13/359	243/10096	0.0931695463010955	0.0931695463010955	0.791111818674828	CACNA1E/CALCRL/CHD7/CTNNB1/EHD3/JAK3/OPRD1/ORAI1/ORAI3/PSEN1/PTK2B/TMCO1/UBASH3B	13
GO:0030010	BP	GO:0030010	establishment of cell polarity	7/359	109/10096	0.093246619652466	0.093246619652466	0.791111818674828	CORO7/CRK/GJA1/NDEL1/NEK3/PLEKHG3/PTK2B	7
GO:0014066	BP	GO:0014066	regulation of phosphatidylinositol 3-kinase signaling	5/359	68/10096	0.0937896315660171	0.0937896315660171	0.791111818674828	CEACAM1/DCN/FSHR/HGF/SOX9	5
GO:0050906	BP	GO:0050906	detection of stimulus involved in sensory perception	19/359	386/10096	0.0945590454770521	0.0945590454770521	0.791111818674828	OR10AD1/OR13C4/OR13C5/OR13G1/OR14A16/OR14C36/OR14J1/OR1L1/OR2C1/OR2T35/OR2T6/OR2V2/OR4C13/OR4C16/OR4K2/OR51B5/OR52A1/OR8B3/OR8H2	19
GO:0006520	BP	GO:0006520	cellular amino acid metabolic process	8/359	131/10096	0.0950012514983899	0.0950012514983899	0.791111818674828	AASDHPPT/ALDH18A1/DBT/FARSB/GART/MECP2/MTHFD1/NR1H4	8
GO:0061013	BP	GO:0061013	regulation of mRNA catabolic process	8/359	131/10096	0.0950012514983899	0.0950012514983899	0.791111818674828	DCP1B/EXOSC8/FASTKD5/IKBKE/LARP4B/MAPKAPK2/POLR2D/TRAF2	8
GO:0007599	BP	GO:0007599	hemostasis	9/359	153/10096	0.0952067599196307	0.0952067599196307	0.791111818674828	CEACAM1/DGKD/DGKK/GPI/HPS6/PLA2G4A/THBD/TREML1/UBASH3B	9
GO:1901215	BP	GO:1901215	negative regulation of neuron death	9/359	153/10096	0.0952067599196307	0.0952067599196307	0.791111818674828	AGAP2/CTNNB1/FOXQ1/GFER/GPI/MECP2/PSEN1/PTK2B/TRAF2	9
GO:0043009	BP	GO:0043009	chordate embryonic development	23/359	484/10096	0.0953043147784922	0.0953043147784922	0.791111818674828	CCM2/CHD7/CTNNB1/GPI/HOPX/HOXC5/HOXD4/MTHFD1/MYF6/NDEL1/PLXNB2/POLR1B/PSEN1/SCO2/SKIL/SLC39A1/SMAD4/SOX9/TBX6/VANGL2/VEGFA/WDTC1/ZIC3	23
GO:0034599	BP	GO:0034599	cellular response to oxidative stress	11/359	198/10096	0.0954369419725988	0.0954369419725988	0.791111818674828	AKR1C3/CDK1/CTNNB1/DAPK1/DDR2/ETV5/GFER/HGF/MAPK9/PDE8A/ROMO1	11
GO:0045670	BP	GO:0045670	regulation of osteoclast differentiation	4/359	49/10096	0.095595608553325	0.095595608553325	0.791111818674828	CLDN18/CTNNB1/UBASH3B/ZNF675	4
GO:0055082	BP	GO:0055082	cellular chemical homeostasis	19/359	387/10096	0.0963479270044006	0.0963479270044006	0.791111818674828	ABCC8/CCL13/CHD7/FOXA3/GPR12/GRINA/KLF15/LCN2/NEUROD1/NR1H4/PSEN1/PTK2B/SCO1/SCO2/SMAD4/SNAPIN/TMCO1/UBASH3B/WDTC1	19
GO:0000462	BP	GO:0000462	maturation of SSU-rRNA from tricistronic rRNA transcript (SSU-rRNA, 5.8S rRNA, LSU-rRNA)	3/359	31/10096	0.09642924456377	0.09642924456377	0.791111818674828	GTF2H5/HEATR1/UTP3	3
GO:0032743	BP	GO:0032743	positive regulation of interleukin-2 production	3/359	31/10096	0.09642924456377	0.09642924456377	0.791111818674828	CD83/MAP3K7/TRAF2	3
GO:0003215	BP	GO:0003215	cardiac right ventricle morphogenesis	2/359	15/10096	0.0976450209945018	0.0976450209945018	0.791111818674828	CHD7/FOXH1	2
GO:0006896	BP	GO:0006896	Golgi to vacuole transport	2/359	15/10096	0.0976450209945018	0.0976450209945018	0.791111818674828	CCDC91/EHD3	2
GO:0008090	BP	GO:0008090	retrograde axonal transport	2/359	15/10096	0.0976450209945018	0.0976450209945018	0.791111818674828	NDEL1/SNAPIN	2
GO:0009168	BP	GO:0009168	purine ribonucleoside monophosphate biosynthetic process	2/359	15/10096	0.0976450209945018	0.0976450209945018	0.791111818674828	ADSL/GART	2
GO:0015669	BP	GO:0015669	gas transport	2/359	15/10096	0.0976450209945018	0.0976450209945018	0.791111818674828	BPGM/HBQ1	2
GO:0017004	BP	GO:0017004	cytochrome complex assembly	2/359	15/10096	0.0976450209945018	0.0976450209945018	0.791111818674828	SCO1/SCO2	2
GO:0030201	BP	GO:0030201	heparan sulfate proteoglycan metabolic process	2/359	15/10096	0.0976450209945018	0.0976450209945018	0.791111818674828	CTNNB1/EXTL3	2
GO:0034104	BP	GO:0034104	negative regulation of tissue remodeling	2/359	15/10096	0.0976450209945018	0.0976450209945018	0.791111818674828	CLDN18/UBASH3B	2
GO:0034162	BP	GO:0034162	toll-like receptor 9 signaling pathway	2/359	15/10096	0.0976450209945018	0.0976450209945018	0.791111818674828	GRAMD4/NR1H4	2
GO:0034501	BP	GO:0034501	protein localization to kinetochore	2/359	15/10096	0.0976450209945018	0.0976450209945018	0.791111818674828	CDK1/ZWILCH	2
GO:0034505	BP	GO:0034505	tooth mineralization	2/359	15/10096	0.0976450209945018	0.0976450209945018	0.791111818674828	ALPL/ITGB6	2
GO:0040019	BP	GO:0040019	positive regulation of embryonic development	2/359	15/10096	0.0976450209945018	0.0976450209945018	0.791111818674828	NR2C2/TLE6	2
GO:0046033	BP	GO:0046033	AMP metabolic process	2/359	15/10096	0.0976450209945018	0.0976450209945018	0.791111818674828	ADSL/GART	2
GO:0055070	BP	GO:0055070	copper ion homeostasis	2/359	15/10096	0.0976450209945018	0.0976450209945018	0.791111818674828	SCO1/SCO2	2
GO:0060039	BP	GO:0060039	pericardium development	2/359	15/10096	0.0976450209945018	0.0976450209945018	0.791111818674828	CCM2/FLRT3	2
GO:0072673	BP	GO:0072673	lamellipodium morphogenesis	2/359	15/10096	0.0976450209945018	0.0976450209945018	0.791111818674828	CORO1C/MYO9B	2
GO:0090043	BP	GO:0090043	regulation of tubulin deacetylation	2/359	15/10096	0.0976450209945018	0.0976450209945018	0.791111818674828	NEK3/TADA3	2
GO:1903083	BP	GO:1903083	protein localization to condensed chromosome	2/359	15/10096	0.0976450209945018	0.0976450209945018	0.791111818674828	CDK1/ZWILCH	2
GO:2001212	BP	GO:2001212	regulation of vasculogenesis	2/359	15/10096	0.0976450209945018	0.0976450209945018	0.791111818674828	ASB4/CEACAM1	2
GO:0042391	BP	GO:0042391	regulation of membrane potential	13/359	245/10096	0.0977105476030952	0.0977105476030952	0.791111818674828	CHRNA5/CNR1/DCN/EHD3/FGF12/GABRE/GABRG2/GABRG3/GJA1/MECP2/OPRD1/PSEN1/PTK2B	13
GO:0007369	BP	GO:0007369	gastrulation	8/359	132/10096	0.0981875081042034	0.0981875081042034	0.791111818674828	CTNNB1/GJA1/GPI/ITGA7/MBP/SMAD4/TBX6/ZIC3	8
GO:0022408	BP	GO:0022408	negative regulation of cell-cell adhesion	8/359	132/10096	0.0981875081042034	0.0981875081042034	0.791111818674828	CEACAM1/IL4R/IRF1/JAK3/MBP/SOCS1/UBASH3B/VEGFA	8
GO:0043487	BP	GO:0043487	regulation of RNA stability	8/359	132/10096	0.0981875081042034	0.0981875081042034	0.791111818674828	DCP1B/EXOSC8/FASTKD5/IKBKE/LARP4B/MAPKAPK2/POLR2D/TRAF2	8
GO:0007613	BP	GO:0007613	memory	5/359	69/10096	0.0983404662534028	0.0983404662534028	0.791111818674828	ABCC8/CNR1/MECP2/PSEN1/SLC2A4	5
GO:0007283	BP	GO:0007283	spermatogenesis	15/359	293/10096	0.0999418292878373	0.0999418292878373	0.791111818674828	CCDC63/CNR1/FOXA3/FSHR/GJA1/GPX4/NR2C2/PHC2/RSPH1/SKIL/SMAD4/SOX9/WDR48/ZFY/ZSCAN2	15
GO:0032589	CC	GO:0032589	neuron projection membrane	6/366	36/10365	0.00147637417584802	0.00147637417584802	0.353347950124656	GABRE/GABRG2/GABRG3/MYO1C/OPRD1/PPP1R9B	6
GO:0032590	CC	GO:0032590	dendrite membrane	5/366	26/10365	0.00190373311906155	0.00190373311906155	0.353347950124656	GABRE/GABRG2/GABRG3/OPRD1/PPP1R9B	5
GO:0001650	CC	GO:0001650	fibrillar center	11/366	115/10365	0.0024368824146528	0.0024368824146528	0.353347950124656	ARHGAP32/CHCHD1/COIL/EXOSC8/HEATR1/IP6K2/PEX14/POLR1B/POLR1C/SP140/TERF1	11
GO:0045121	CC	GO:0045121	membrane raft	16/366	222/10365	0.00539248990799792	0.00539248990799792	0.489599228779669	ADD2/ADRA1B/CNR1/CORO1C/CRK/CTNNB1/GJA1/LAMTOR4/MYO1C/OPRD1/ORAI1/PSEN1/PTK2B/SLC2A4/SORBS1/TRAF2	16
GO:0098857	CC	GO:0098857	membrane microdomain	16/366	223/10365	0.00562757734229505	0.00562757734229505	0.489599228779669	ADD2/ADRA1B/CNR1/CORO1C/CRK/CTNNB1/GJA1/LAMTOR4/MYO1C/OPRD1/ORAI1/PSEN1/PTK2B/SLC2A4/SORBS1/TRAF2	16
GO:0015629	CC	GO:0015629	actin cytoskeleton	19/366	289/10365	0.00684430319251665	0.00684430319251665	0.496211981457457	ADD2/ARHGAP32/CNR1/CORO1C/CRK/DAPK1/DDR2/FHL3/FOXA3/LASP1/LDB3/MPRIP/MYO10/MYO1C/MYO9B/PKNOX2/PPP1R9B/SORBS1/STK38L	19
GO:0035102	CC	GO:0035102	PRC1 complex	3/366	14/10365	0.0118940914485485	0.0118940914485485	0.700090370232213	CBX4/PHC1/PHC2	3
GO:0016328	CC	GO:0016328	lateral plasma membrane	5/366	41/10365	0.0140895963324585	0.0140895963324585	0.700090370232213	CEACAM1/CORO1C/CTNNB1/MYO1C/VANGL2	5
GO:1902711	CC	GO:1902711	GABA-A receptor complex	3/366	15/10365	0.014484628349632	0.014484628349632	0.700090370232213	GABRE/GABRG2/GABRG3	3
GO:1902710	CC	GO:1902710	GABA receptor complex	3/366	17/10365	0.0205495368890235	0.0205495368890235	0.855185433115369	GABRE/GABRG2/GABRG3	3
GO:0031253	CC	GO:0031253	cell projection membrane	13/366	196/10365	0.0216253787684346	0.0216253787684346	0.855185433115369	CEACAM1/CORO1C/CTNNB1/EHD3/GABRE/GABRG2/GABRG3/GPI/MYO10/MYO1C/OPRD1/PDE6B/PPP1R9B	13
GO:0031519	CC	GO:0031519	PcG protein complex	4/366	32/10365	0.0252027381866096	0.0252027381866096	0.857204708512756	ASXL3/CBX4/PHC1/PHC2	4
GO:0043235	CC	GO:0043235	receptor complex	17/366	287/10365	0.0258321008277291	0.0258321008277291	0.857204708512756	CALCRL/CHRNA5/DDR2/EPHB6/FLT4/FSHR/GABRE/GABRG2/GABRG3/IL4R/ITGA7/ITGB6/KLRC2/NR1H4/PLXNB2/PTK2B/TRAF2	17
GO:0005938	CC	GO:0005938	cell cortex	12/366	189/10365	0.0357052164911663	0.0357052164911663	0.857204708512756	ARHGAP32/CORO1C/CTNNB1/LASP1/MYO10/MYO9B/OR2C1/PPP1R9B/PSEN1/PTK2B/TLE6/TRAF2	12
GO:0044853	CC	GO:0044853	plasma membrane raft	6/366	73/10365	0.0436928550215504	0.0436928550215504	0.857204708512756	ADD2/ADRA1B/CORO1C/CTNNB1/ORAI1/SORBS1	6
GO:0034702	CC	GO:0034702	ion channel complex	9/366	132/10365	0.043998852823535	0.043998852823535	0.857204708512756	ABCC8/CACNA1E/CHRNA5/GABRE/GABRG2/GABRG3/LRRC26/ORAI1/PTK2B	9
GO:0032433	CC	GO:0032433	filopodium tip	2/366	10/10365	0.0463901609751544	0.0463901609751544	0.857204708512756	AP2A1/MYO10	2
GO:0099699	CC	GO:0099699	integral component of synaptic membrane	6/366	75/10365	0.0487911316994868	0.0487911316994868	0.857204708512756	CNR1/FLRT3/GABRG2/GABRG3/OPRD1/PSEN1	6
GO:0030016	CC	GO:0030016	myofibril	8/366	117/10365	0.0549383984115021	0.0549383984115021	0.857204708512756	CORO1C/CTNNB1/FHL3/FHL5/LDB3/PSEN1/SCO1/SCO2	8
GO:0016327	CC	GO:0016327	apicolateral plasma membrane	2/366	11/10365	0.0554030063132936	0.0554030063132936	0.857204708512756	CTNNB1/THBD	2
GO:0097381	CC	GO:0097381	photoreceptor disc membrane	2/366	11/10365	0.0554030063132936	0.0554030063132936	0.857204708512756	GUCA1C/PDE6B	2
GO:0000791	CC	GO:0000791	euchromatin	4/366	42/10365	0.0597739996694048	0.0597739996694048	0.857204708512756	CTNNB1/NR1H4/TRIM24/UHRF1	4
GO:0016459	CC	GO:0016459	myosin complex	3/366	26/10365	0.0623236125027501	0.0623236125027501	0.857204708512756	MYO10/MYO1C/MYO9B	3
GO:0043292	CC	GO:0043292	contractile fiber	8/366	121/10365	0.0643907642930439	0.0643907642930439	0.857204708512756	CORO1C/CTNNB1/FHL3/FHL5/LDB3/PSEN1/SCO1/SCO2	8
GO:0140672	CC	GO:0140672	ATAC complex	2/366	12/10365	0.0649686000375366	0.0649686000375366	0.857204708512756	MAP3K7/TADA3	2
GO:0099240	CC	GO:0099240	intrinsic component of synaptic membrane	6/366	81/10365	0.0662070926806078	0.0662070926806078	0.857204708512756	CNR1/FLRT3/GABRG2/GABRG3/OPRD1/PSEN1	6
GO:0009897	CC	GO:0009897	external side of plasma membrane	13/366	232/10365	0.0676550219195413	0.0676550219195413	0.857204708512756	CD83/FCN2/IL1RL1/IL4R/ITGA7/ITGB6/KLRC2/MSR1/SLAMF9/SLC22A11/SLC2A4/THBD/ULBP1	13
GO:0032039	CC	GO:0032039	integrator complex	2/366	13/10365	0.0750369033711119	0.0750369033711119	0.857204708512756	INTS2/INTS9	2
GO:0032045	CC	GO:0032045	guanyl-nucleotide exchange factor complex	2/366	13/10365	0.0750369033711119	0.0750369033711119	0.857204708512756	KNDC1/LAMTOR4	2
GO:0000792	CC	GO:0000792	heterochromatin	5/366	66/10365	0.083110705381049	0.083110705381049	0.857204708512756	ESCO2/MECP2/PHC2/UHRF1/UHRF2	5
GO:0055029	CC	GO:0055029	nuclear DNA-directed RNA polymerase complex	6/366	86/10365	0.0831630339545406	0.0831630339545406	0.857204708512756	GTF2H5/POLR1B/POLR1C/POLR2D/PRIM1/TADA3	6
GO:0016586	CC	GO:0016586	RSC-type complex	2/366	14/10365	0.0855607053582059	0.0855607053582059	0.857204708512756	BRD7/PHF10	2
GO:0043025	CC	GO:0043025	neuronal cell body	15/366	288/10365	0.0857867840700321	0.0857867840700321	0.857204708512756	CACNA1E/CPLX1/CSNK1E/DPYSL5/GAL/KNDC1/MBP/MYO10/NDEL1/OMP/PGRMC1/PPP1R9B/PSEN1/PTK2B/RIN3	15
GO:0030018	CC	GO:0030018	Z disc	5/366	67/10365	0.0873564950157355	0.0873564950157355	0.857204708512756	CTNNB1/FHL3/FHL5/LDB3/PSEN1	5
GO:0000428	CC	GO:0000428	DNA-directed RNA polymerase complex	6/366	88/10365	0.0905609507407949	0.0905609507407949	0.857204708512756	GTF2H5/POLR1B/POLR1C/POLR2D/PRIM1/TADA3	6
GO:0098552	CC	GO:0098552	side of membrane	19/366	388/10365	0.0934284401315239	0.0934284401315239	0.857204708512756	AP2A1/CD83/FCN2/GNG4/IL1RL1/IL4R/ITGA7/ITGB6/KLRC2/MSR1/PPP1R9B/PTK2B/SLAMF9/SLC22A11/SLC2A4/SNAPIN/THBD/TRAF2/ULBP1	19
GO:0005901	CC	GO:0005901	caveola	4/366	49/10365	0.0937678283714984	0.0937678283714984	0.857204708512756	ADRA1B/CORO1C/CTNNB1/SORBS1	4
GO:0031256	CC	GO:0031256	leading edge membrane	7/366	111/10365	0.097577196562062	0.097577196562062	0.857204708512756	CORO1C/GABRE/GABRG2/GABRG3/MYO1C/OPRD1/PPP1R9B	7
GO:0030880	CC	GO:0030880	RNA polymerase complex	6/366	90/10365	0.0983046161836737	0.0983046161836737	0.857204708512756	GTF2H5/POLR1B/POLR1C/POLR2D/PRIM1/TADA3	6
GO:0008503	MF	GO:0008503	benzodiazepine receptor activity	3/362	10/10182	0.00443879961759063	0.00443879961759063	0.445812993600652	GABRE/GABRG2/GABRG3	3
GO:0022851	MF	GO:0022851	GABA-gated chloride ion channel activity	3/362	10/10182	0.00443879961759063	0.00443879961759063	0.445812993600652	GABRE/GABRG2/GABRG3	3
GO:0004683	MF	GO:0004683	calmodulin-dependent protein kinase activity	4/362	21/10182	0.00581918789377599	0.00581918789377599	0.445812993600652	CAMK1/DAPK1/MAPKAPK2/PTK2B	4
GO:0004709	MF	GO:0004709	MAP kinase kinase kinase activity	4/362	21/10182	0.00581918789377599	0.00581918789377599	0.445812993600652	ARAF/MAP3K1/MAP3K6/MAP3K7	4
GO:0003779	MF	GO:0003779	actin binding	17/362	246/10182	0.00677923599047558	0.00677923599047558	0.445812993600652	ADD2/CEACAM1/CORO1C/CORO7/FHL3/LASP1/LDB3/MPRIP/MYO10/MYO1C/MYO9B/PHACTR1/PKNOX2/PLEKHG3/PPP1R9B/SORBS1/STK38L	17
GO:0005262	MF	GO:0005262	calcium channel activity	6/362	49/10182	0.00745309244051163	0.00745309244051163	0.445812993600652	CACNA1E/CNR1/ORAI1/ORAI3/PSEN1/TMCO1	6
GO:0005237	MF	GO:0005237	inhibitory extracellular ligand-gated ion channel activity	3/362	12/10182	0.00771854683133746	0.00771854683133746	0.445812993600652	GABRE/GABRG2/GABRG3	3
GO:0099095	MF	GO:0099095	ligand-gated anion channel activity	3/362	12/10182	0.00771854683133746	0.00771854683133746	0.445812993600652	GABRE/GABRG2/GABRG3	3
GO:0005216	MF	GO:0005216	ion channel activity	13/362	171/10182	0.00796284845071945	0.00796284845071945	0.445812993600652	ABCC8/CACNA1E/CHRNA5/CNR1/GABRE/GABRG2/GABRG3/LRRC26/ORAI1/ORAI3/PSEN1/PTK2B/TMCO1	13
GO:0015267	MF	GO:0015267	channel activity	14/362	192/10182	0.00857698949592397	0.00857698949592397	0.445812993600652	ABCC8/CACNA1E/CHRNA5/CNR1/GABRE/GABRG2/GABRG3/GJA1/LRRC26/ORAI1/ORAI3/PSEN1/PTK2B/TMCO1	14
GO:0022803	MF	GO:0022803	passive transmembrane transporter activity	14/362	193/10182	0.00895912650601311	0.00895912650601311	0.445812993600652	ABCC8/CACNA1E/CHRNA5/CNR1/GABRE/GABRG2/GABRG3/GJA1/LRRC26/ORAI1/ORAI3/PSEN1/PTK2B/TMCO1	14
GO:0005261	MF	GO:0005261	cation channel activity	10/362	122/10182	0.0115251706289692	0.0115251706289692	0.473675191924555	ABCC8/CACNA1E/CHRNA5/CNR1/LRRC26/ORAI1/ORAI3/PSEN1/PTK2B/TMCO1	10
GO:0005516	MF	GO:0005516	calmodulin binding	10/362	122/10182	0.0115251706289692	0.0115251706289692	0.473675191924555	ADD2/CAMK1/CEACAM1/DAPK1/MAPKAPK2/MBP/MYO10/MYO1C/MYO9B/ORAI1	10
GO:0070411	MF	GO:0070411	I-SMAD binding	3/362	14/10182	0.0121151539473011	0.0121151539473011	0.473675191924555	CTNNB1/SMAD4/SMAD6	3
GO:0019903	MF	GO:0019903	protein phosphatase binding	9/362	107/10182	0.0138028881341308	0.0138028881341308	0.503684338929686	ANKLE2/CEACAM1/CTNNB1/FLT4/IKBKE/JAK3/PHACTR1/PPP1R9B/TRAF2	9
GO:0004890	MF	GO:0004890	GABA-A receptor activity	3/362	15/10182	0.0147512535412539	0.0147512535412539	0.504648147463948	GABRE/GABRG2/GABRG3	3
GO:0015085	MF	GO:0015085	calcium ion transmembrane transporter activity	6/362	59/10182	0.0178836308584876	0.0178836308584876	0.555267152501554	CACNA1E/CNR1/ORAI1/ORAI3/PSEN1/TMCO1	6
GO:0051015	MF	GO:0051015	actin filament binding	10/362	131/10182	0.0182597467457242	0.0182597467457242	0.555267152501554	ADD2/CORO1C/CORO7/LASP1/MPRIP/MYO10/MYO1C/MYO9B/PKNOX2/PPP1R9B	10
GO:0022824	MF	GO:0022824	transmitter-gated ion channel activity	5/362	45/10182	0.0210385530988482	0.0210385530988482	0.575791979547423	CHRNA5/GABRE/GABRG2/GABRG3/PTK2B	5
GO:0022835	MF	GO:0022835	transmitter-gated channel activity	5/362	45/10182	0.0210385530988482	0.0210385530988482	0.575791979547423	CHRNA5/GABRE/GABRG2/GABRG3/PTK2B	5
GO:0000146	MF	GO:0000146	microfilament motor activity	3/362	18/10182	0.0244573705802863	0.0244573705802863	0.58621198254496	MYO10/MYO1C/MYO9B	3
GO:0016917	MF	GO:0016917	GABA receptor activity	3/362	18/10182	0.0244573705802863	0.0244573705802863	0.58621198254496	GABRE/GABRG2/GABRG3	3
GO:0004984	MF	GO:0004984	olfactory receptor activity	19/362	328/10182	0.0249932875382559	0.0249932875382559	0.58621198254496	OR10AD1/OR13C4/OR13C5/OR13G1/OR14A16/OR14C36/OR14J1/OR1L1/OR2C1/OR2T35/OR2T6/OR2V2/OR4C13/OR4C16/OR4K2/OR51B5/OR52A1/OR8B3/OR8H2	19
GO:0046332	MF	GO:0046332	SMAD binding	6/362	64/10182	0.0257031407731252	0.0257031407731252	0.58621198254496	CTNNB1/FOXH1/SKIL/SMAD4/SMAD6/TCF12	6
GO:0019789	MF	GO:0019789	SUMO transferase activity	3/362	19/10182	0.0282957950906679	0.0282957950906679	0.595700949277219	CBX4/PIAS4/UHRF2	3
GO:0070412	MF	GO:0070412	R-SMAD binding	3/362	19/10182	0.0282957950906679	0.0282957950906679	0.595700949277219	FOXH1/SMAD4/SMAD6	3
GO:0022843	MF	GO:0022843	voltage-gated cation channel activity	5/362	51/10182	0.034088862344475	0.034088862344475	0.673008816986108	ABCC8/CACNA1E/CNR1/LRRC26/PTK2B	5
GO:0016773	MF	GO:0016773	phosphotransferase activity, alcohol group as acceptor	25/362	480/10182	0.0355926919933327	0.0355926919933327	0.673008816986108	ARAF/CAMK1/CDC7/CDK1/CSNK1E/DAPK1/DDR2/DGKD/DGKK/EPHB6/FLT4/IKBKE/IP6K2/JAK3/MAP3K1/MAP3K6/MAP3K7/MAPK9/MAPKAPK2/NEK3/PPP1R9B/PTK2B/STK38L/TLK2/TRIM24	25
GO:0003899	MF	GO:0003899	DNA-directed 5'-3' RNA polymerase activity	3/362	21/10182	0.0368701029419905	0.0368701029419905	0.673008816986108	POLR1B/POLR1C/PRIM1	3
GO:0004672	MF	GO:0004672	protein kinase activity	22/362	413/10182	0.0380303007067607	0.0380303007067607	0.673008816986108	ARAF/CAMK1/CDC7/CDK1/CSNK1E/DAPK1/DDR2/EPHB6/FLT4/IKBKE/JAK3/MAP3K1/MAP3K6/MAP3K7/MAPK9/MAPKAPK2/NEK3/PPP1R9B/PTK2B/STK38L/TLK2/TRIM24	22
GO:0008757	MF	GO:0008757	S-adenosylmethionine-dependent methyltransferase activity	7/362	89/10182	0.0387703828978749	0.0387703828978749	0.673008816986108	COQ5/FTSJ3/MECOM/NDUFAF7/PRMT2/PRMT3/TARBP1	7
GO:0005230	MF	GO:0005230	extracellular ligand-gated ion channel activity	5/362	53/10182	0.0393451308391878	0.0393451308391878	0.673008816986108	CHRNA5/GABRE/GABRG2/GABRG3/PTK2B	5
GO:0034062	MF	GO:0034062	5'-3' RNA polymerase activity	3/362	23/10182	0.0466183401017529	0.0466183401017529	0.702167683223564	POLR1B/POLR1C/PRIM1	3
GO:0097747	MF	GO:0097747	RNA polymerase activity	3/362	23/10182	0.0466183401017529	0.0466183401017529	0.702167683223564	POLR1B/POLR1C/PRIM1	3
GO:0005549	MF	GO:0005549	odorant binding	7/362	94/10182	0.0496875861899242	0.0496875861899242	0.702167683223564	OR13G1/OR14A16/OR14C36/OR14J1/OR2C1/OR8B3/OR8H2	7
GO:0015276	MF	GO:0015276	ligand-gated ion channel activity	6/362	75/10182	0.0501271048005318	0.0501271048005318	0.702167683223564	ABCC8/CHRNA5/GABRE/GABRG2/GABRG3/PTK2B	6
GO:0022834	MF	GO:0022834	ligand-gated channel activity	6/362	75/10182	0.0501271048005318	0.0501271048005318	0.702167683223564	ABCC8/CHRNA5/GABRE/GABRG2/GABRG3/PTK2B	6
GO:0140104	MF	GO:0140104	molecular carrier activity	5/362	57/10182	0.0512643128157792	0.0512643128157792	0.702167683223564	HBQ1/IPO11/SCO1/SCO2/TNPO2	5
GO:0050681	MF	GO:0050681	nuclear androgen receptor binding	3/362	24/10182	0.0519207503568491	0.0519207503568491	0.702167683223564	FOXH1/PRMT2/RNF6	3
GO:1904315	MF	GO:1904315	transmitter-gated ion channel activity involved in regulation of postsynaptic membrane potential	4/362	40/10182	0.0525802513982227	0.0525802513982227	0.702167683223564	CHRNA5/GABRE/GABRG2/GABRG3	4
GO:0019902	MF	GO:0019902	phosphatase binding	9/362	137/10182	0.0553362949247858	0.0553362949247858	0.702167683223564	ANKLE2/CEACAM1/CTNNB1/FLT4/IKBKE/JAK3/PHACTR1/PPP1R9B/TRAF2	9
GO:0070410	MF	GO:0070410	co-SMAD binding	2/362	11/10182	0.0560824793484762	0.0560824793484762	0.702167683223564	FOXH1/SMAD6	2
GO:0005231	MF	GO:0005231	excitatory extracellular ligand-gated ion channel activity	4/362	41/10182	0.0566999858403922	0.0566999858403922	0.702167683223564	CHRNA5/GABRE/GABRG2/GABRG3	4
GO:0015075	MF	GO:0015075	ion transmembrane transporter activity	18/362	339/10182	0.0583219196356452	0.0583219196356452	0.702167683223564	ABCC8/CACNA1E/CHRNA5/CNR1/GABRE/GABRG2/GABRG3/GJA1/LASP1/LRRC26/ORAI1/ORAI3/PSEN1/PTK2B/SLC22A11/SLC39A1/SLC44A2/TMCO1	18
GO:0042393	MF	GO:0042393	histone binding	12/362	204/10182	0.0601827066671395	0.0601827066671395	0.702167683223564	BRD7/CBX4/CHD7/NCAPD2/PHC1/PHC2/PHF10/PHF8/TRIM24/UHRF1/UHRF2/WDTC1	12
GO:0036002	MF	GO:0036002	pre-mRNA binding	3/362	26/10182	0.0633516247206981	0.0633516247206981	0.702167683223564	SLBP/SOX9/U2AF1L4	3
GO:0043014	MF	GO:0043014	alpha-tubulin binding	3/362	26/10182	0.0633516247206981	0.0633516247206981	0.702167683223564	ARL4C/ARL8B/NDEL1	3
GO:0099529	MF	GO:0099529	neurotransmitter receptor activity involved in regulation of postsynaptic membrane potential	4/362	43/10182	0.0654429159267757	0.0654429159267757	0.702167683223564	CHRNA5/GABRE/GABRG2/GABRG3	4
GO:0004622	MF	GO:0004622	lysophospholipase activity	2/362	12/10182	0.0657552658519039	0.0657552658519039	0.702167683223564	MGLL/PLA2G4A	2
GO:0071837	MF	GO:0071837	HMG box domain binding	2/362	12/10182	0.0657552658519039	0.0657552658519039	0.702167683223564	DLX5/TCF12	2
GO:0044325	MF	GO:0044325	transmembrane transporter binding	6/362	81/10182	0.067945513095259	0.067945513095259	0.702167683223564	ABCC8/CTNNB1/FGF12/GRINA/LRRC26/PPP1R9B	6
GO:0031625	MF	GO:0031625	ubiquitin protein ligase binding	13/362	232/10182	0.0705188080581364	0.0705188080581364	0.702167683223564	ARRDC1/ASB4/CRK/DBT/GPI/IKBKE/PIAS4/PTK2B/SMAD6/TRAF2/TRIB1/UBASH3B/ZNF675	13
GO:0022836	MF	GO:0022836	gated channel activity	9/362	144/10182	0.0711184416783228	0.0711184416783228	0.702167683223564	ABCC8/CACNA1E/CHRNA5/CNR1/GABRE/GABRG2/GABRG3/LRRC26/PTK2B	9
GO:0016741	MF	GO:0016741	transferase activity, transferring one-carbon groups	8/362	124/10182	0.0743473344341364	0.0743473344341364	0.702167683223564	COQ5/FTSJ3/GART/MECOM/NDUFAF7/PRMT2/PRMT3/TARBP1	8
GO:0043425	MF	GO:0043425	bHLH transcription factor binding	3/362	28/10182	0.0758360778637603	0.0758360778637603	0.702167683223564	FOXH1/SOX9/TCF12	3
GO:0046625	MF	GO:0046625	sphingolipid binding	2/362	13/10182	0.0759338698313758	0.0759338698313758	0.702167683223564	PLA2G4A/TRAF2	2
GO:0061608	MF	GO:0061608	nuclear import signal receptor activity	2/362	13/10182	0.0759338698313758	0.0759338698313758	0.702167683223564	IPO11/TNPO2	2
GO:0000149	MF	GO:0000149	SNARE binding	5/362	65/10182	0.080770842965596	0.080770842965596	0.702167683223564	CPLX1/DAPK1/GOSR2/SCFD2/SNAPIN	5
GO:0005159	MF	GO:0005159	insulin-like growth factor receptor binding	2/362	14/10182	0.0865703224787216	0.0865703224787216	0.702167683223564	CRK/SOCS1	2
GO:0016709	MF	GO:0016709	oxidoreductase activity, acting on paired donors, with incorporation or reduction of molecular oxygen, NAD(P)H as one donor, and incorporation of one atom of oxygen	2/362	14/10182	0.0865703224787216	0.0865703224787216	0.702167683223564	AKR1C3/FMO3	2
GO:0047555	MF	GO:0047555	3',5'-cyclic-GMP phosphodiesterase activity	2/362	14/10182	0.0865703224787216	0.0865703224787216	0.702167683223564	PDE6B/PDE8A	2
GO:0004674	MF	GO:0004674	protein serine/threonine kinase activity	16/362	311/10182	0.0884834072654417	0.0884834072654417	0.702167683223564	ARAF/CAMK1/CDC7/CDK1/CSNK1E/DAPK1/IKBKE/MAP3K1/MAP3K6/MAP3K7/MAPK9/MAPKAPK2/NEK3/PTK2B/STK38L/TLK2	16
GO:0015035	MF	GO:0015035	protein-disulfide reductase activity	3/362	30/10182	0.089310027149372	0.089310027149372	0.702167683223564	GFER/QSOX1/SCO2	3
GO:0048487	MF	GO:0048487	beta-tubulin binding	3/362	30/10182	0.089310027149372	0.089310027149372	0.702167683223564	ARL8B/NDEL1/PEX14	3
GO:0033293	MF	GO:0033293	monocarboxylic acid binding	4/362	48/10182	0.0901477573460405	0.0901477573460405	0.702167683223564	AFP/AKR1C3/DBT/NR1H4	4
GO:0022857	MF	GO:0022857	transmembrane transporter activity	22/362	458/10182	0.0928744161731323	0.0928744161731323	0.702167683223564	ABCC8/CACNA1E/CEACAM1/CHRNA5/CNR1/CPLX1/GABRE/GABRG2/GABRG3/GJA1/LASP1/LRRC26/ORAI1/ORAI3/PSEN1/PTK2B/SEC61G/SLC22A11/SLC2A4/SLC39A1/SLC44A2/TMCO1	22
GO:0001228	MF	GO:0001228	DNA-binding transcription activator activity, RNA polymerase II-specific	20/362	410/10182	0.0941035611656312	0.0941035611656312	0.702167683223564	CASZ1/DLX5/ETV5/FOXH1/HOXD4/IRF1/KLF15/MAFA/MECOM/MYF6/NEUROD1/NHLH1/NR1H4/NR2C2/PAX9/SMAD4/SOX9/TCF12/ZFY/ZIC3	20
GO:0106310	MF	GO:0106310	protein serine kinase activity	14/362	267/10182	0.0946416644184052	0.0946416644184052	0.702167683223564	ARAF/CAMK1/CDC7/CDK1/CSNK1E/DAPK1/MAP3K1/MAP3K6/MAP3K7/MAPK9/MAPKAPK2/NEK3/STK38L/TLK2	14
GO:0046873	MF	GO:0046873	metal ion transmembrane transporter activity	9/362	153/10182	0.0951496191353617	0.0951496191353617	0.702167683223564	ABCC8/CACNA1E/CNR1/LRRC26/ORAI1/ORAI3/PSEN1/SLC39A1/TMCO1	9
GO:0008170	MF	GO:0008170	N-methyltransferase activity	4/362	49/10182	0.0955570965818121	0.0955570965818121	0.702167683223564	MECOM/NDUFAF7/PRMT2/PRMT3	4
GO:0015318	MF	GO:0015318	inorganic molecular entity transmembrane transporter activity	15/362	291/10182	0.0956649801449386	0.0956649801449386	0.702167683223564	ABCC8/CACNA1E/CHRNA5/CNR1/GABRE/GABRG2/GABRG3/LRRC26/ORAI1/ORAI3/PSEN1/PTK2B/SLC22A11/SLC39A1/TMCO1	15
GO:0016500	MF	GO:0016500	protein-hormone receptor activity	2/362	15/10182	0.0976194100075627	0.0976194100075627	0.702167683223564	FSHR/LGR6	2
GO:0016814	MF	GO:0016814	hydrolase activity, acting on carbon-nitrogen (but not peptide) bonds, in cyclic amidines	2/362	15/10182	0.0976194100075627	0.0976194100075627	0.702167683223564	ADARB1/MTHFD1	2
GO:0045499	MF	GO:0045499	chemorepellent activity	2/362	15/10182	0.0976194100075627	0.0976194100075627	0.702167683223564	FLRT3/NRG3	2
