"Cluster"	"ID"	"Description"	"GeneRatio"	"BgRatio"	"pvalue"	"p.adjust"	"qvalue"	"geneID"	"Count"
"1"	"Cluster NR"	"GO:0005024"	"transforming growth factor beta receptor activity"	"2/57"	"13/18432"	0.000717021606474043	0.000717021606474043	0.0713219993548	"AMHR2/ENG"	2
"2"	"Cluster NR"	"GO:0048185"	"activin binding"	"2/57"	"15/18432"	0.000961393804129422	0.000961393804129422	0.0713219993548	"AMHR2/ENG"	2
"3"	"Cluster NR"	"GO:0004675"	"transmembrane receptor protein serine/threonine kinase activity"	"2/57"	"19/18432"	0.00155331335130611	0.00155331335130611	0.0713219993548	"AMHR2/ENG"	2
"4"	"Cluster NR"	"GO:0031406"	"carboxylic acid binding"	"4/57"	"171/18432"	0.00192660306709213	0.00192660306709213	0.0713219993548	"AFP/DBT/GRHPR/RARA"	4
"5"	"Cluster NR"	"GO:0033293"	"monocarboxylic acid binding"	"3/57"	"81/18432"	0.00201654462461488	0.00201654462461488	0.0713219993548	"AFP/DBT/RARA"	3
"6"	"Cluster NR"	"GO:0005104"	"fibroblast growth factor receptor binding"	"2/57"	"25/18432"	0.00269287450885652	0.00269287450885652	0.0793689328926131	"FGF18/KL"	2
"7"	"Cluster NR"	"GO:0030544"	"Hsp70 protein binding"	"2/57"	"46/18432"	0.00891248842055927	0.00891248842055927	0.20121081501718	"DNAJA1/ST13"	2
"8"	"Cluster NR"	"GO:0005504"	"fatty acid binding"	"2/57"	"49/18432"	0.0100669059357011	0.0100669059357011	0.20121081501718	"AFP/DBT"	2
"9"	"Cluster NR"	"GO:0050661"	"NADP binding"	"2/57"	"53/18432"	0.0117034506386641	0.0117034506386641	0.20121081501718	"DHCR7/GRHPR"	2
"10"	"Cluster NR"	"GO:0019199"	"transmembrane receptor protein kinase activity"	"2/57"	"79/18432"	0.0248641559721685	0.0248641559721685	0.20121081501718	"AMHR2/ENG"	2
"11"	"Cluster NR"	"GO:0004439"	"phosphatidylinositol-4,5-bisphosphate 5-phosphatase activity"	"1/57"	"10/18432"	0.0305050082257948	0.0305050082257948	0.20121081501718	"OCRL"	1
"12"	"Cluster NR"	"GO:0005114"	"type II transforming growth factor beta receptor binding"	"1/57"	"10/18432"	0.0305050082257948	0.0305050082257948	0.20121081501718	"ENG"	1
"13"	"Cluster NR"	"GO:0016801"	"hydrolase activity, acting on ether bonds"	"1/57"	"10/18432"	0.0305050082257948	0.0305050082257948	0.20121081501718	"AKR7A2"	1
"14"	"Cluster NR"	"GO:0017002"	"activin receptor activity"	"1/57"	"10/18432"	0.0305050082257948	0.0305050082257948	0.20121081501718	"AMHR2"	1
"15"	"Cluster NR"	"GO:0030957"	"Tat protein binding"	"1/57"	"10/18432"	0.0305050082257948	0.0305050082257948	0.20121081501718	"DNAJA1"	1
"16"	"Cluster NR"	"GO:0034594"	"phosphatidylinositol trisphosphate phosphatase activity"	"1/57"	"10/18432"	0.0305050082257948	0.0305050082257948	0.20121081501718	"OCRL"	1
"17"	"Cluster NR"	"GO:0034596"	"phosphatidylinositol phosphate 4-phosphatase activity"	"1/57"	"10/18432"	0.0305050082257948	0.0305050082257948	0.20121081501718	"OCRL"	1
"18"	"Cluster NR"	"GO:0001161"	"intronic transcription regulatory region sequence-specific DNA binding"	"1/57"	"11/18432"	0.0335047484565586	0.0335047484565586	0.20121081501718	"NKX2-1"	1
"19"	"Cluster NR"	"GO:0034713"	"type I transforming growth factor beta receptor binding"	"1/57"	"11/18432"	0.0335047484565586	0.0335047484565586	0.20121081501718	"ENG"	1
"20"	"Cluster NR"	"GO:0043422"	"protein kinase B binding"	"1/57"	"11/18432"	0.0335047484565586	0.0335047484565586	0.20121081501718	"RARA"	1
"21"	"Cluster NR"	"GO:0070513"	"death domain binding"	"1/57"	"11/18432"	0.0335047484565586	0.0335047484565586	0.20121081501718	"TRADD"	1
"22"	"Cluster NR"	"GO:0004032"	"alditol:NADP+ 1-oxidoreductase activity"	"1/57"	"12/18432"	0.036495369450966	0.036495369450966	0.20121081501718	"AKR7A2"	1
"23"	"Cluster NR"	"GO:0032396"	"inhibitory MHC class I receptor activity"	"1/57"	"12/18432"	0.036495369450966	0.036495369450966	0.20121081501718	"LILRA1"	1
"24"	"Cluster NR"	"GO:0046030"	"inositol trisphosphate phosphatase activity"	"1/57"	"12/18432"	0.036495369450966	0.036495369450966	0.20121081501718	"OCRL"	1
"25"	"Cluster NR"	"GO:0051378"	"serotonin binding"	"1/57"	"12/18432"	0.036495369450966	0.036495369450966	0.20121081501718	"HTR1B"	1
"26"	"Cluster NR"	"GO:0015926"	"glucosidase activity"	"1/57"	"13/18432"	0.0394768984380066	0.0394768984380066	0.20121081501718	"KL"	1
"27"	"Cluster NR"	"GO:0034595"	"phosphatidylinositol phosphate 5-phosphatase activity"	"1/57"	"13/18432"	0.0394768984380066	0.0394768984380066	0.20121081501718	"OCRL"	1
"28"	"Cluster NR"	"GO:0043176"	"amine binding"	"1/57"	"13/18432"	0.0394768984380066	0.0394768984380066	0.20121081501718	"HTR1B"	1
"29"	"Cluster NR"	"GO:0106018"	"phosphatidylinositol-3,5-bisphosphate phosphatase activity"	"1/57"	"14/18432"	0.0424493625668432	0.0424493625668432	0.20121081501718	"OCRL"	1
"30"	"Cluster NR"	"GO:0106019"	"phosphatidylinositol-4,5-bisphosphate phosphatase activity"	"1/57"	"14/18432"	0.0424493625668432	0.0424493625668432	0.20121081501718	"OCRL"	1
"31"	"Cluster NR"	"GO:0004674"	"protein serine/threonine kinase activity"	"4/57"	"430/18432"	0.0438120011775611	0.0438120011775611	0.20121081501718	"AMHR2/ENG/MAP4K1/ROCK2"	4
"32"	"Cluster NR"	"GO:0090079"	"translation regulator activity, nucleic acid binding"	"2/57"	"108/18432"	0.0440624737786295	0.0440624737786295	0.20121081501718	"EIF3G/RARA"	2
"33"	"Cluster NR"	"GO:0071933"	"Arp2/3 complex binding"	"1/57"	"15/18432"	0.0454127889070369	0.0454127889070369	0.20121081501718	"JMY"	1
"34"	"Cluster NR"	"GO:0000900"	"mRNA regulatory element binding translation repressor activity"	"1/57"	"16/18432"	0.0483672044487812	0.0483672044487812	0.20121081501718	"RARA"	1
"35"	"Cluster NR"	"GO:0005068"	"transmembrane receptor protein tyrosine kinase adaptor activity"	"1/57"	"16/18432"	0.0483672044487812	0.0483672044487812	0.20121081501718	"TRADD"	1
"36"	"Cluster NR"	"GO:0070402"	"NADPH binding"	"1/57"	"16/18432"	0.0483672044487812	0.0483672044487812	0.20121081501718	"GRHPR"	1
"37"	"Cluster NR"	"GO:0032182"	"ubiquitin-like protein binding"	"2/57"	"116/18432"	0.0500797364072565	0.0500797364072565	0.20121081501718	"NSFL1C/RNF4"	2
"38"	"Cluster NR"	"GO:0005001"	"transmembrane receptor protein tyrosine phosphatase activity"	"1/57"	"17/18432"	0.0513126361031259	0.0513126361031259	0.20121081501718	"PTPRA"	1
"39"	"Cluster NR"	"GO:0019198"	"transmembrane receptor protein phosphatase activity"	"1/57"	"17/18432"	0.0513126361031259	0.0513126361031259	0.20121081501718	"PTPRA"	1
"40"	"Cluster NR"	"GO:0032183"	"SUMO binding"	"1/57"	"17/18432"	0.0513126361031259	0.0513126361031259	0.20121081501718	"RNF4"	1
"41"	"Cluster NR"	"GO:0032393"	"MHC class I receptor activity"	"1/57"	"17/18432"	0.0513126361031259	0.0513126361031259	0.20121081501718	"LILRA1"	1
"42"	"Cluster NR"	"GO:0005096"	"GTPase activator activity"	"3/57"	"275/18432"	0.0533281865837589	0.0533281865837589	0.20121081501718	"ARHGEF6/OCRL/TBC1D10B"	3
"43"	"Cluster NR"	"GO:0035615"	"clathrin adaptor activity"	"1/57"	"18/18432"	0.0542491107022096	0.0542491107022096	0.20121081501718	"AP2A2"	1
"44"	"Cluster NR"	"GO:0052745"	"inositol phosphate phosphatase activity"	"1/57"	"18/18432"	0.0542491107022096	0.0542491107022096	0.20121081501718	"OCRL"	1
"45"	"Cluster NR"	"GO:0031072"	"heat shock protein binding"	"2/57"	"124/18432"	0.0563754864639463	0.0563754864639463	0.20121081501718	"DNAJA1/ST13"	2
"46"	"Cluster NR"	"GO:0140312"	"cargo adaptor activity"	"1/57"	"19/18432"	0.0571766549994819	0.0571766549994819	0.20121081501718	"AP2A2"	1
"47"	"Cluster NR"	"GO:0016616"	"oxidoreductase activity, acting on the CH-OH group of donors, NAD or NADP as acceptor"	"2/57"	"126/18432"	0.0579909655720849	0.0579909655720849	0.20121081501718	"AKR7A2/GRHPR"	2
"48"	"Cluster NR"	"GO:0140297"	"DNA-binding transcription factor binding"	"4/57"	"476/18432"	0.0594426048984567	0.0594426048984567	0.20121081501718	"DNAJA1/NIF3L1/NKX2-1/TPT1"	4
"49"	"Cluster NR"	"GO:0042826"	"histone deacetylase binding"	"2/57"	"128/18432"	0.0596225478353012	0.0596225478353012	0.20121081501718	"RARA/TFAP4"	2
"50"	"Cluster NR"	"GO:0001972"	"retinoic acid binding"	"1/57"	"20/18432"	0.0600952956699337	0.0600952956699337	0.20121081501718	"RARA"	1
"51"	"Cluster NR"	"GO:0016500"	"protein-hormone receptor activity"	"1/57"	"20/18432"	0.0600952956699337	0.0600952956699337	0.20121081501718	"AMHR2"	1
"52"	"Cluster NR"	"GO:0019838"	"growth factor binding"	"2/57"	"132/18432"	0.0629330143268494	0.0629330143268494	0.20121081501718	"ENG/KL"	2
"53"	"Cluster NR"	"GO:0036122"	"BMP binding"	"1/57"	"21/18432"	0.0630050593103212	0.0630050593103212	0.20121081501718	"ENG"	1
"54"	"Cluster NR"	"GO:0051010"	"microtubule plus-end binding"	"1/57"	"21/18432"	0.0630050593103212	0.0630050593103212	0.20121081501718	"DST"	1
"55"	"Cluster NR"	"GO:0042288"	"MHC class I protein binding"	"1/57"	"22/18432"	0.0659059724393912	0.0659059724393912	0.20121081501718	"BCAP31"	1
"56"	"Cluster NR"	"GO:0050321"	"tau-protein kinase activity"	"1/57"	"22/18432"	0.0659059724393912	0.0659059724393912	0.20121081501718	"ROCK2"	1
"57"	"Cluster NR"	"GO:0043177"	"organic acid binding"	"2/57"	"137/18432"	0.0671572312571521	0.0671572312571521	0.20121081501718	"DBT/RARA"	2
"58"	"Cluster NR"	"GO:0016614"	"oxidoreductase activity, acting on CH-OH group of donors"	"2/57"	"138/18432"	0.0680132536036498	0.0680132536036498	0.20121081501718	"AKR7A2/GRHPR"	2
"59"	"Cluster NR"	"GO:0017134"	"fibroblast growth factor binding"	"1/57"	"23/18432"	0.068798061498107	0.068798061498107	0.20121081501718	"KL"	1
"60"	"Cluster NR"	"GO:0070851"	"growth factor receptor binding"	"2/57"	"140/18432"	0.0697362363272802	0.0697362363272802	0.20121081501718	"FGF18/KL"	2
"61"	"Cluster NR"	"GO:0005160"	"transforming growth factor beta receptor binding"	"1/57"	"24/18432"	0.0716813528498702	0.0716813528498702	0.20121081501718	"ENG"	1
"62"	"Cluster NR"	"GO:0008106"	"alcohol dehydrogenase (NADP+) activity"	"1/57"	"24/18432"	0.0716813528498702	0.0716813528498702	0.20121081501718	"AKR7A2"	1
"63"	"Cluster NR"	"GO:0050750"	"low-density lipoprotein particle receptor binding"	"1/57"	"24/18432"	0.0716813528498702	0.0716813528498702	0.20121081501718	"DNAJA1"	1
"64"	"Cluster NR"	"GO:0050431"	"transforming growth factor beta binding"	"1/57"	"25/18432"	0.0745558727807458	0.0745558727807458	0.206009648473113	"ENG"	1
"65"	"Cluster NR"	"GO:0034593"	"phosphatidylinositol bisphosphate phosphatase activity"	"1/57"	"26/18432"	0.0774216474996841	0.0774216474996841	0.207445562678579	"OCRL"	1
"66"	"Cluster NR"	"GO:0048027"	"mRNA 5'-UTR binding"	"1/57"	"26/18432"	0.0774216474996841	0.0774216474996841	0.207445562678579	"RARA"	1
"67"	"Cluster NR"	"GO:0001671"	"ATPase activator activity"	"1/57"	"27/18432"	0.0802787031387432	0.0802787031387432	0.20877433633605	"DNAJA1"	1
"68"	"Cluster NR"	"GO:0008066"	"glutamate receptor activity"	"1/57"	"27/18432"	0.0802787031387432	0.0802787031387432	0.20877433633605	"GRM2"	1
"69"	"Cluster NR"	"GO:0016628"	"oxidoreductase activity, acting on the CH-CH group of donors, NAD or NADP as acceptor"	"1/57"	"28/18432"	0.0831270657533091	0.0831270657533091	0.210005218745202	"DHCR7"	1
"70"	"Cluster NR"	"GO:0051393"	"alpha-actinin binding"	"1/57"	"28/18432"	0.0831270657533091	0.0831270657533091	0.210005218745202	"RARA"	1
"71"	"Cluster NR"	"GO:0070325"	"lipoprotein particle receptor binding"	"1/57"	"29/18432"	0.0859667613223194	0.0859667613223194	0.214120324716822	"DNAJA1"	1
"72"	"Cluster NR"	"GO:0004033"	"aldo-keto reductase (NADP) activity"	"1/57"	"31/18432"	0.0916202548584859	0.0916202548584859	0.220303620119861	"AKR7A2"	1
"73"	"Cluster NR"	"GO:0005164"	"tumor necrosis factor receptor binding"	"1/57"	"31/18432"	0.0916202548584859	0.0916202548584859	0.220303620119861	"TRADD"	1
"74"	"Cluster NR"	"GO:0030674"	"protein-macromolecule adaptor activity"	"3/57"	"347/18432"	0.0921865743715849	0.0921865743715849	0.220303620119861	"AP2A2/ST13/TRADD"	3
"75"	"Cluster NR"	"GO:0061629"	"RNA polymerase II-specific DNA-binding transcription factor binding"	"3/57"	"350/18432"	0.0940089650599811	0.0940089650599811	0.221663243930903	"DNAJA1/NIF3L1/NKX2-1"	3
"76"	"Cluster R"	"GO:0003743"	"translation initiation factor activity"	"3/79"	"51/18432"	0.00136090396469251	0.00136090396469251	0.212664089381615	"AGO2/EIF3H/EIF4H"	3
"77"	"Cluster R"	"GO:0070063"	"RNA polymerase binding"	"3/79"	"59/18432"	0.00207289236016957	0.00207289236016957	0.212664089381615	"AGO2/ELOF1/ZFP36"	3
"78"	"Cluster R"	"GO:0005085"	"guanyl-nucleotide exchange factor activity"	"5/79"	"224/18432"	0.00275496661244365	0.00275496661244365	0.212664089381615	"ARHGEF33/DEF6/GBF1/KNDC1/LAMTOR2"	5
"79"	"Cluster R"	"GO:0043274"	"phospholipase binding"	"2/79"	"23/18432"	0.00432874335806496	0.00432874335806496	0.250611457572182	"PRKCZ/SRSF3"	2
"80"	"Cluster R"	"GO:0008135"	"translation factor activity, RNA binding"	"3/79"	"84/18432"	0.00562792850154209	0.00562792850154209	0.254968237610253	"AGO2/EIF3H/EIF4H"	3
"81"	"Cluster R"	"GO:0003727"	"single-stranded RNA binding"	"3/79"	"89/18432"	0.00660599524717475	0.00660599524717475	0.254968237610253	"AGO2/EIF4H/ZC3H14"	3
"82"	"Cluster R"	"GO:0071889"	"14-3-3 protein binding"	"2/79"	"31/18432"	0.00778175707008665	0.00778175707008665	0.257441587281062	"PRKCZ/ZFP36"	2
"83"	"Cluster R"	"GO:0000993"	"RNA polymerase II complex binding"	"2/79"	"36/18432"	0.0103984192882371	0.0103984192882371	0.263238134829244	"AGO2/ELOF1"	2
"84"	"Cluster R"	"GO:0090079"	"translation regulator activity, nucleic acid binding"	"3/79"	"108/18432"	0.0112077183687776	0.0112077183687776	0.263238134829244	"AGO2/EIF3H/EIF4H"	3
"85"	"Cluster R"	"GO:0003779"	"actin binding"	"6/79"	"439/18432"	0.0113671012767174	0.0113671012767174	0.263238134829244	"ACTN4/ARPC5/GIPC1/NF2/TPM3/VPS18"	6
"86"	"Cluster R"	"GO:0045296"	"cadherin binding"	"5/79"	"333/18432"	0.0141747254492858	0.0141747254492858	0.282131381659335	"CCT8/EIF4H/GIPC1/IST1/SCRIB"	5
"87"	"Cluster R"	"GO:0043175"	"RNA polymerase core enzyme binding"	"2/79"	"43/18432"	0.0146195352314383	0.0146195352314383	0.282131381659335	"AGO2/ELOF1"	2
"88"	"Cluster R"	"GO:0019955"	"cytokine binding"	"3/79"	"144/18432"	0.0239881953029274	0.0239881953029274	0.320223709686645	"IL20RB/TNFRSF1A/ZFP36"	3
"89"	"Cluster R"	"GO:0001098"	"basal transcription machinery binding"	"2/79"	"61/18432"	0.0281989610564086	0.0281989610564086	0.320223709686645	"AGO2/ELOF1"	2
"90"	"Cluster R"	"GO:0001099"	"basal RNA polymerase II transcription machinery binding"	"2/79"	"61/18432"	0.0281989610564086	0.0281989610564086	0.320223709686645	"AGO2/ELOF1"	2
"91"	"Cluster R"	"GO:0005178"	"integrin binding"	"3/79"	"156/18432"	0.029462054530964	0.029462054530964	0.320223709686645	"ACTN4/FGF1/NF2"	3
"92"	"Cluster R"	"GO:0017022"	"myosin binding"	"2/79"	"74/18432"	0.040168339147405	0.040168339147405	0.320223709686645	"GIPC1/RAB27A"	2
"93"	"Cluster R"	"GO:0005031"	"tumor necrosis factor receptor activity"	"1/79"	"10/18432"	0.0420530410262718	0.0420530410262718	0.320223709686645	"TNFRSF1A"	1
"94"	"Cluster R"	"GO:0016812"	"hydrolase activity, acting on carbon-nitrogen (but not peptide) bonds, in cyclic amides"	"1/79"	"10/18432"	0.0420530410262718	0.0420530410262718	0.320223709686645	"CD101"	1
"95"	"Cluster R"	"GO:0070878"	"primary miRNA binding"	"1/79"	"10/18432"	0.0420530410262718	0.0420530410262718	0.320223709686645	"SRSF3"	1
"96"	"Cluster R"	"GO:0097199"	"cysteine-type endopeptidase activity involved in apoptotic signaling pathway"	"1/79"	"10/18432"	0.0420530410262718	0.0420530410262718	0.320223709686645	"CASP2"	1
"97"	"Cluster R"	"GO:0003725"	"double-stranded RNA binding"	"2/79"	"76/18432"	0.0421538598502421	0.0421538598502421	0.320223709686645	"AGO2/EIF4H"	2
"98"	"Cluster R"	"GO:0046332"	"SMAD binding"	"2/79"	"78/18432"	0.0441756147743192	0.0441756147743192	0.320223709686645	"CREB3L1/TOB1"	2
"99"	"Cluster R"	"GO:0047134"	"protein-disulfide reductase (NAD(P)) activity"	"1/79"	"11/18432"	0.0461610537153897	0.0461610537153897	0.320223709686645	"TXNRD1"	1
"100"	"Cluster R"	"GO:0048306"	"calcium-dependent protein binding"	"2/79"	"81/18432"	0.0472745532896671	0.0472745532896671	0.320223709686645	"CLN3/PDCD6IP"	2
"101"	"Cluster R"	"GO:0000340"	"RNA 7-methylguanosine cap binding"	"1/79"	"12/18432"	0.0502516718553647	0.0502516718553647	0.320223709686645	"AGO2"	1
"102"	"Cluster R"	"GO:0004726"	"non-membrane spanning protein tyrosine phosphatase activity"	"1/79"	"12/18432"	0.0502516718553647	0.0502516718553647	0.320223709686645	"PTPN6"	1
"103"	"Cluster R"	"GO:0035197"	"siRNA binding"	"1/79"	"12/18432"	0.0502516718553647	0.0502516718553647	0.320223709686645	"AGO2"	1
"104"	"Cluster R"	"GO:0005035"	"death receptor activity"	"1/79"	"13/18432"	0.0543249681595678	0.0543249681595678	0.320223709686645	"TNFRSF1A"	1
"105"	"Cluster R"	"GO:0008296"	"3'-5'-exodeoxyribonuclease activity"	"1/79"	"13/18432"	0.0543249681595678	0.0543249681595678	0.320223709686645	"POLE"	1
"106"	"Cluster R"	"GO:0016668"	"oxidoreductase activity, acting on a sulfur group of donors, NAD(P) as acceptor"	"1/79"	"13/18432"	0.0543249681595678	0.0543249681595678	0.320223709686645	"TXNRD1"	1
"107"	"Cluster R"	"GO:0043560"	"insulin receptor substrate binding"	"1/79"	"13/18432"	0.0543249681595678	0.0543249681595678	0.320223709686645	"PRKCZ"	1
"108"	"Cluster R"	"GO:0140666"	"annealing activity"	"1/79"	"13/18432"	0.0543249681595678	0.0543249681595678	0.320223709686645	"EIF4H"	1
"109"	"Cluster R"	"GO:0030695"	"GTPase regulator activity"	"5/79"	"488/18432"	0.0583690205022873	0.0583690205022873	0.320223709686645	"ARHGEF33/DEF6/GBF1/KNDC1/LAMTOR2"	5
"110"	"Cluster R"	"GO:0060589"	"nucleoside-triphosphatase regulator activity"	"5/79"	"488/18432"	0.0583690205022873	0.0583690205022873	0.320223709686645	"ARHGEF33/DEF6/GBF1/KNDC1/LAMTOR2"	5
"111"	"Cluster R"	"GO:0044548"	"S100 protein binding"	"1/79"	"14/18432"	0.0583810150413419	0.0583810150413419	0.320223709686645	"FGF1"	1
"112"	"Cluster R"	"GO:0048018"	"receptor ligand activity"	"5/79"	"491/18432"	0.0596116425366964	0.0596116425366964	0.320223709686645	"CCL1/FGF1/IL5/LHB/SHH"	5
"113"	"Cluster R"	"GO:0032794"	"GTPase activating protein binding"	"1/79"	"15/18432"	0.0624198846152224	0.0624198846152224	0.320223709686645	"TUBB"	1
"114"	"Cluster R"	"GO:0097153"	"cysteine-type endopeptidase activity involved in apoptotic process"	"1/79"	"15/18432"	0.0624198846152224	0.0624198846152224	0.320223709686645	"CASP2"	1
"115"	"Cluster R"	"GO:0030546"	"signaling receptor activator activity"	"5/79"	"498/18432"	0.0625701059294896	0.0625701059294896	0.320223709686645	"CCL1/FGF1/IL5/LHB/SHH"	5
"116"	"Cluster R"	"GO:0004698"	"calcium-dependent protein kinase C activity"	"1/79"	"16/18432"	0.0664416486981568	0.0664416486981568	0.320223709686645	"PRKCZ"	1
"117"	"Cluster R"	"GO:0030275"	"LRR domain binding"	"1/79"	"16/18432"	0.0664416486981568	0.0664416486981568	0.320223709686645	"POLR2J"	1
"118"	"Cluster R"	"GO:0031489"	"myosin V binding"	"1/79"	"16/18432"	0.0664416486981568	0.0664416486981568	0.320223709686645	"RAB27A"	1
"119"	"Cluster R"	"GO:0051015"	"actin filament binding"	"3/79"	"219/18432"	0.0678755005239674	0.0678755005239674	0.320223709686645	"ACTN4/ARPC5/TPM3"	3
"120"	"Cluster R"	"GO:0004697"	"protein kinase C activity"	"1/79"	"17/18432"	0.0704463788107138	0.0704463788107138	0.320223709686645	"PRKCZ"	1
"121"	"Cluster R"	"GO:0005001"	"transmembrane receptor protein tyrosine phosphatase activity"	"1/79"	"17/18432"	0.0704463788107138	0.0704463788107138	0.320223709686645	"PTPN6"	1
"122"	"Cluster R"	"GO:0005005"	"transmembrane-ephrin receptor activity"	"1/79"	"17/18432"	0.0704463788107138	0.0704463788107138	0.320223709686645	"EPHB6"	1
"123"	"Cluster R"	"GO:0019198"	"transmembrane receptor protein phosphatase activity"	"1/79"	"17/18432"	0.0704463788107138	0.0704463788107138	0.320223709686645	"PTPN6"	1
"124"	"Cluster R"	"GO:0035497"	"cAMP response element binding"	"1/79"	"17/18432"	0.0704463788107138	0.0704463788107138	0.320223709686645	"CREB3L1"	1
"125"	"Cluster R"	"GO:0043024"	"ribosomal small subunit binding"	"1/79"	"17/18432"	0.0704463788107138	0.0704463788107138	0.320223709686645	"EIF4H"	1
"126"	"Cluster R"	"GO:0106310"	"protein serine kinase activity"	"4/79"	"363/18432"	0.0705219942468998	0.0705219942468998	0.320223709686645	"MAST1/NEK4/PRKCZ/STK4"	4
"127"	"Cluster R"	"GO:0005200"	"structural constituent of cytoskeleton"	"2/79"	"107/18432"	0.0771207062004206	0.0771207062004206	0.332297792830663	"ARPC5/TUBB"	2
"128"	"Cluster R"	"GO:0000339"	"RNA cap binding"	"1/79"	"19/18432"	0.0784050217323221	0.0784050217323221	0.332297792830663	"AGO2"	1
"129"	"Cluster R"	"GO:0005003"	"ephrin receptor activity"	"1/79"	"19/18432"	0.0784050217323221	0.0784050217323221	0.332297792830663	"EPHB6"	1
"130"	"Cluster R"	"GO:0009931"	"calcium-dependent protein serine/threonine kinase activity"	"1/79"	"22/18432"	0.0902170024430204	0.0902170024430204	0.332297792830663	"PRKCZ"	1
"131"	"Cluster R"	"GO:0042288"	"MHC class I protein binding"	"1/79"	"22/18432"	0.0902170024430204	0.0902170024430204	0.332297792830663	"TUBB"	1
"132"	"Cluster R"	"GO:0010857"	"calcium-dependent protein kinase activity"	"1/79"	"23/18432"	0.0941210142196095	0.0941210142196095	0.332297792830663	"PRKCZ"	1
"133"	"Cluster R"	"GO:0140416"	"transcription regulator inhibitor activity"	"1/79"	"23/18432"	0.0941210142196095	0.0941210142196095	0.332297792830663	"TAF3"	1
"134"	"Cluster R"	"GO:0003887"	"DNA-directed DNA polymerase activity"	"1/79"	"24/18432"	0.0980084844720212	0.0980084844720212	0.332297792830663	"POLE"	1
"135"	"Cluster R"	"GO:0004529"	"exodeoxyribonuclease activity"	"1/79"	"24/18432"	0.0980084844720212	0.0980084844720212	0.332297792830663	"POLE"	1
"136"	"Cluster R"	"GO:0008143"	"poly(A) binding"	"1/79"	"24/18432"	0.0980084844720212	0.0980084844720212	0.332297792830663	"ZC3H14"	1
"137"	"Cluster R"	"GO:0016895"	"exodeoxyribonuclease activity, producing 5'-phosphomonoesters"	"1/79"	"24/18432"	0.0980084844720212	0.0980084844720212	0.332297792830663	"POLE"	1
"138"	"Cluster R"	"GO:0019957"	"C-C chemokine binding"	"1/79"	"24/18432"	0.0980084844720212	0.0980084844720212	0.332297792830663	"ZFP36"	1
"139"	"Cluster R"	"GO:0042625"	"ATPase-coupled ion transmembrane transporter activity"	"1/79"	"24/18432"	0.0980084844720212	0.0980084844720212	0.332297792830663	"ATP6V1D"	1
"140"	"Cluster R"	"GO:0042974"	"nuclear retinoic acid receptor binding"	"1/79"	"24/18432"	0.0980084844720212	0.0980084844720212	0.332297792830663	"ACTN4"	1
"141"	"Cluster R"	"GO:0044769"	"ATPase activity, coupled to transmembrane movement of ions, rotational mechanism"	"1/79"	"24/18432"	0.0980084844720212	0.0980084844720212	0.332297792830663	"ATP6V1D"	1
"142"	"Cluster R"	"GO:0046961"	"proton-transporting ATPase activity, rotational mechanism"	"1/79"	"24/18432"	0.0980084844720212	0.0980084844720212	0.332297792830663	"ATP6V1D"	1
"143"	"Cluster R"	"GO:0031072"	"heat shock protein binding"	"2/79"	"124/18432"	0.0990757420944677	0.0990757420944677	0.332297792830663	"FGF1/ZFP36"	2
"144"	"mIDH2"	"GO:0022851"	"GABA-gated chloride ion channel activity"	"2/71"	"13/18432"	0.00111021571506578	0.00111021571506578	0.0559953646841009	"GABRA6/GABRB2"	2
"145"	"mIDH2"	"GO:0005237"	"inhibitory extracellular ligand-gated ion channel activity"	"2/71"	"15/18432"	0.00148709340821949	0.00148709340821949	0.0559953646841009	"GABRA6/GABRB2"	2
"146"	"mIDH2"	"GO:0022824"	"transmitter-gated ion channel activity"	"3/71"	"65/18432"	0.0020162884236668	0.0020162884236668	0.0559953646841009	"GABRA6/GABRB2/GRIA4"	3
"147"	"mIDH2"	"GO:0022835"	"transmitter-gated channel activity"	"3/71"	"65/18432"	0.0020162884236668	0.0020162884236668	0.0559953646841009	"GABRA6/GABRB2/GRIA4"	3
"148"	"mIDH2"	"GO:0004890"	"GABA-A receptor activity"	"2/71"	"19/18432"	0.00239784445197069	0.00239784445197069	0.0559953646841009	"GABRA6/GABRB2"	2
"149"	"mIDH2"	"GO:0099095"	"ligand-gated anion channel activity"	"2/71"	"19/18432"	0.00239784445197069	0.00239784445197069	0.0559953646841009	"GABRA6/GABRB2"	2
"150"	"mIDH2"	"GO:0030695"	"GTPase regulator activity"	"7/71"	"488/18432"	0.00269476203912613	0.00269476203912613	0.0559953646841009	"ARHGAP9/ARHGEF6/ARL2BP/FARP1/PLEKHG4/RABIF/RTKN"	7
"151"	"mIDH2"	"GO:0060589"	"nucleoside-triphosphatase regulator activity"	"7/71"	"488/18432"	0.00269476203912613	0.00269476203912613	0.0559953646841009	"ARHGAP9/ARHGEF6/ARL2BP/FARP1/PLEKHG4/RABIF/RTKN"	7
"152"	"mIDH2"	"GO:0005230"	"extracellular ligand-gated ion channel activity"	"3/71"	"74/18432"	0.00291930226159134	0.00291930226159134	0.0559953646841009	"GABRA6/GABRB2/GRIA4"	3
"153"	"mIDH2"	"GO:0031681"	"G-protein beta-subunit binding"	"2/71"	"21/18432"	0.00293011024201251	0.00293011024201251	0.0559953646841009	"GNG3/GNG5"	2
"154"	"mIDH2"	"GO:0016917"	"GABA receptor activity"	"2/71"	"22/18432"	0.00321511846675195	0.00321511846675195	0.0559953646841009	"GABRA6/GABRB2"	2
"155"	"mIDH2"	"GO:0051019"	"mitogen-activated protein kinase binding"	"2/71"	"28/18432"	0.00518328531837556	0.00518328531837556	0.0827506954337151	"MAPK14/TAB1"	2
"156"	"mIDH2"	"GO:0004722"	"protein serine/threonine phosphatase activity"	"3/71"	"101/18432"	0.00697040341572942	0.00697040341572942	0.102721734547592	"PPP2CA/PPP4C/TAB1"	3
"157"	"mIDH2"	"GO:0003924"	"GTPase activity"	"5/71"	"331/18432"	0.00897329925132918	0.00897329925132918	0.115305305161867	"DRG1/GNG3/GNG5/RAB37/RHOBTB2"	5
"158"	"mIDH2"	"GO:0030594"	"neurotransmitter receptor activity"	"3/71"	"111/18432"	0.00902802526679453	0.00902802526679453	0.115305305161867	"GABRA6/GABRB2/GRIA4"	3
"159"	"mIDH2"	"GO:0008137"	"NADH dehydrogenase (ubiquinone) activity"	"2/71"	"41/18432"	0.0108878589067337	0.0108878589067337	0.121021034470202	"NDUFB3/NDUFB4"	2
"160"	"mIDH2"	"GO:0005085"	"guanyl-nucleotide exchange factor activity"	"4/71"	"224/18432"	0.0109371552780701	0.0109371552780701	0.121021034470202	"ARHGEF6/FARP1/PLEKHG4/RABIF"	4
"161"	"mIDH2"	"GO:0050136"	"NADH dehydrogenase (quinone) activity"	"2/71"	"42/18432"	0.0114040250662777	0.0114040250662777	0.121021034470202	"NDUFB3/NDUFB4"	2
"162"	"mIDH2"	"GO:0003954"	"NADH dehydrogenase activity"	"2/71"	"44/18432"	0.0124680869449733	0.0124680869449733	0.121021034470202	"NDUFB3/NDUFB4"	2
"163"	"mIDH2"	"GO:0003955"	"NAD(P)H dehydrogenase (quinone) activity"	"2/71"	"45/18432"	0.0130158092379835	0.0130158092379835	0.121021034470202	"NDUFB3/NDUFB4"	2
"164"	"mIDH2"	"GO:0042826"	"histone deacetylase binding"	"3/71"	"128/18432"	0.0132657672400029	0.0132657672400029	0.121021034470202	"HEY2/KPNA2/MEF2D"	3
"165"	"mIDH2"	"GO:0015276"	"ligand-gated ion channel activity"	"3/71"	"146/18432"	0.0188021501126305	0.0188021501126305	0.144547431390159	"GABRA6/GABRB2/GRIA4"	3
"166"	"mIDH2"	"GO:0022834"	"ligand-gated channel activity"	"3/71"	"146/18432"	0.0188021501126305	0.0188021501126305	0.144547431390159	"GABRA6/GABRB2/GRIA4"	3
"167"	"mIDH2"	"GO:0005231"	"excitatory extracellular ligand-gated ion channel activity"	"2/71"	"56/18432"	0.0197050320100372	0.0197050320100372	0.144547431390159	"GABRA6/GABRB2"	2
"168"	"mIDH2"	"GO:0016655"	"oxidoreductase activity, acting on NAD(P)H, quinone or similar compound as acceptor"	"2/71"	"57/18432"	0.0203713722440271	0.0203713722440271	0.144547431390159	"NDUFB3/NDUFB4"	2
"169"	"mIDH2"	"GO:1904315"	"transmitter-gated ion channel activity involved in regulation of postsynaptic membrane potential"	"2/71"	"58/18432"	0.0210470645534875	0.0210470645534875	0.144547431390159	"GABRA6/GABRB2"	2
"170"	"mIDH2"	"GO:0099529"	"neurotransmitter receptor activity involved in regulation of postsynaptic membrane potential"	"2/71"	"61/18432"	0.0231294585106048	0.0231294585106048	0.144547431390159	"GABRA6/GABRB2"	2
"171"	"mIDH2"	"GO:0008173"	"RNA methyltransferase activity"	"2/71"	"65/18432"	0.0260321256856423	0.0260321256856423	0.144547431390159	"EMG1/METTL3"	2
"172"	"mIDH2"	"GO:0019843"	"rRNA binding"	"2/71"	"67/18432"	0.0275361272009716	0.0275361272009716	0.144547431390159	"ANG/EMG1"	2
"173"	"mIDH2"	"GO:0051020"	"GTPase binding"	"4/71"	"303/18432"	0.0294537280806484	0.0294537280806484	0.144547431390159	"FARP1/RADIL/RTKN/SPTBN1"	4
"174"	"mIDH2"	"GO:0015453"	"oxidoreduction-driven active transmembrane transporter activity"	"2/71"	"71/18432"	0.0306464287774447	0.0306464287774447	0.144547431390159	"NDUFB3/NDUFB4"	2
"175"	"mIDH2"	"GO:0004721"	"phosphoprotein phosphatase activity"	"3/71"	"177/18432"	0.0309204603724128	0.0309204603724128	0.144547431390159	"PPP2CA/PPP4C/TAB1"	3
"176"	"mIDH2"	"GO:0008022"	"protein C-terminus binding"	"3/71"	"181/18432"	0.0327222454469884	0.0327222454469884	0.144547431390159	"PIAS4/PPP2CA/TERF2"	3
"177"	"mIDH2"	"GO:0098960"	"postsynaptic neurotransmitter receptor activity"	"2/71"	"75/18432"	0.0338891605410315	0.0338891605410315	0.144547431390159	"GABRA6/GABRB2"	2
"178"	"mIDH2"	"GO:0017018"	"myosin phosphatase activity"	"2/71"	"76/18432"	0.0347199866280518	0.0347199866280518	0.144547431390159	"PPP2CA/PPP4C"	2
"179"	"mIDH2"	"GO:0001227"	"DNA-binding transcription repressor activity, RNA polymerase II-specific"	"4/71"	"323/18432"	0.0359865591920038	0.0359865591920038	0.144547431390159	"HEY2/NKX6-1/SNAI1/ZNF177"	4
"180"	"mIDH2"	"GO:0005254"	"chloride channel activity"	"2/71"	"78/18432"	0.0364053063216853	0.0364053063216853	0.144547431390159	"GABRA6/GABRB2"	2
"181"	"mIDH2"	"GO:0001217"	"DNA-binding transcription repressor activity"	"4/71"	"327/18432"	0.0373862720231908	0.0373862720231908	0.144547431390159	"HEY2/NKX6-1/SNAI1/ZNF177"	4
"182"	"mIDH2"	"GO:0001163"	"RNA polymerase I transcription regulatory region sequence-specific DNA binding"	"1/71"	"10/18432"	0.0378681597593528	0.0378681597593528	0.144547431390159	"SMARCB1"	1
"183"	"mIDH2"	"GO:0001164"	"RNA polymerase I core promoter sequence-specific DNA binding"	"1/71"	"10/18432"	0.0378681597593528	0.0378681597593528	0.144547431390159	"SMARCB1"	1
"184"	"mIDH2"	"GO:0016595"	"glutamate binding"	"1/71"	"10/18432"	0.0378681597593528	0.0378681597593528	0.144547431390159	"CPS1"	1
"185"	"mIDH2"	"GO:0016884"	"carbon-nitrogen ligase activity, with glutamine as amido-N-donor"	"1/71"	"10/18432"	0.0378681597593528	0.0378681597593528	0.144547431390159	"CPS1"	1
"186"	"mIDH2"	"GO:0017002"	"activin receptor activity"	"1/71"	"10/18432"	0.0378681597593528	0.0378681597593528	0.144547431390159	"ACVR2A"	1
"187"	"mIDH2"	"GO:0030957"	"Tat protein binding"	"1/71"	"10/18432"	0.0378681597593528	0.0378681597593528	0.144547431390159	"SMARCB1"	1
"188"	"mIDH2"	"GO:0036435"	"K48-linked polyubiquitin modification-dependent protein binding"	"1/71"	"10/18432"	0.0378681597593528	0.0378681597593528	0.144547431390159	"IKBKE"	1
"189"	"mIDH2"	"GO:0098505"	"G-rich strand telomeric DNA binding"	"1/71"	"10/18432"	0.0378681597593528	0.0378681597593528	0.144547431390159	"TERF2"	1
"190"	"mIDH2"	"GO:0042277"	"peptide binding"	"4/71"	"330/18432"	0.038456521253875	0.038456521253875	0.144547431390159	"ANG/GRIA4/KPNA2/PPIA"	4
"191"	"mIDH2"	"GO:0045296"	"cadherin binding"	"4/71"	"333/18432"	0.0395443292812166	0.0395443292812166	0.144547431390159	"EIF4H/KIF5B/SH3GLB1/SPTBN1"	4
"192"	"mIDH2"	"GO:0030165"	"PDZ domain binding"	"2/71"	"82/18432"	0.0398686311155718	0.0398686311155718	0.144547431390159	"ACVR2A/GNG5"	2
"193"	"mIDH2"	"GO:0008503"	"benzodiazepine receptor activity"	"1/71"	"11/18432"	0.0415763000620932	0.0415763000620932	0.144547431390159	"GABRA6"	1
"194"	"mIDH2"	"GO:0019107"	"myristoyltransferase activity"	"1/71"	"11/18432"	0.0415763000620932	0.0415763000620932	0.144547431390159	"ZDHHC20"	1
"195"	"mIDH2"	"GO:0061665"	"SUMO ligase activity"	"1/71"	"11/18432"	0.0415763000620932	0.0415763000620932	0.144547431390159	"PIAS4"	1
"196"	"mIDH2"	"GO:0070697"	"activin receptor binding"	"1/71"	"11/18432"	0.0415763000620932	0.0415763000620932	0.144547431390159	"SAV1"	1
"197"	"mIDH2"	"GO:0016651"	"oxidoreductase activity, acting on NAD(P)H"	"2/71"	"87/18432"	0.0443658268856721	0.0443658268856721	0.144547431390159	"NDUFB3/NDUFB4"	2
"198"	"mIDH2"	"GO:0003964"	"RNA-directed DNA polymerase activity"	"1/71"	"12/18432"	0.0452703493914233	0.0452703493914233	0.144547431390159	"TERF2"	1
"199"	"mIDH2"	"GO:0005095"	"GTPase inhibitor activity"	"1/71"	"12/18432"	0.0452703493914233	0.0452703493914233	0.144547431390159	"RTKN"	1
"200"	"mIDH2"	"GO:0008174"	"mRNA methyltransferase activity"	"1/71"	"12/18432"	0.0452703493914233	0.0452703493914233	0.144547431390159	"METTL3"	1
"201"	"mIDH2"	"GO:0030955"	"potassium ion binding"	"1/71"	"12/18432"	0.0452703493914233	0.0452703493914233	0.144547431390159	"DRG1"	1
"202"	"mIDH2"	"GO:0043047"	"single-stranded telomeric DNA binding"	"1/71"	"12/18432"	0.0452703493914233	0.0452703493914233	0.144547431390159	"TERF2"	1
"203"	"mIDH2"	"GO:0046790"	"virion binding"	"1/71"	"12/18432"	0.0452703493914233	0.0452703493914233	0.144547431390159	"PPIA"	1
"204"	"mIDH2"	"GO:0061629"	"RNA polymerase II-specific DNA-binding transcription factor binding"	"4/71"	"350/18432"	0.0460406119498388	0.0460406119498388	0.144596917599149	"HEY2/MAPK14/MEF2D/SMARCB1"	4
"205"	"mIDH2"	"GO:0005253"	"anion channel activity"	"2/71"	"91/18432"	0.0480927023643674	0.0480927023643674	0.14652903974776	"GABRA6/GABRB2"	2
"206"	"mIDH2"	"GO:0005035"	"death receptor activity"	"1/71"	"13/18432"	0.0489503605311199	0.0489503605311199	0.14652903974776	"TNFRSF10B"	1
"207"	"mIDH2"	"GO:0140666"	"annealing activity"	"1/71"	"13/18432"	0.0489503605311199	0.0489503605311199	0.14652903974776	"EIF4H"	1
"208"	"mIDH2"	"GO:0098847"	"sequence-specific single stranded DNA binding"	"1/71"	"14/18432"	0.0526163860700902	0.0526163860700902	0.155079874732897	"TERF2"	1
"209"	"mIDH2"	"GO:0048185"	"activin binding"	"1/71"	"15/18432"	0.0562684784030805	0.0562684784030805	0.163331149431589	"ACVR2A"	1
"210"	"mIDH2"	"GO:0005525"	"GTP binding"	"4/71"	"379/18432"	0.0584222000225683	0.0584222000225683	0.165268515278038	"DRG1/RAB37/RHOBTB2/RTKN"	4
"211"	"mIDH2"	"GO:0004707"	"MAP kinase activity"	"1/71"	"16/18432"	0.0599066897313848	0.0599066897313848	0.165268515278038	"MAPK14"	1
"212"	"mIDH2"	"GO:0008574"	"plus-end-directed microtubule motor activity"	"1/71"	"17/18432"	0.0635310720635459	0.0635310720635459	0.165268515278038	"KIF5B"	1
"213"	"mIDH2"	"GO:0031420"	"alkali metal ion binding"	"1/71"	"17/18432"	0.0635310720635459	0.0635310720635459	0.165268515278038	"DRG1"	1
"214"	"mIDH2"	"GO:0043024"	"ribosomal small subunit binding"	"1/71"	"17/18432"	0.0635310720635459	0.0635310720635459	0.165268515278038	"EIF4H"	1
"215"	"mIDH2"	"GO:0015108"	"chloride transmembrane transporter activity"	"2/71"	"107/18432"	0.0640609208157515	0.0640609208157515	0.165268515278038	"GABRA6/GABRB2"	2
"216"	"mIDH2"	"GO:0004708"	"MAP kinase kinase activity"	"1/71"	"18/18432"	0.0671416772160565	0.0671416772160565	0.165268515278038	"MAPK14"	1
"217"	"mIDH2"	"GO:1904047"	"S-adenosyl-L-methionine binding"	"1/71"	"18/18432"	0.0671416772160565	0.0671416772160565	0.165268515278038	"METTL3"	1
"218"	"mIDH2"	"GO:0019001"	"guanyl nucleotide binding"	"4/71"	"401/18432"	0.068895424422147	0.068895424422147	0.165268515278038	"DRG1/RAB37/RHOBTB2/RTKN"	4
"219"	"mIDH2"	"GO:0032561"	"guanyl ribonucleotide binding"	"4/71"	"401/18432"	0.068895424422147	0.068895424422147	0.165268515278038	"DRG1/RAB37/RHOBTB2/RTKN"	4
"220"	"mIDH2"	"GO:0004675"	"transmembrane receptor protein serine/threonine kinase activity"	"1/71"	"19/18432"	0.0707385568140612	0.0707385568140612	0.165268515278038	"ACVR2A"	1
"221"	"mIDH2"	"GO:0004970"	"ionotropic glutamate receptor activity"	"1/71"	"19/18432"	0.0707385568140612	0.0707385568140612	0.165268515278038	"GRIA4"	1
"222"	"mIDH2"	"GO:0030506"	"ankyrin binding"	"1/71"	"19/18432"	0.0707385568140612	0.0707385568140612	0.165268515278038	"SPTBN1"	1
"223"	"mIDH2"	"GO:0031690"	"adrenergic receptor binding"	"1/71"	"19/18432"	0.0707385568140612	0.0707385568140612	0.165268515278038	"SAV1"	1
"224"	"mIDH2"	"GO:0050811"	"GABA receptor binding"	"1/71"	"19/18432"	0.0707385568140612	0.0707385568140612	0.165268515278038	"PPP2CA"	1
"225"	"mIDH2"	"GO:0061608"	"nuclear import signal receptor activity"	"1/71"	"19/18432"	0.0707385568140612	0.0707385568140612	0.165268515278038	"KPNA2"	1
"226"	"mIDH2"	"GO:0033218"	"amide binding"	"4/71"	"408/18432"	0.0724198728664286	0.0724198728664286	0.167158108581991	"ANG/GRIA4/KPNA2/PPIA"	4
"227"	"mIDH2"	"GO:0016018"	"cyclosporin A binding"	"1/71"	"20/18432"	0.07432176229205	0.07432176229205	0.169505773648535	"PPIA"	1
"228"	"mIDH2"	"GO:0009055"	"electron transfer activity"	"2/71"	"122/18432"	0.0804057126968061	0.0804057126968061	0.178508957793186	"NDUFB3/NDUFB4"	2
"229"	"mIDH2"	"GO:0051082"	"unfolded protein binding"	"2/71"	"124/18432"	0.0826746545027353	0.0826746545027353	0.178508957793186	"PPIA/SRSF10"	2
"230"	"mIDH2"	"GO:0004674"	"protein serine/threonine kinase activity"	"4/71"	"430/18432"	0.0840871553158779	0.0840871553158779	0.178508957793186	"ACVR2A/IKBKE/LIMK1/MAPK14"	4
"231"	"mIDH2"	"GO:0008649"	"rRNA methyltransferase activity"	"1/71"	"23/18432"	0.0849898455055591	0.0849898455055591	0.178508957793186	"EMG1"	1
"232"	"mIDH2"	"GO:0016493"	"C-C chemokine receptor activity"	"1/71"	"23/18432"	0.0849898455055591	0.0849898455055591	0.178508957793186	"CCR10"	1
"233"	"mIDH2"	"GO:0019789"	"SUMO transferase activity"	"1/71"	"23/18432"	0.0849898455055591	0.0849898455055591	0.178508957793186	"PIAS4"	1
"234"	"mIDH2"	"GO:1901681"	"sulfur compound binding"	"3/71"	"270/18432"	0.0860910499871867	0.0860910499871867	0.178508957793186	"ANG/METTL3/PPIA"	3
"235"	"mIDH2"	"GO:0004529"	"exodeoxyribonuclease activity"	"1/71"	"24/18432"	0.0885188650595332	0.0885188650595332	0.178508957793186	"RAD1"	1
"236"	"mIDH2"	"GO:0016895"	"exodeoxyribonuclease activity, producing 5'-phosphomonoesters"	"1/71"	"24/18432"	0.0885188650595332	0.0885188650595332	0.178508957793186	"RAD1"	1
"237"	"mIDH2"	"GO:0019957"	"C-C chemokine binding"	"1/71"	"24/18432"	0.0885188650595332	0.0885188650595332	0.178508957793186	"CCR10"	1
"238"	"mIDH2"	"GO:0140102"	"catalytic activity, acting on a rRNA"	"1/71"	"24/18432"	0.0885188650595332	0.0885188650595332	0.178508957793186	"EMG1"	1
"239"	"mIDH2"	"GO:0016791"	"phosphatase activity"	"3/71"	"276/18432"	0.0905304399514077	0.0905304399514077	0.179439406732551	"PPP2CA/PPP4C/TAB1"	3
"240"	"mIDH2"	"GO:0003713"	"transcription coactivator activity"	"3/71"	"281/18432"	0.0943024280446287	0.0943024280446287	0.179439406732551	"ARL2BP/HCFC2/SMARCB1"	3
"241"	"mIDH2"	"GO:0001637"	"G protein-coupled chemoattractant receptor activity"	"1/71"	"26/18432"	0.0955366951229901	0.0955366951229901	0.179439406732551	"CCR10"	1
"242"	"mIDH2"	"GO:0004950"	"chemokine receptor activity"	"1/71"	"26/18432"	0.0955366951229901	0.0955366951229901	0.179439406732551	"CCR10"	1
"243"	"mIDH2"	"GO:0019706"	"protein-cysteine S-palmitoyltransferase activity"	"1/71"	"26/18432"	0.0955366951229901	0.0955366951229901	0.179439406732551	"ZDHHC20"	1
"244"	"mIDH2"	"GO:0019707"	"protein-cysteine S-acyltransferase activity"	"1/71"	"26/18432"	0.0955366951229901	0.0955366951229901	0.179439406732551	"ZDHHC20"	1
"245"	"mIDH2"	"GO:0070696"	"transmembrane receptor protein serine/threonine kinase binding"	"1/71"	"26/18432"	0.0955366951229901	0.0955366951229901	0.179439406732551	"SAV1"	1
"246"	"mIDH2"	"GO:0008066"	"glutamate receptor activity"	"1/71"	"27/18432"	0.0990256060567218	0.0990256060567218	0.182415590104488	"GRIA4"	1
"247"	"mIDH2"	"GO:0008139"	"nuclear localization sequence binding"	"1/71"	"27/18432"	0.0990256060567218	0.0990256060567218	0.182415590104488	"KPNA2"	1
"248"	"mIDH1"	"GO:0003713"	"transcription coactivator activity"	"5/61"	"281/18432"	0.00235595127321092	0.00235595127321092	0.165707070975703	"BCL3/PQBP1/TRIM22/ZIC3/ZMIZ2"	5
"249"	"mIDH1"	"GO:0008139"	"nuclear localization sequence binding"	"2/61"	"27/18432"	0.00358536848790425	0.00358536848790425	0.165707070975703	"NFKBIA/TNPO1"	2
"250"	"mIDH1"	"GO:0003714"	"transcription corepressor activity"	"4/61"	"191/18432"	0.00367939203992561	0.00367939203992561	0.165707070975703	"ATF7IP/BCL3/EZH1/TRIM22"	4
"251"	"mIDH1"	"GO:0043130"	"ubiquitin binding"	"3/61"	"96/18432"	0.00396029477803568	0.00396029477803568	0.165707070975703	"HSPB1/RAD23A/UBE2A"	3
"252"	"mIDH1"	"GO:0060090"	"molecular adaptor activity"	"6/61"	"492/18432"	0.00563358603972338	0.00563358603972338	0.187031358063399	"AP1M1/BCL3/NCSTN/PRDX4/SGTA/TRIM22"	6
"253"	"mIDH1"	"GO:0032182"	"ubiquitin-like protein binding"	"3/61"	"116/18432"	0.00670489774189543	0.00670489774189543	0.187031358063399	"HSPB1/RAD23A/UBE2A"	3
"254"	"mIDH1"	"GO:0005048"	"signal sequence binding"	"2/61"	"50/18432"	0.0119178670854128	0.0119178670854128	0.239263621328165	"NFKBIA/TNPO1"	2
"255"	"mIDH1"	"GO:0004984"	"olfactory receptor activity"	"5/61"	"429/18432"	0.0136568302044649	0.0136568302044649	0.239263621328165	"OR2L3/OR2M7/OR4F29/OR51A2/OR5A1"	5
"256"	"mIDH1"	"GO:0015459"	"potassium channel regulator activity"	"2/61"	"54/18432"	0.0138048930562932	0.0138048930562932	0.239263621328165	"AKT1/FLNA"	2
"257"	"mIDH1"	"GO:0005080"	"protein kinase C binding"	"2/61"	"55/18432"	0.0142956251736954	0.0142956251736954	0.239263621328165	"FLNA/HSPB1"	2
"258"	"mIDH1"	"GO:0042054"	"histone methyltransferase activity"	"2/61"	"59/18432"	0.0163328524189834	0.0163328524189834	0.248509429150082	"EZH1/SUZ12"	2
"259"	"mIDH1"	"GO:0001228"	"DNA-binding transcription activator activity, RNA polymerase II-specific"	"5/61"	"468/18432"	0.0191832851224291	0.0191832851224291	0.255204204185288	"ETV5/MAF/SP7/ZIC3/ZNF33B"	5
"260"	"mIDH1"	"GO:0001216"	"DNA-binding transcription activator activity"	"5/61"	"472/18432"	0.0198224649162787	0.0198224649162787	0.255204204185288	"ETV5/MAF/SP7/ZIC3/ZNF33B"	5
"261"	"mIDH1"	"GO:0030674"	"protein-macromolecule adaptor activity"	"4/61"	"347/18432"	0.027820072367734	0.027820072367734	0.314573054201451	"AP1M1/BCL3/NCSTN/TRIM22"	4
"262"	"mIDH1"	"GO:0008276"	"protein methyltransferase activity"	"2/61"	"92/18432"	0.0372831202019663	0.0372831202019663	0.314573054201451	"EZH1/SUZ12"	2
"263"	"mIDH1"	"GO:0008179"	"adenylate cyclase binding"	"1/61"	"12/18432"	0.0390100201207928	0.0390100201207928	0.314573054201451	"CAP2"	1
"264"	"mIDH1"	"GO:0051378"	"serotonin binding"	"1/61"	"12/18432"	0.0390100201207928	0.0390100201207928	0.314573054201451	"HTR1F"	1
"265"	"mIDH1"	"GO:0106222"	"lncRNA binding"	"1/61"	"12/18432"	0.0390100201207928	0.0390100201207928	0.314573054201451	"SUZ12"	1
"266"	"mIDH1"	"GO:0043176"	"amine binding"	"1/61"	"13/18432"	0.0421924516502514	0.0421924516502514	0.314573054201451	"HTR1F"	1
"267"	"mIDH1"	"GO:0044548"	"S100 protein binding"	"1/61"	"14/18432"	0.0453645163904293	0.0453645163904293	0.314573054201451	"S100A11"	1
"268"	"mIDH1"	"GO:0140313"	"molecular sequestering activity"	"1/61"	"14/18432"	0.0453645163904293	0.0453645163904293	0.314573054201451	"PRDX4"	1
"269"	"mIDH1"	"GO:1990825"	"sequence-specific mRNA binding"	"1/61"	"14/18432"	0.0453645163904293	0.0453645163904293	0.314573054201451	"SRSF4"	1
"270"	"mIDH1"	"GO:0004198"	"calcium-dependent cysteine-type endopeptidase activity"	"1/61"	"16/18432"	0.0516776782337516	0.0516776782337516	0.314573054201451	"CAPN1"	1
"271"	"mIDH1"	"GO:0017070"	"U6 snRNA binding"	"1/61"	"16/18432"	0.0516776782337516	0.0516776782337516	0.314573054201451	"LSM7"	1
"272"	"mIDH1"	"GO:0016755"	"aminoacyltransferase activity"	"1/61"	"17/18432"	0.0548188414411654	0.0548188414411654	0.314573054201451	"TGM2"	1
"273"	"mIDH1"	"GO:0070628"	"proteasome binding"	"1/61"	"17/18432"	0.0548188414411654	0.0548188414411654	0.314573054201451	"RAD23A"	1
"274"	"mIDH1"	"GO:0035615"	"clathrin adaptor activity"	"1/61"	"18/18432"	0.0579497700684856	0.0579497700684856	0.314573054201451	"AP1M1"	1
"275"	"mIDH1"	"GO:0098641"	"cadherin binding involved in cell-cell adhesion"	"1/61"	"18/18432"	0.0579497700684856	0.0579497700684856	0.314573054201451	"S100A11"	1
"276"	"mIDH1"	"GO:0061608"	"nuclear import signal receptor activity"	"1/61"	"19/18432"	0.0610704969081627	0.0610704969081627	0.314573054201451	"TNPO1"	1
"277"	"mIDH1"	"GO:0140312"	"cargo adaptor activity"	"1/61"	"19/18432"	0.0610704969081627	0.0610704969081627	0.314573054201451	"AP1M1"	1
"278"	"mIDH1"	"GO:1990381"	"ubiquitin-specific protease binding"	"1/61"	"21/18432"	0.0672814758782501	0.0672814758782501	0.314573054201451	"RAD23A"	1
"279"	"mIDH1"	"GO:0033691"	"sialic acid binding"	"1/61"	"22/18432"	0.0703717930783715	0.0703717930783715	0.314573054201451	"CD22"	1
"280"	"mIDH1"	"GO:0140297"	"DNA-binding transcription factor binding"	"4/61"	"476/18432"	0.0725998491904562	0.0725998491904562	0.314573054201451	"BCL3/FLNA/HSPB1/NFKBIA"	4
"281"	"mIDH1"	"GO:0019865"	"immunoglobulin binding"	"1/61"	"24/18432"	0.0765222448150316	0.0765222448150316	0.314573054201451	"CD22"	1
"282"	"mIDH1"	"GO:0042625"	"ATPase-coupled ion transmembrane transporter activity"	"1/61"	"24/18432"	0.0765222448150316	0.0765222448150316	0.314573054201451	"ATP6V1D"	1
"283"	"mIDH1"	"GO:0044769"	"ATPase activity, coupled to transmembrane movement of ions, rotational mechanism"	"1/61"	"24/18432"	0.0765222448150316	0.0765222448150316	0.314573054201451	"ATP6V1D"	1
"284"	"mIDH1"	"GO:0046961"	"proton-transporting ATPase activity, rotational mechanism"	"1/61"	"24/18432"	0.0765222448150316	0.0765222448150316	0.314573054201451	"ATP6V1D"	1
"285"	"mIDH1"	"GO:0070851"	"growth factor receptor binding"	"2/61"	"140/18432"	0.0784299455501882	0.0784299455501882	0.314573054201451	"FGF18/NCSTN"	2
"286"	"mIDH1"	"GO:0099106"	"ion channel regulator activity"	"2/61"	"140/18432"	0.0784299455501882	0.0784299455501882	0.314573054201451	"AKT1/FLNA"	2
"287"	"mIDH1"	"GO:0005104"	"fibroblast growth factor receptor binding"	"1/61"	"25/18432"	0.0795824438082023	0.0795824438082023	0.314573054201451	"FGF18"	1
"288"	"mIDH1"	"GO:0004190"	"aspartic-type endopeptidase activity"	"1/61"	"26/18432"	0.0826326676864929	0.0826326676864929	0.314573054201451	"NCSTN"	1
"289"	"mIDH1"	"GO:0016247"	"channel regulator activity"	"2/61"	"145/18432"	0.0832884669519442	0.0832884669519442	0.314573054201451	"AKT1/FLNA"	2
"290"	"mIDH1"	"GO:0009678"	"pyrophosphate hydrolysis-driven proton transmembrane transporter activity"	"1/61"	"27/18432"	0.0856729484249001	0.0856729484249001	0.314573054201451	"ATP6V1D"	1
"291"	"mIDH1"	"GO:0070001"	"aspartic-type peptidase activity"	"1/61"	"27/18432"	0.0856729484249001	0.0856729484249001	0.314573054201451	"NCSTN"	1
"292"	"mIDH1"	"GO:0070273"	"phosphatidylinositol-4-phosphate binding"	"1/61"	"28/18432"	0.0887033178976565	0.0887033178976565	0.314573054201451	"OSBPL8"	1
"293"	"mIDH1"	"GO:0001227"	"DNA-binding transcription repressor activity, RNA polymerase II-specific"	"3/61"	"323/18432"	0.0914778257347957	0.0914778257347957	0.314573054201451	"HELT/MYPOP/ZNF572"	3
"294"	"mIDH1"	"GO:0043325"	"phosphatidylinositol-3,4-bisphosphate binding"	"1/61"	"29/18432"	0.0917238078785437	0.0917238078785437	0.314573054201451	"AKT1"	1
"295"	"mIDH1"	"GO:0001217"	"DNA-binding transcription repressor activity"	"3/61"	"327/18432"	0.094074432125382	0.094074432125382	0.314573054201451	"HELT/MYPOP/ZNF572"	3
"296"	"mIDH1"	"GO:0140142"	"nucleocytoplasmic carrier activity"	"1/61"	"30/18432"	0.0947344500412024	0.0947344500412024	0.314573054201451	"TNPO1"	1
"297"	"mIDH1"	"GO:0031210"	"phosphatidylcholine binding"	"1/61"	"31/18432"	0.0977352759594445	0.0977352759594445	0.314573054201451	"CHMP2A"	1
"298"	"mIDH1"	"GO:0051059"	"NF-kappaB binding"	"1/61"	"31/18432"	0.0977352759594445	0.0977352759594445	0.314573054201451	"NFKBIA"	1
"299"	"mIDH1"	"GO:0071889"	"14-3-3 protein binding"	"1/61"	"31/18432"	0.0977352759594445	0.0977352759594445	0.314573054201451	"AKT1"	1
