"ID"	"logFC"	"AveExpr"	"t"	"P.Value"	"adj.P.Val"	"B"	"MAPINFO"	"Strand"	"CHR"	"fragment_ID"
"cg00010654"	0.307728069731496	0.429259388700062	6.28148538220362	4.77022654173096e-08	1.67932639033262e-05	8.32060418861451	45476118	"+"	"1"	861418
"cg00014830"	0.333429795441288	0.444765508897799	5.68545956078406	4.54977777877791e-07	7.59341897567425e-05	6.14617410909934	77765733	"+"	"17"	893230
"cg00014830"	0.333429795441288	0.444765508897799	5.68545956078406	4.54977777877791e-07	7.59341897567425e-05	6.14617410909934	77765733	"+"	"17"	893231
"cg00113074"	0.31601439545495	0.567805971068151	4.8028655945568	1.1536647968765e-05	0.00070506499576203	3.04391025178662	32345052	"-"	"3"	911492
"cg00220952"	0.335588609797888	0.216910258219539	7.49716157061877	4.44173737776509e-10	8.82870144063341e-07	12.8403353319724	75084623	"+"	"17"	305934
"cg00360794"	0.371405444944951	0.356368972188029	8.21955672294762	2.75310176352593e-11	1.36806340844952e-07	15.5286637861359	41803850	"-"	"15"	883689
"cg00360794"	0.371405444944951	0.356368972188029	8.21955672294762	2.75310176352593e-11	1.36806340844952e-07	15.5286637861359	41803850	"-"	"15"	883690
"cg00370123"	0.350790555159723	0.462755973528948	7.16358909741832	1.60903547481371e-09	1.9560532331083e-06	11.5957139745992	1113014	"+"	"7"	926691
"cg00383793"	0.306708906999832	0.566325588171402	5.94264985866596	1.72822805792269e-07	3.98609214015984e-05	7.07873779600257	50488162	"-"	"3"	912421
"cg00407245"	0.316351802959289	0.345108479606514	6.86421716541686	5.10239637862826e-09	4.03244386742748e-06	10.4799918342967	55598874	"+"	"19"	341703
"cg00414384"	0.313291221635171	0.349390334402758	7.17825000015171	1.52055044229986e-09	1.8889688790036e-06	11.6504038919047	68518048	"+"	"11"	871094
"cg00556112"	0.379063508925238	0.308795072289363	6.07511147083194	1.04633411599872e-07	2.8399339873661e-05	7.56263636038063	637173	"-"	"11"	103864
"cg00588621"	0.352362877857729	0.33400696415362	6.04102991939841	1.19076275584637e-07	3.10530980806537e-05	7.43792232308955	104697620	"-"	"12"	872464
"cg00712857"	0.330989324984103	0.200701545752082	6.11841281447815	8.87659308837327e-08	2.54846039138176e-05	7.72128668462408	63767561	"+"	"11"	870473
"cg00715929"	0.328141812469437	0.343577709246247	6.64630309798252	1.17975781380385e-08	6.96084934730079e-06	9.66993830761247	37002528	"-"	"9"	784660
"cg00813378"	0.32788113400031	0.556646291807179	6.66413244187865	1.10165516379823e-08	6.64933211048629e-06	9.73612308688199	1475209	"-"	"1"	293
"cg00860225"	0.337275830560999	0.555125143329912	8.04851054870218	5.30981593721975e-11	2.06450527052223e-07	14.8938834707525	27313157	"+"	"17"	889370
"cg01022219"	0.352121274003095	0.593232680082453	6.98092257364251	3.2546110605199e-09	2.98791791155253e-06	10.9146467352895	13641735	"-"	"18"	893801
"cg01032200"	0.307644595178672	0.412662878353255	5.97846938479571	1.50923355851733e-07	3.64375187178292e-05	7.20936997027467	155290641	"-"	"1"	37496
"cg01071966"	0.374390215641394	0.315611348551508	9.43323625869325	2.74814818720901e-13	1.23712001934183e-08	19.9744502106347	76248923	"+"	"5"	920728
"cg01075005"	0.33195775157539	0.394244922174051	6.74412341138442	8.10028857085123e-09	5.43640264372247e-06	10.0332767172077	42879409	"+"	"6"	643359
"cg01086895"	0.379030088852153	0.267128220772925	7.0596224629801	2.40284426321684e-09	2.48327793464324e-06	11.207987355516	6676515	"+"	"11"	105240
"cg01089498"	0.30122750974767	0.438935655712781	5.09613215792839	4.01317238806014e-06	0.000337532176485653	4.05448253553538	11428985	"-"	"4"	519575
"cg01204684"	0.326261639925223	0.363931211738599	7.27552827696563	1.0446857606003e-09	1.48466860823027e-06	12.0133431900756	150487695	"+"	"1"	36345
"cg01209023"	0.319850966048118	0.379495998655277	5.43364140827138	1.16253936728751e-06	0.000143487776187091	5.24373497878395	61733046	"-"	"11"	870135
"cg01241157"	0.342490212537498	0.264249672820725	7.1181037078497	1.91765247897264e-09	2.18407371403794e-06	11.426059369556	51418668	"+"	"12"	874854
"cg01241157"	0.342490212537498	0.264249672820725	7.1181037078497	1.91765247897264e-09	2.18407371403794e-06	11.426059369556	51418668	"+"	"12"	874855
"cg01252526"	0.364085997182388	0.483474575906118	6.12370925058952	8.6996980919412e-08	2.52263080176069e-05	7.74070695802703	711033	"+"	"16"	887986
"cg01252526"	0.364085997182388	0.483474575906118	6.12370925058952	8.6996980919412e-08	2.52263080176069e-05	7.74070695802703	711033	"+"	"16"	887987
"cg01364625"	0.344303620851717	0.451363560801206	8.22349969786445	2.71177414348121e-11	1.35682029608378e-07	15.5432792568215	7942328	"+"	"17"	893340
"cg01562385"	0.38215342330758	0.343364823283536	8.24007499067383	2.54474228505335e-11	1.30936736387512e-07	15.6047098658407	10698098	"-"	"19"	894803
"cg01562385"	0.38215342330758	0.343364823283536	8.24007499067383	2.54474228505335e-11	1.30936736387512e-07	15.6047098658407	10698098	"-"	"19"	894804
"cg01657926"	0.339214892838518	0.424101343872168	6.40713655593238	2.95140436751664e-08	1.22707215887046e-05	8.78415772864749	86085912	"+"	"11"	128009
"cg01777403"	0.335492637813985	0.270934217631949	6.56109403110632	1.63626482476006e-08	8.39096536846737e-06	9.35390034274041	77493382	"-"	"14"	231845
"cg01781762"	0.360031375544574	0.499075606215083	7.97830824907267	6.95528808108412e-11	2.57172115441953e-07	14.6329576111377	30407502	"+"	"16"	271339
"cg01806972"	0.320008638151468	0.461244131216493	6.68459503876205	1.01834809743883e-08	6.32002161115289e-06	9.81210529541406	66314378	"-"	"11"	122795
"cg01840020"	0.345729128663923	0.460010892340708	6.33105013894889	3.94780716660307e-08	1.48400525987739e-05	8.50328975208482	4648949	"+"	"17"	890991
"cg01857475"	0.400756592744665	0.37767883543551	6.56109199045143	1.63627763471339e-08	8.39096536846737e-06	9.35389277962246	104697193	"+"	"12"	872464
"cg01935722"	0.309421014382435	0.367184329526593	6.45088648833565	2.49634002697969e-08	1.10174164158138e-05	8.94587754126116	45683155	"+"	"19"	339987
"cg02033258"	0.364430454597403	0.21103346244447	6.70780437667661	9.31433553803436e-09	5.94853971699683e-06	9.89831484900316	131593261	"-"	"5"	917148
"cg02033258"	0.364430454597403	0.21103346244447	6.70780437667661	9.31433553803436e-09	5.94853971699683e-06	9.89831484900316	131593261	"-"	"5"	917149
"cg02033258"	0.364430454597403	0.21103346244447	6.70780437667661	9.31433553803436e-09	5.94853971699683e-06	9.89831484900316	131593261	"-"	"5"	917150
"cg02242344"	0.344829717037094	0.311377132666786	5.89675697223416	2.05539275220646e-07	4.48144369063124e-05	6.91162106877969	85640943	"+"	"2"	902969
"cg02314012"	0.302363936439047	0.439766420275207	7.80096057156391	1.37664258316345e-10	4.04353367385628e-07	13.9729488004176	49128078	"-"	"19"	896429
"cg02355924"	0.315986003164464	0.538956373701443	5.56888775196905	7.03327471624063e-07	0.000101625846910135	5.72697980309747	217168467	"-"	"2"	899894
"cg02360980"	0.377511626568184	0.238629784005507	7.63070543391876	2.65357501209136e-10	6.42097763155863e-07	13.3384383958162	41804283	"+"	"15"	883689
"cg02360980"	0.377511626568184	0.238629784005507	7.63070543391876	2.65357501209136e-10	6.42097763155863e-07	13.3384383958162	41804283	"+"	"15"	883690
"cg02391713"	0.333375587511399	0.34205280263893	6.74566627470685	8.05236374332101e-09	5.42532395028372e-06	10.0390115023877	105400985	"-"	"6"	662977
"cg02430385"	0.314920676169874	0.253709868916606	7.47710002045921	4.79920817921745e-10	9.38496154936409e-07	12.7654880818993	45421951	"+"	"15"	883878
"cg02436384"	0.308225504863061	0.473571813316281	5.20233860227695	2.72433471002243e-06	0.000257726184350836	4.42593038525302	23009416	"+"	"14"	215339
"cg02474799"	0.371805799637954	0.358328850005565	7.1106613647044	1.97350040419483e-09	2.22324933189899e-06	11.3983037179381	19072780	"-"	"19"	895113
"cg02497747"	0.307546037991245	0.427555318413496	8.41658107463343	1.29427646517325e-11	8.6146447817131e-08	16.2578886218912	12305675	"+"	"19"	332567
"cg02605007"	0.343500336935682	0.322681320840588	6.12596488310639	8.6254294119827e-08	2.51012451382432e-05	7.74897857968959	10541304	"-"	"19"	332262
"cg02622094"	0.310451788768396	0.625810055550369	4.77773594524506	1.26164338096457e-05	0.000750201632035417	2.95843452874849	41132630	"+"	"13"	191094
"cg02643782"	0.307920726296942	0.350356277284116	6.84934985973054	5.40302291980034e-09	4.15186004970929e-06	10.4246558374422	14853225	"-"	"3"	909745
"cg02652597"	0.31904796283686	0.295280089295276	6.23500377824675	5.69542015204354e-08	1.90152858945579e-05	8.1494964095845	85811292	"+"	"2"	903017
"cg02789965"	0.303481038451857	0.23819128710639	5.13835863501507	3.44136254384001e-06	0.000302081679878207	4.2018405833052	1524449	"-"	"19"	894974
"cg02948264"	0.30808875642156	0.394608596959864	5.97468489765575	1.53100559925187e-07	3.68161428986289e-05	7.19556014185792	57630259	"-"	"12"	876164
"cg02948264"	0.30808875642156	0.394608596959864	5.97468489765575	1.53100559925187e-07	3.68161428986289e-05	7.19556014185792	57630259	"-"	"12"	876165
"cg02948264"	0.30808875642156	0.394608596959864	5.97468489765575	1.53100559925187e-07	3.68161428986289e-05	7.19556014185792	57630259	"-"	"12"	876166
"cg02948264"	0.30808875642156	0.394608596959864	5.97468489765575	1.53100559925187e-07	3.68161428986289e-05	7.19556014185792	57630259	"-"	"12"	876167
"cg02979457"	0.30162101421953	0.297364844557195	5.61345477904166	5.95588546549709e-07	9.11601044163012e-05	5.88696396117389	27142547	"+"	"7"	690949
"cg02990368"	0.316114053720938	0.318478979482939	7.70317425028644	2.00669738009703e-10	5.31334650570443e-07	13.6086039570875	204120649	"+"	"1"	857934
"cg03102603"	0.322846124093473	0.26408003983063	5.34885255642887	1.59040891630547e-06	0.000177050802266488	4.94261974958917	201239016	"-"	"2"	407366
"cg03140929"	-0.331595852033433	0.780017577156672	-6.39655237231491	3.07336011233827e-08	1.25695346699885e-05	8.74505719730591	94950903	"+"	"8"	758189
"cg03143849"	0.391576908070346	0.569058069380383	7.74036064453574	1.73873084226676e-10	4.81468506615914e-07	13.7471881663786	2904951	"-"	"11"	868531
"cg03160883"	0.30175114544046	0.445075985890542	5.43142506826852	1.17212146717826e-06	0.000144155441992942	5.23584533210519	36628713	"+"	"6"	924737
"cg03160883"	0.30175114544046	0.445075985890542	5.43142506826852	1.17212146717826e-06	0.000144155441992942	5.23584533210519	36628713	"+"	"6"	924738
"cg03190219"	0.316094173672502	0.560813915586289	6.32042895900526	4.11125489974369e-08	1.51714716099143e-05	8.4641230635258	25898688	"-"	"7"	928086
"cg03190219"	0.316094173672502	0.560813915586289	6.32042895900526	4.11125489974369e-08	1.51714716099143e-05	8.4641230635258	25898688	"-"	"7"	928087
"cg03190219"	0.316094173672502	0.560813915586289	6.32042895900526	4.11125489974369e-08	1.51714716099143e-05	8.4641230635258	25898688	"-"	"7"	928088
"cg03192598"	0.373547679947998	0.396001403957998	7.91033708950575	9.03445011410247e-11	3.00835031511508e-07	14.3801330059902	12305854	"+"	"19"	332567
"cg03228893"	0.30192861630262	0.29968117839894	5.45582334341075	1.07079707424658e-06	0.000135483468184308	5.32275120995913	17400502	"-"	"19"	333358
"cg03287339"	0.345539334109318	0.454563803222661	7.54940398314274	3.63094894818993e-10	7.81521456049433e-07	13.0352245096636	711135	"+"	"16"	887986
"cg03287339"	0.345539334109318	0.454563803222661	7.54940398314274	3.63094894818993e-10	7.81521456049433e-07	13.0352245096636	711135	"+"	"16"	887987
"cg03291396"	0.30900491393031	0.48360372180385	6.08412590303927	1.01113349339162e-07	2.77690874969571e-05	7.59564598058646	219252533	"-"	"2"	900157
"cg03291396"	0.30900491393031	0.48360372180385	6.08412590303927	1.01113349339162e-07	2.77690874969571e-05	7.59564598058646	219252533	"-"	"2"	900158
"cg03291396"	0.30900491393031	0.48360372180385	6.08412590303927	1.01113349339162e-07	2.77690874969571e-05	7.59564598058646	219252533	"-"	"2"	900159
"cg03298495"	0.323861528940352	0.39571293983227	5.8974924155826	2.04969444272555e-07	4.47279825015919e-05	6.91429686006664	37006990	"-"	"9"	784660
"cg03306486"	0.304382595288912	0.225264061543737	4.74526386501553	1.41591601714063e-05	0.000815144940897879	2.84826326775799	1467952	"+"	"19"	330923
"cg03336167"	0.301853359973697	0.475445209849369	5.10921047851167	3.82675103272092e-06	0.0003265087671984	4.10007525257526	2930995	"-"	"11"	104205
"cg03364108"	0.331963051263121	0.520648263452251	6.49669102209242	2.09459658761271e-08	9.78559794447781e-06	9.11535250440609	24890794	"+"	"22"	449904
"cg03582285"	0.312421314084245	0.470713381444804	7.01337880565088	2.8718557760061e-09	2.75599007094795e-06	11.0356023339843	40700314	"+"	"17"	297017
"cg03640051"	0.342378469344514	0.377416570317142	6.18956181043279	6.77185515731461e-08	2.13421987175352e-05	7.98242651954858	42657689	"-"	"4"	529377
"cg03682712"	0.309384541656538	0.37541188577233	8.41280079689507	1.31312965790395e-11	8.66067503345144e-08	16.2439191127736	74219307	"-"	"15"	256685
"cg03817911"	0.368800539533092	0.383854190961896	6.24691831644403	5.44251845138965e-08	1.83567721709193e-05	8.19333577568183	104697389	"-"	"12"	872464
"cg03929796"	0.337398252051548	0.343142250544511	6.8125310692363	6.22577800521198e-09	4.56703308089311e-06	10.287655742724	52231840	"+"	"3"	471011
"cg03949284"	0.348613217663597	0.479660321607187	6.09871324861931	9.56644778539072e-08	2.68801251040015e-05	7.64908308614939	33161333	"+"	"6"	924515
"cg04138112"	0.330803597546518	0.274231942452911	5.69420583037317	4.40311767836569e-07	7.4189689868272e-05	6.17771945184484	167090618	"-"	"1"	40826
"cg04203646"	0.346896902172454	0.407501042988432	7.96764357802995	7.24656241771763e-11	2.60266029083749e-07	14.5933014287067	1467008	"-"	"19"	330923
"cg04234016"	0.369197740056113	0.318824540592295	8.24306605534638	2.51571932332644e-11	1.30367989525286e-07	15.6157936175821	7062109	"+"	"12"	876878
"cg04234016"	0.369197740056113	0.318824540592295	8.24306605534638	2.51571932332644e-11	1.30367989525286e-07	15.6157936175821	7062109	"+"	"12"	876879
"cg04234016"	0.369197740056113	0.318824540592295	8.24306605534638	2.51571932332644e-11	1.30367989525286e-07	15.6157936175821	7062109	"+"	"12"	876880
"cg04303382"	0.311330738015534	0.42964583656648	5.23582329025843	2.40993210407167e-06	0.000236975241470845	4.54359236389969	77766421	"-"	"17"	893230
"cg04303382"	0.311330738015534	0.42964583656648	5.23582329025843	2.40993210407167e-06	0.000236975241470845	4.54359236389969	77766421	"-"	"17"	893231
"cg04326960"	0.306663008757273	0.394402438861964	7.7280911864759	1.82292873965862e-10	4.95330703256026e-07	13.7014669105687	12305655	"-"	"19"	332567
"cg04328001"	-0.422168127892821	0.571682835980845	-5.3249985498747	1.73657023565035e-06	0.000188097935114078	4.85817608581663	174203069	"-"	"4"	914859
"cg04328477"	0.313993052598971	0.513648866533701	7.72828578301807	1.8215619779944e-10	4.95330703256026e-07	13.7021920911201	68270258	"+"	"16"	278941
"cg04361443"	0.450115553948896	0.430424767847772	9.53243686306311	1.89590438104297e-13	9.92226050868629e-09	20.3320219153229	38831681	"-"	"8"	932166
"cg04361443"	0.450115553948896	0.430424767847772	9.53243686306311	1.89590438104297e-13	9.92226050868629e-09	20.3320219153229	38831681	"-"	"8"	932167
"cg04361443"	0.450115553948896	0.430424767847772	9.53243686306311	1.89590438104297e-13	9.92226050868629e-09	20.3320219153229	38831681	"-"	"8"	932168
"cg04362997"	0.309784475206028	0.587325105677465	6.285196200314	4.7031546850029e-08	1.66202339055768e-05	8.33427350517066	57933298	"-"	"12"	876348
"cg04471507"	0.377281554598175	0.360672282372663	8.08052490790539	4.69510536632476e-11	1.94319815390558e-07	15.0128015875004	26233376	"+"	"1"	5698
"cg04513006"	0.300301850177702	0.455391086554169	6.89914778975732	4.46012014731541e-09	3.68124312486597e-06	10.6100369291159	68270252	"+"	"16"	278941
"cg04518342"	0.363296371424704	0.457018008551006	6.15105078670526	7.84070934960361e-08	2.36619910043981e-05	7.84100947286365	131593106	"-"	"5"	917148
"cg04518342"	0.363296371424704	0.457018008551006	6.15105078670526	7.84070934960361e-08	2.36619910043981e-05	7.84100947286365	131593106	"-"	"5"	917149
"cg04518342"	0.363296371424704	0.457018008551006	6.15105078670526	7.84070934960361e-08	2.36619910043981e-05	7.84100947286365	131593106	"-"	"5"	917150
"cg04585378"	0.311395741411594	0.482209892469268	6.17900382552679	7.04958000187989e-08	2.19976913625112e-05	7.94364044718129	121902497	"-"	"3"	908722
"cg04589674"	0.420029851295733	0.420905736372065	8.10627886771959	4.25279122299067e-11	1.81493869381677e-07	15.1084308471667	38831508	"-"	"8"	932166
"cg04589674"	0.420029851295733	0.420905736372065	8.10627886771959	4.25279122299067e-11	1.81493869381677e-07	15.1084308471667	38831508	"-"	"8"	932167
"cg04589674"	0.420029851295733	0.420905736372065	8.10627886771959	4.25279122299067e-11	1.81493869381677e-07	15.1084308471667	38831508	"-"	"8"	932168
"cg04719903"	0.321525751603985	0.365705715526811	5.83413901445388	2.60279846241447e-07	5.22214513739833e-05	6.68407802800936	1181956	"-"	"1"	267
"cg04731988"	0.350778233280427	0.450635340283032	8.09519804038679	4.43773362002905e-11	1.86102387491182e-07	15.0672895011395	3051954	"+"	"20"	419832
"cg04797323"	0.305958219699387	0.288746610158353	5.8971031659422	2.05270844568771e-07	4.47756441562834e-05	6.91288062899589	93966978	"-"	"12"	877317
"cg04896678"	0.369211454415238	0.332926726079712	7.40744476494426	6.27913518269915e-10	1.06782984146485e-06	12.5055881452429	15662223	"-"	"6"	635913
"cg04967578"	0.404093255765969	0.572156047009559	7.1206274700637	1.89907469412443e-09	2.17314951342678e-06	11.4354717749802	13641894	"-"	"18"	893801
"cg04976151"	0.328902063775637	0.350886346560916	7.18308018110929	1.49247642018668e-09	1.86687956960175e-06	11.6684226615967	57496328	"-"	"16"	887359
"cg05180443"	0.318120020892345	0.322214301497658	6.03740047432232	1.20726348301931e-07	3.1336974943364e-05	7.42464947538453	48546554	"+"	"17"	298754
"cg05270634"	0.35907990665466	0.349562153159798	6.55426962559787	1.67966732810039e-08	8.51858302356625e-06	9.32860915982702	41177445	"-"	"17"	297158
"cg05278384"	0.314111021968826	0.597478173618297	6.25886843573124	5.20007434720548e-08	1.7787122766729e-05	8.2373202726224	2451795	"-"	"7"	927968
"cg05328359"	0.355786476186991	0.52311023196943	7.09929537266011	2.06194280511597e-09	2.27908600918735e-06	11.3559171034472	122514679	"-"	"3"	493883
"cg05385434"	0.313405379734104	0.500863702532112	6.58801902786803	1.47565145871603e-08	7.90682169606368e-06	9.45371441086936	225998870	"-"	"1"	58744
"cg05452406"	0.32405031358546	0.302563166436878	5.81088823690735	2.84092423161115e-07	5.5435387012094e-05	6.59973420923032	10881891	"+"	"6"	634513
"cg05457563"	0.312328050308512	0.382864292039657	8.10984736813749	4.19489315894722e-11	1.81154213804944e-07	15.1216788739559	1467029	"-"	"19"	330923
"cg05525499"	0.321104432555637	0.278681696051203	3.80662528941551	0.000343635993001538	0.00774444907830254	-0.174823862177148	43893015	"+"	"10"	864685
"cg05700339"	0.330441069002456	0.384235420772523	6.52943735755216	1.84749833647065e-08	9.0933391832505e-06	9.23660795418898	12254566	"+"	"18"	311160
"cg05804220"	0.356103302997784	0.355966743713228	7.31704955766176	8.90017451265258e-10	1.33135416675359e-06	12.1682768954179	45422062	"+"	"15"	883878
"cg05846166"	0.33274013463331	0.38854979757726	7.8098899552757	1.33009281799415e-10	3.97111526486394e-07	14.006205518895	2770814	"+"	"16"	886363
"cg05846166"	0.33274013463331	0.38854979757726	7.8098899552757	1.33009281799415e-10	3.97111526486394e-07	14.006205518895	2770814	"+"	"16"	886364
"cg05903330"	0.30734811573385	0.328060570477178	6.62849738074965	1.26326155082692e-08	7.23938145316604e-06	9.6038599830861	39542136	"+"	"22"	907790
"cg05903330"	0.30734811573385	0.328060570477178	6.62849738074965	1.26326155082692e-08	7.23938145316604e-06	9.6038599830861	39542136	"+"	"22"	907791
"cg06128688"	0.329902678222205	0.280753611733971	6.15042219173676	7.85947823908259e-08	2.36791621774652e-05	7.83870253606456	96883733	"-"	"12"	877514
"cg06133110"	0.351689347085476	0.371280317055438	6.47449592950734	2.28051736144105e-08	1.0276478665889e-05	9.03321164420569	30028307	"+"	"7"	691848
"cg06183338"	0.386051284148478	0.350692865039317	9.0086242480925	1.35983668819423e-12	2.29047142558718e-08	18.4329698580645	178004204	"+"	"5"	630535
"cg06212823"	0.315707821890137	0.348066254784528	8.28900306010864	2.10949802966542e-11	1.16827382520934e-07	15.7859561087758	98703671	"-"	"2"	903522
"cg06220235"	0.321262301751638	0.244892465768442	5.18533888860719	2.89906886096887e-06	0.000269581076591137	4.3662944597057	11349023	"-"	"16"	266645
"cg06443533"	0.321244742080201	0.355083214873523	5.8208191567072	2.73668447943773e-07	5.41292762581132e-05	6.6357494640573	1182424	"+"	"1"	267
"cg06462666"	0.359523035327672	0.460986347460199	6.50394821580174	2.03714147581631e-08	9.62830034894629e-06	9.14221826493742	50528312	"+"	"22"	455622
"cg06476591"	0.342059273013753	0.508587713055158	6.32461437383346	4.0460579423149e-08	1.50456739676654e-05	8.47955598009052	49795541	"+"	"13"	193793
"cg06484167"	0.354120387588657	0.517099813938553	5.7198702601534	3.99923155589102e-07	6.97126019838389e-05	6.27035640120765	27832180	"-"	"6"	639638
"cg06498272"	0.377698634917856	0.265900271622095	7.68752991046407	2.13144639395501e-10	5.54596850653028e-07	13.5502913415014	1192499	"+"	"19"	330899
"cg06588645"	0.366598544315535	0.374763886082593	6.97388621923974	3.34408606828836e-09	3.04790339002153e-06	10.8884280973449	47577090	"+"	"7"	696895
"cg06637774"	0.315873900100314	0.537081073414551	6.57787561403768	1.53422737069973e-08	8.10321509406947e-06	9.4161059986023	72975702	"-"	"11"	871399
"cg06653052"	0.307544371822781	0.445440370517163	5.07903180768379	4.27044515420033e-06	0.000351860568797348	3.99493261567533	1275167	"-"	"19"	330904
"cg06679720"	0.356881774560771	0.360950325840643	8.81184163974181	2.86764988050222e-12	3.38561427721544e-08	17.7130459203473	51417686	"+"	"13"	878785
"cg06690906"	0.302972341071784	0.550970668814583	5.1474576156879	3.329071778707e-06	0.000295008946669128	4.23365024590137	89927319	"-"	"6"	926226
"cg06706894"	0.316171486809567	0.561193238530913	4.94130938449798	7.0263680021614e-06	0.000500593388602484	3.51807017658439	80167002	"+"	"10"	865814
"cg06723863"	0.332397556136426	0.421528502166184	6.83747447482799	5.65579326872236e-09	4.28316530340794e-06	10.3804621645704	68270129	"+"	"16"	278941
"cg06745030"	0.303883486990347	0.561662001129446	6.81987687325923	6.05221127081451e-09	4.47591562157457e-06	10.3149843588221	232260139	"-"	"2"	900572
"cg06752595"	0.316988626235426	0.639573756854214	6.02616143295299	1.25981274736017e-07	3.2262368104379e-05	7.38355871681882	24494082	"+"	"6"	638608
"cg06825142"	0.376202066751978	0.30023886446965	6.247127125262	5.43818720535662e-08	1.83506947874373e-05	8.19410421130133	637170	"-"	"11"	103864
"cg06928952"	0.3100539664682	0.547696075609607	4.60786737172364	2.2993891246438e-05	0.0011547065207586	2.38570842062158	87736670	"-"	"16"	888559
"cg06958829"	0.322606869497832	0.404526905911235	7.21088947373153	1.34062930941052e-09	1.74903747438949e-06	11.7721694713794	48546118	"-"	"17"	298754
"cg07134045"	0.305098005176323	0.230965323962132	6.58566897069952	1.48902107336409e-08	7.9549580243341e-06	9.4450005827481	130690198	"+"	"9"	806241
"cg07192997"	0.345817858327983	0.428426493783446	8.28409737782627	2.14953535318798e-11	1.17455263200035e-07	15.7677898825047	68270271	"+"	"16"	278941
"cg07204280"	0.427306883103675	0.399369842104769	8.39114241835378	1.42658547195235e-11	9.07882748522769e-08	16.1638661086245	12254551	"+"	"18"	311160
"cg07217954"	0.326272792284005	0.385893325101721	6.66073738603637	1.11611945655501e-08	6.70317507956294e-06	9.72351878710498	1067459	"+"	"7"	683299
"cg07379055"	0.315600167193038	0.605579227244602	6.97051936009002	3.38776381226875e-09	3.07997400756537e-06	10.8758831340068	12305553	"-"	"19"	332567
"cg07381000"	0.364017175015988	0.309965806703918	5.78849070639218	3.09067477801334e-07	5.88277263641581e-05	6.51856241938975	53190613	"-"	"3"	912739
"cg07381000"	0.364017175015988	0.309965806703918	5.78849070639218	3.09067477801334e-07	5.88277263641581e-05	6.51856241938975	53190613	"-"	"3"	912740
"cg07427436"	0.339605767317292	0.314133290144997	6.60873321754976	1.36286102315525e-08	7.56811365169115e-06	9.53053631604146	9749296	"-"	"1"	862863
"cg07590929"	0.320310112220224	0.583041018355702	6.49414875841388	2.11510284967404e-08	9.82397568716817e-06	9.10594208969922	68270679	"-"	"16"	278941
"cg07629454"	0.329319284620355	0.270868290236626	7.02187982418481	2.77925791084976e-09	2.70650850344106e-06	11.0672880492877	121903520	"-"	"3"	908722
"cg07687131"	0.373927383905646	0.347584961451949	6.67057968863633	1.07469952857064e-08	6.55120412451242e-06	9.76006060330888	93967580	"-"	"12"	877317
"cg07690882"	0.331013396190618	0.608664030047948	5.94314397446231	1.7250026667306e-07	3.98309264707315e-05	7.08053865438679	128694303	"-"	"11"	141097
"cg07694864"	0.344437860500431	0.342538563638006	8.36527200438143	1.57507959257949e-11	9.366546469974e-08	16.068206444701	40700509	"+"	"17"	297017
"cg07726139"	0.386834817353653	0.28795660933413	9.41899160344139	2.89883794861346e-13	1.23712001934183e-08	19.9230219549451	228652528	"+"	"1"	859007
"cg07726139"	0.386834817353653	0.28795660933413	9.41899160344139	2.89883794861346e-13	1.23712001934183e-08	19.9230219549451	228652528	"+"	"1"	859008
"cg07726139"	0.386834817353653	0.28795660933413	9.41899160344139	2.89883794861346e-13	1.23712001934183e-08	19.9230219549451	228652528	"+"	"1"	859009
"cg07726139"	0.386834817353653	0.28795660933413	9.41899160344139	2.89883794861346e-13	1.23712001934183e-08	19.9230219549451	228652528	"+"	"1"	859010
"cg07793808"	0.310018886530339	0.302037136572862	6.40164413825592	3.01407715684891e-08	1.24088594296243e-05	8.76386624617579	122019006	"+"	"12"	181050
"cg07844613"	0.385478250091894	0.44394795503878	6.71400668598025	9.09486305529376e-09	5.86098217940656e-06	9.92135782957503	38831192	"-"	"8"	932166
"cg07844613"	0.385478250091894	0.44394795503878	6.71400668598025	9.09486305529376e-09	5.86098217940656e-06	9.92135782957503	38831192	"-"	"8"	932167
"cg07844613"	0.385478250091894	0.44394795503878	6.71400668598025	9.09486305529376e-09	5.86098217940656e-06	9.92135782957503	38831192	"-"	"8"	932168
"cg07895169"	0.34477027596281	0.337744797002018	6.69786811425728	9.67699077497875e-09	6.09431174501416e-06	9.86140367383474	34839102	"-"	"5"	586269
"cg08000684"	0.307509894455111	0.260872985731066	6.65667141469182	1.13369134847606e-08	6.77325990056238e-06	9.70842455893656	11530025	"-"	"19"	332379
"cg08068820"	0.303789863167828	0.304666447737443	6.40048484040326	3.02747393280586e-08	1.24440511839268e-05	8.75958359462233	11530021	"-"	"19"	332379
"cg08113562"	0.313010334208858	0.262873514476865	5.86033769148069	2.35810712122278e-07	4.90623561324922e-05	6.77921097616918	43508428	"+"	"17"	890734
"cg08148553"	0.325326240332219	0.465108345599402	7.17389354141127	1.54632339529516e-09	1.91350912564241e-06	11.6341525836474	10698020	"-"	"19"	894803
"cg08148553"	0.325326240332219	0.465108345599402	7.17389354141127	1.54632339529516e-09	1.91350912564241e-06	11.6341525836474	10698020	"-"	"19"	894804
"cg08231870"	0.315796181728533	0.356951896459601	6.29707417098185	4.49470366566359e-08	1.61831415123339e-05	8.37803648634721	103070372	"+"	"10"	863180
"cg08231870"	0.315796181728533	0.356951896459601	6.29707417098185	4.49470366566359e-08	1.61831415123339e-05	8.37803648634721	103070372	"+"	"10"	863181
"cg08231870"	0.315796181728533	0.356951896459601	6.29707417098185	4.49470366566359e-08	1.61831415123339e-05	8.37803648634721	103070372	"+"	"10"	863182
"cg08231870"	0.315796181728533	0.356951896459601	6.29707417098185	4.49470366566359e-08	1.61831415123339e-05	8.37803648634721	103070372	"+"	"10"	863183
"cg08280512"	0.312062564665857	0.321717244562356	6.63578711413411	1.22838557668441e-08	7.09548174760323e-06	9.63091041948942	116116509	"+"	"10"	99039
"cg08328777"	0.398761655802039	0.420247195528272	7.87520775230103	1.03426926401872e-10	3.24831738864206e-07	14.249398623897	45422004	"+"	"15"	883878
"cg08331138"	0.303203449043271	0.336227985055009	6.95444204323078	3.60431372853428e-09	3.20456618350231e-06	10.8159835813054	5001281	"-"	"17"	891540
"cg08334000"	0.375505895302039	0.405394757608784	6.13675773817071	8.27868649182706e-08	2.44252898378773e-05	7.78856495493372	28792294	"+"	"22"	907171
"cg08455275"	0.323353017272924	0.187579775637207	5.52192309831159	8.37722396538926e-07	0.000115107341092158	5.55877885943527	145047979	"+"	"8"	773180
"cg08481075"	0.32944482122703	0.545015530957685	5.81518304465455	2.79536984448718e-07	5.48563166569004e-05	6.61530785238359	33161328	"+"	"6"	924515
"cg08574629"	0.346379806870758	0.316359021984099	7.12347701353916	1.87831479644425e-09	2.15524002616585e-06	11.4460993213466	155290542	"+"	"1"	37496
"cg08694699"	0.409216426073158	0.454396781212293	8.29374607006889	2.071500045673e-11	1.15605477818132e-07	15.8035186317121	68270282	"+"	"16"	278941
"cg08699646"	0.329200212479538	0.262012185045695	7.28749584757304	9.97536997844299e-10	1.44603143683176e-06	12.0579985678883	58019359	"+"	"16"	887385
"cg08699646"	0.329200212479538	0.262012185045695	7.28749584757304	9.97536997844299e-10	1.44603143683176e-06	12.0579985678883	58019359	"+"	"16"	887386
"cg08713365"	0.378638300210237	0.304502765660561	7.43462856736821	5.65383149775459e-10	1.00289708992407e-06	12.6070209021999	327623	"-"	"20"	419207
"cg08729686"	0.322380485019094	0.374675686505803	6.3090967860235	4.2930681677313e-08	1.56208767243996e-05	8.42234593576009	99194624	"-"	"15"	885668
"cg08738570"	0.415567362317202	0.504727254804834	7.06957922275949	2.31233123415384e-09	2.43055199561558e-06	11.2451103226908	1475265	"-"	"1"	293
"cg08792780"	0.390320633681732	0.356422849835554	9.03696980428461	1.22157389462945e-12	2.21562659744943e-08	18.5363969838104	76249094	"+"	"5"	920728
"cg08886823"	0.314137947263543	0.532361178962016	6.83748226568872	5.65562363074442e-09	4.28316530340794e-06	10.3804911559784	68270882	"-"	"16"	278941
"cg08897150"	0.309475915047027	0.573534936610107	5.48707577455046	9.53550715858863e-07	0.000125122099982798	5.43424208998591	86085366	"+"	"11"	128009
"cg08939521"	0.352198264087921	0.386199106409389	6.49663521794581	2.09504458032844e-08	9.78559794447781e-06	9.11514593528668	43394116	"+"	"10"	864668
"cg08951931"	0.311381626271011	0.363095247166273	5.26579125907493	2.15902235770901e-06	0.000219717851240781	4.64911353755796	29832656	"-"	"16"	886472
"cg08973950"	0.30818561866563	0.598846076465283	6.43886292150698	2.61394458987803e-08	1.1323436210472e-05	8.90141763506248	1083309	"+"	"7"	683301
"cg09026360"	0.302919729587913	0.373242003918712	6.86838812622685	5.02109545491011e-09	3.98555769304358e-06	10.4955176868753	46742703	"-"	"3"	469847
"cg09027699"	0.335362910689487	0.503529406200099	6.24528997506499	5.47641236412455e-08	1.84539326231305e-05	8.18734347906376	51876950	"+"	"12"	874861
"cg09027699"	0.335362910689487	0.503529406200099	6.24528997506499	5.47641236412455e-08	1.84539326231305e-05	8.18734347906376	51876950	"+"	"12"	874862
"cg09321238"	0.308650834574371	0.438662877522758	5.47482488585948	9.97918418871306e-07	0.000129007272803406	5.39051527510103	3072001	"+"	"1"	515
"cg09330898"	0.348595103603106	0.436984681307973	8.31510100520381	1.90874819363431e-11	1.0818710201043e-07	15.8825760442651	98703682	"+"	"2"	903522
"cg09337254"	0.316597632447048	0.399741521479413	5.54154347420541	7.7874125690813e-07	0.000109450497968147	5.62899845830591	85640762	"+"	"2"	902969
"cg09367425"	0.31848334293649	0.221078349863022	5.97829201161871	1.51024708799377e-07	3.64498586857082e-05	7.20872268289807	61733997	"+"	"11"	870136
"cg09367425"	0.31848334293649	0.221078349863022	5.97829201161871	1.51024708799377e-07	3.64498586857082e-05	7.20872268289807	61733997	"+"	"11"	870137
"cg09445550"	0.305288866301974	0.317320118646771	7.32505448613169	8.62943829606471e-10	1.32081199459001e-06	12.1981473836562	5106966	"-"	"20"	905180
"cg09445550"	0.305288866301974	0.317320118646771	7.32505448613169	8.62943829606471e-10	1.32081199459001e-06	12.1981473836562	5106966	"-"	"20"	905181
"cg09451427"	0.333436833779846	0.461487635415212	5.31679134830208	1.78985847332348e-06	0.000192177080440686	4.82915059827494	50488230	"+"	"3"	912421
"cg09477407"	0.306269536572712	0.347047794378694	5.71838301682543	4.02160168728312e-07	6.99005717827339e-05	6.26498519894872	104697545	"+"	"12"	872464
"cg09645574"	0.430872791374127	0.457547108013509	8.15528076060309	3.52328926407722e-11	1.59862201447757e-07	15.2902956601994	42879382	"-"	"6"	643359
"cg09656668"	0.375479700889865	0.379981700837571	8.14472866444464	3.6689615387268e-11	1.62306580938095e-07	15.251142805202	12305699	"+"	"19"	332567
"cg09704168"	0.302267214847003	0.459839556495417	4.84411640549266	9.95721336605391e-06	0.00063748220436452	3.18462140905739	32751554	"+"	"17"	889790
"cg09704168"	0.302267214847003	0.459839556495417	4.84411640549266	9.95721336605391e-06	0.00063748220436452	3.18462140905739	32751554	"+"	"17"	889791
"cg09767236"	0.302919547009707	0.334983885942862	4.80816431606218	1.13207999118703e-05	0.000695859443807677	3.06195703823373	8095608	"-"	"17"	286012
"cg09844474"	0.318836354528395	0.257546798756551	6.19480677082966	6.63795652135212e-08	2.1048211618376e-05	8.0016989331192	33161276	"+"	"6"	924515
"cg09884423"	0.310650550347933	0.544852947966503	4.96085821039776	6.54868596875299e-06	0.000477206219530366	3.58545302528771	104697220	"-"	"12"	872464
"cg09908374"	0.309528307348952	0.392581865264678	7.06884390235976	2.31889769452476e-09	2.43055199561558e-06	11.2423686656065	222298	"+"	"12"	143075
"cg09999194"	0.372418644773221	0.235293290410441	6.91243797408061	4.23752022287525e-09	3.56236000483867e-06	10.6595274527362	77765305	"-"	"17"	893230
"cg09999194"	0.372418644773221	0.235293290410441	6.91243797408061	4.23752022287525e-09	3.56236000483867e-06	10.6595274527362	77765305	"-"	"17"	893231
"cg10141019"	0.306152765560417	0.307044617483033	5.28945753486025	1.97922006729095e-06	0.000206875404062746	4.73258754424558	790169	"+"	"11"	103880
"cg10143146"	0.320751109773223	0.3872076916012	6.13558779346996	8.31559433701569e-08	2.44943377016263e-05	7.78427316280801	33161377	"+"	"6"	924515
"cg10162691"	0.334127829178221	0.366200180253183	6.04961251439087	1.15262821865853e-07	3.03545494610863e-05	7.46931521650473	41177409	"-"	"17"	297158
"cg10169241"	0.317564818491966	0.497628896839135	7.06681379063044	2.33712357017098e-09	2.43968462307263e-06	11.2347994141609	1467032	"-"	"19"	330923
"cg10207600"	0.304689954079673	0.585313154054669	6.35292793595148	3.63121779183847e-08	1.40684487618696e-05	8.58399845963578	130640172	"+"	"9"	934631
"cg10395685"	0.31227205285541	0.336166175934357	5.38391142680504	1.39734522343991e-06	0.000162281505084109	5.06694672341253	86085715	"-"	"11"	128009
"cg10572274"	0.346938889509855	0.490992166910891	5.25756498841802	2.22521455909008e-06	0.000224252109654854	4.62012761783401	104697224	"-"	"12"	872464
"cg10582968"	0.304274944481546	0.209078507615753	6.6261207157146	1.27484402235795e-08	7.29990578829257e-06	9.59504145085463	74538030	"-"	"15"	256761
"cg10589443"	0.404464132256411	0.305180390541153	7.5537602955556	3.57044009877986e-10	7.76373708504436e-07	13.051474048738	30028281	"+"	"7"	691848
"cg10593758"	0.405166146082978	0.502557920949327	8.25583630482177	2.39549652931471e-11	1.2685622894316e-07	15.6631097683096	76248743	"-"	"5"	920728
"cg10861146"	0.315387800602031	0.264926940769858	7.63630131259908	2.59692512196761e-10	6.36508979412966e-07	13.3593039211733	155099324	"-"	"1"	855363
"cg10861146"	0.315387800602031	0.264926940769858	7.63630131259908	2.59692512196761e-10	6.36508979412966e-07	13.3593039211733	155099324	"-"	"1"	855364
"cg10961753"	0.321654167075487	0.405039646784393	6.67314457311516	1.06415953260807e-08	6.50418430284434e-06	9.76958423542728	54332530	"-"	"12"	160627
"cg11039712"	0.336637499886608	0.32839727156045	7.53037495116978	3.90752598473683e-10	8.12294038510197e-07	12.9642410270848	81281166	"+"	"15"	885067
"cg11108890"	0.301153416295394	0.333027334756634	4.96639730426229	6.41923088549381e-06	0.000470038916854549	3.6045644619937	85811471	"-"	"2"	903018
"cg11108890"	0.301153416295394	0.333027334756634	4.96639730426229	6.41923088549381e-06	0.000470038916854549	3.6045644619937	85811471	"-"	"2"	903019
"cg11108890"	0.301153416295394	0.333027334756634	4.96639730426229	6.41923088549381e-06	0.000470038916854549	3.6045644619937	85811471	"-"	"2"	903020
"cg11108890"	0.301153416295394	0.333027334756634	4.96639730426229	6.41923088549381e-06	0.000470038916854549	3.6045644619937	85811471	"-"	"2"	903021
"cg11108890"	0.301153416295394	0.333027334756634	4.96639730426229	6.41923088549381e-06	0.000470038916854549	3.6045644619937	85811471	"-"	"2"	903022
"cg11167537"	0.323351295753371	0.310750810327691	5.67511294673635	4.72952279327606e-07	7.79301398364522e-05	6.108873189037	32827430	"-"	"1"	7068
"cg11179759"	0.359483990028241	0.383446015062141	6.08193613294293	1.01957474237637e-07	2.79383932841884e-05	7.58762645820589	89947346	"-"	"15"	885433
"cg11200551"	0.303906021792005	0.662626148843719	4.90038905774091	8.13959133303303e-06	0.00055542375588075	3.3773597134683	95779150	"+"	"11"	131160
"cg11230298"	0.320676362968336	0.361353858683146	7.52770433571163	3.94799368556339e-10	8.183615631093e-07	12.9542785242901	45422066	"+"	"15"	883878
"cg11335335"	0.331335650201248	0.480471096830032	5.15673455460885	3.21829649486243e-06	0.00028863932756765	4.26610255107671	637885	"+"	"11"	103864
"cg11376305"	0.302930214469112	0.303944753581914	4.69113307644522	1.71504587069497e-05	0.000934412784727643	2.66532157387035	49127510	"+"	"19"	896429
"cg11407502"	0.363494634166929	0.4001325574692	6.65947687750463	1.12153776634391e-08	6.73014497886469e-06	9.71883926085117	14491167	"+"	"19"	332854
"cg11564519"	0.328000771839416	0.346329600278915	7.89179223143973	9.70295940934709e-11	3.14262828059014e-07	14.3111235198594	43967213	"-"	"19"	896107
"cg11636127"	0.378397330520068	0.357559290377821	7.17021985808449	1.56839596787115e-09	1.92859272253314e-06	11.6204484951202	10521715	"+"	"6"	921322
"cg11709544"	0.38590188532075	0.4263926681067	8.47485682764063	1.03574817024315e-11	7.87573988946704e-08	16.4731224425505	26233404	"+"	"1"	5698
"cg12162377"	0.339460327361221	0.386248760283608	6.19836309429359	6.5486667207493e-08	2.08379436720917e-05	8.01476816236486	232261007	"+"	"2"	900572
"cg12196936"	0.367738312032243	0.483077776100328	7.25775347692971	1.11885609119987e-09	1.5432109796757e-06	11.9470204477724	68270220	"+"	"16"	278941
"cg12231246"	0.303476652971517	0.287712382537158	6.06103085655577	1.10376637086463e-07	2.9408057227173e-05	7.51109442135897	27346732	"+"	"17"	889380
"cg12379940"	0.363058458348232	0.225344122339658	6.56404254994042	1.61785980462835e-08	8.34225778534514e-06	9.3648284974294	44947923	"-"	"13"	878591
"cg12410551"	0.300524068970942	0.28159753610457	5.65059974861119	5.18389154209761e-07	8.2938321475809e-05	6.02057166216538	43221928	"-"	"17"	297583
"cg12459718"	0.41576817206433	0.367822933452664	6.76942983298248	7.34893457273836e-09	5.11836697747776e-06	10.1273548473195	8129997	"+"	"17"	893466
"cg12459718"	0.41576817206433	0.367822933452664	6.76942983298248	7.34893457273836e-09	5.11836697747776e-06	10.1273548473195	8129997	"+"	"17"	893467
"cg12459718"	0.41576817206433	0.367822933452664	6.76942983298248	7.34893457273836e-09	5.11836697747776e-06	10.1273548473195	8129997	"+"	"17"	893468
"cg12535715"	0.353294635383063	0.55525908235446	8.33828479483878	1.74655022852998e-11	1.00565114622879e-07	15.968373718949	38831693	"-"	"8"	932166
"cg12535715"	0.353294635383063	0.55525908235446	8.33828479483878	1.74655022852998e-11	1.00565114622879e-07	15.968373718949	38831693	"-"	"8"	932167
"cg12535715"	0.353294635383063	0.55525908235446	8.33828479483878	1.74655022852998e-11	1.00565114622879e-07	15.968373718949	38831693	"-"	"8"	932168
"cg12542255"	0.355874646764155	0.620614123330386	6.60394818069527	1.38812815253231e-08	7.65073981680707e-06	9.51278781677019	45976195	"+"	"19"	340031
"cg12564285"	0.328647702496156	0.501219255814049	6.38869988562405	3.16706747863891e-08	1.28245408196022e-05	8.71605427568935	131593104	"-"	"5"	917148
"cg12564285"	0.328647702496156	0.501219255814049	6.38869988562405	3.16706747863891e-08	1.28245408196022e-05	8.71605427568935	131593104	"-"	"5"	917149
"cg12564285"	0.328647702496156	0.501219255814049	6.38869988562405	3.16706747863891e-08	1.28245408196022e-05	8.71605427568935	131593104	"-"	"5"	917150
"cg12613020"	0.312232853244889	0.505439808974768	5.40943216342855	1.27153071391958e-06	0.000152201660026058	5.15760926765372	134881662	"-"	"5"	617824
"cg12787465"	0.352008769187594	0.356122616333608	5.77408778373048	3.26264057045806e-07	6.1053455538477e-05	6.46640469094188	6876717	"-"	"12"	144826
"cg12864721"	0.377514962009049	0.372109787757441	8.45151929301874	1.13239506825134e-11	7.94004424335752e-08	16.3869548228205	77164987	"-"	"10"	865718
"cg12881363"	0.318604350907561	0.531595200821162	5.64023722370113	5.3887107777544e-07	8.53417219067897e-05	5.983274463325	50528298	"+"	"22"	455622
"cg12928379"	0.405169345370932	0.349275854638444	6.09731431515083	9.61741336909608e-08	2.69086917927722e-05	7.64395736528317	637175	"-"	"11"	103864
"cg13073224"	0.325073645348103	0.551716026155455	6.41248450747286	2.89162621446126e-08	1.21545302836931e-05	8.80391788614531	117131523	"-"	"12"	873005
"cg13097407"	0.366329758764198	0.231104646187547	6.727103272112	8.64822115612704e-09	5.68032411304717e-06	9.97002124606837	43276658	"+"	"6"	925087
"cg13097407"	0.366329758764198	0.231104646187547	6.727103272112	8.64822115612704e-09	5.68032411304717e-06	9.97002124606837	43276658	"+"	"6"	925088
"cg13097407"	0.366329758764198	0.231104646187547	6.727103272112	8.64822115612704e-09	5.68032411304717e-06	9.97002124606837	43276658	"+"	"6"	925089
"cg13100137"	0.31954165195168	0.538776005423907	5.77196362812164	3.28879129661997e-07	6.13440823805211e-05	6.45871513332312	37937945	"+"	"1"	8370
"cg13157757"	0.338842771740345	0.195580121552952	8.47030001204817	1.0539452353815e-11	7.87573988946704e-08	16.4563004329422	76250351	"+"	"5"	920728
"cg13169132"	0.312194779859782	0.335077828585152	5.17684850071658	2.99042246674987e-06	0.000275079055306779	4.33653510101267	1362340	"+"	"1"	278
"cg13218707"	0.31175718425063	0.445128812837364	4.90143277841652	8.10915747193403e-06	0.000553867975591289	3.38094295157695	118900557	"+"	"11"	867228
"cg13282929"	0.381085748037774	0.441433595816499	7.46354899299702	5.05682162925455e-10	9.54800637088346e-07	12.7149287310157	4954404	"+"	"20"	905060
"cg13285174"	0.33668364151239	0.622563903820201	6.77415916124831	7.21642947950085e-09	5.06335819240656e-06	10.1449398367624	3052221	"+"	"20"	419832
"cg13340327"	0.308755086342779	0.226907257827942	6.71530261749575	9.04966088458494e-09	5.84850983412891e-06	9.92617276502791	114287407	"-"	"9"	933969
"cg13340327"	0.308755086342779	0.226907257827942	6.71530261749575	9.04966088458494e-09	5.84850983412891e-06	9.92617276502791	114287407	"-"	"9"	933970
"cg13477101"	0.306273811756412	0.52998750315549	6.61623138227643	1.32418574475914e-08	7.45941101838033e-06	9.55835114158843	1067302	"-"	"7"	683299
"cg13482308"	0.368230241827656	0.327760991575726	6.70061688434062	9.57528045516657e-09	6.0625568589401e-06	9.87161425839863	37002685	"-"	"9"	784660
"cg13556511"	0.352267931042206	0.270563484120535	6.91202042071025	4.24434225214834e-09	3.56396534674927e-06	10.6579724555674	90455728	"-"	"15"	885493
"cg13556511"	0.352267931042206	0.270563484120535	6.91202042071025	4.24434225214834e-09	3.56396534674927e-06	10.6579724555674	90455728	"-"	"15"	885494
"cg13645732"	0.383302483503723	0.356745622047655	6.60055304141979	1.40633848792883e-08	7.71447180091383e-06	9.50019555555497	45901649	"+"	"19"	340019
"cg13708995"	0.326815560425787	0.325409975961593	6.04024659804173	1.19430496579147e-07	3.11007558642049e-05	7.43505758700494	134880895	"-"	"5"	617824
"cg13722700"	0.30394549730209	0.546955307275421	6.87265293767378	4.93930141077126e-09	3.94653990552108e-06	10.5113935845324	46993502	"+"	"10"	864746
"cg13722700"	0.30394549730209	0.546955307275421	6.87265293767378	4.93930141077126e-09	3.94653990552108e-06	10.5113935845324	46993502	"+"	"10"	864747
"cg13722700"	0.30394549730209	0.546955307275421	6.87265293767378	4.93930141077126e-09	3.94653990552108e-06	10.5113935845324	46993502	"+"	"10"	864748
"cg13753132"	0.324540991822089	0.469404289038075	6.22911882625638	5.82461053396336e-08	1.92956580720543e-05	8.12784809227368	129957481	"+"	"11"	867858
"cg13753132"	0.324540991822089	0.469404289038075	6.22911882625638	5.82461053396336e-08	1.92956580720543e-05	8.12784809227368	129957481	"+"	"11"	867859
"cg13777717"	0.351906307782984	0.329689253545524	10.2705458213704	1.23513692113764e-14	2.98696867049478e-09	22.9585623647866	76250527	"-"	"5"	920728
"cg13874070"	0.320543688854599	0.234717283646808	5.40419368348471	1.29640945113594e-06	0.000154136964993391	5.13898868058399	27347053	"-"	"17"	889380
"cg13944468"	0.336270531531251	0.355843822224579	6.28970495467328	4.62292073941306e-08	1.64800458689739e-05	8.35088390106897	2753852	"+"	"5"	576510
"cg14076195"	0.370422690399259	0.300621219604873	6.54556333996893	1.736706470452e-08	8.71202880262039e-06	9.29634834621451	26233459	"+"	"1"	5698
"cg14089984"	0.31520492589855	0.281206222465336	6.1393602430968	8.19716850694142e-08	2.429345406298e-05	7.79811245918815	1182418	"+"	"1"	267
"cg14218167"	0.310420517574947	0.463133427459088	5.62039070869283	5.80357641850417e-07	8.9546764952113e-05	5.91189380246571	107214319	"+"	"13"	877812
"cg14238325"	0.359047301845773	0.287947794382503	6.08906533319303	9.92346564584136e-08	2.74474433953193e-05	7.61373756356447	43276781	"+"	"6"	925087
"cg14238325"	0.359047301845773	0.287947794382503	6.08906533319303	9.92346564584136e-08	2.74474433953193e-05	7.61373756356447	43276781	"+"	"6"	925088
"cg14238325"	0.359047301845773	0.287947794382503	6.08906533319303	9.92346564584136e-08	2.74474433953193e-05	7.61373756356447	43276781	"+"	"6"	925089
"cg14263499"	0.311735227345555	0.63560077622232	7.30616230192857	9.28207598081766e-10	1.37462339513976e-06	12.1276512355622	13641740	"-"	"18"	893801
"cg14292280"	0.378332706295323	0.290528789110511	6.44330086419904	2.56990780672117e-08	1.12047208165168e-05	8.91782662115323	90455799	"-"	"15"	885493
"cg14292280"	0.378332706295323	0.290528789110511	6.44330086419904	2.56990780672117e-08	1.12047208165168e-05	8.91782662115323	90455799	"-"	"15"	885494
"cg14317609"	0.372339867185924	0.316497535671935	6.59292838371667	1.44810639893287e-08	7.82112919716244e-06	9.47191906943993	36986006	"+"	"9"	935771
"cg14468692"	0.331918170608921	0.463238659195611	5.15177577693016	3.27704999995993e-06	0.000292327123806828	4.24875333716774	504784	"+"	"11"	103856
"cg14472366"	0.337519511817301	0.355017650154483	8.09938272598539	4.36696044079518e-11	1.84199153071887e-07	15.0828272573187	20875915	"+"	"13"	184893
"cg14479754"	0.331599150932854	0.291913875683745	6.92703444694422	4.00579562510965e-09	3.4343532782025e-06	10.7138895010687	45286453	"-"	"21"	446724
"cg14560040"	0.31356462247065	0.315694697931549	6.67731556627819	1.04723900904608e-08	6.44448035792979e-06	9.78507227827733	136203305	"+"	"9"	807361
"cg15079315"	0.30850377382645	0.412374816010987	5.81244948389653	2.82427988448805e-07	5.52741362804477e-05	6.60539521426481	4981089	"+"	"20"	905087
"cg15084390"	0.33806472357023	0.31328388470797	6.24493929186073	5.48373923944457e-08	1.84700433355515e-05	8.18605299942616	475085	"-"	"5"	576031
"cg15085899"	0.328936115394195	0.480679749647151	5.0568833611212	4.62787675776048e-06	0.00037185955918468	3.9179124427466	125003064	"+"	"12"	181672
"cg15115421"	0.364925546961412	0.273241443823114	6.54524838360954	1.73880566426616e-08	8.71202880262039e-06	9.29518138466644	32747299	"-"	"17"	889788
"cg15149655"	0.3353351979406	0.475236970178595	7.0793437295726	2.22687398963763e-09	2.39906019864686e-06	11.2815185904553	98703698	"+"	"2"	903522
"cg15182635"	0.331230920299686	0.448211059580167	8.17600060811101	3.25391362296792e-11	1.51327633304462e-07	15.3671588823458	77165167	"+"	"10"	865718
"cg15193638"	0.302690088913647	0.436805642405452	5.74330395430152	3.66258719633464e-07	6.55452231956977e-05	6.35503450350929	165682959	"-"	"2"	898388
"cg15213291"	0.459050022561336	0.338055259734998	8.37543954856294	1.51495210837712e-11	9.2467850364289e-08	16.1058073576442	10521574	"-"	"6"	921322
"cg15234492"	0.32673929150259	0.407355045227647	5.75695497209561	3.47957187709779e-07	6.35318079156516e-05	6.40440300795592	122019076	"-"	"12"	181050
"cg15487867"	0.344982717128444	0.267504943880505	5.67760440213941	4.6856085788672e-07	7.74704726153047e-05	6.11785358386602	1475742	"-"	"1"	293
"cg15497761"	0.347239212350065	0.505943660544371	5.92365967965211	1.85682463868325e-07	4.17583514736534e-05	7.0095510158062	155147397	"-"	"1"	37477
"cg15705813"	0.313130254043115	0.544124544158189	5.8767606091156	2.21648958425105e-07	4.71433883577999e-05	6.83889668223743	70297499	"-"	"2"	363172
"cg15845673"	0.31029480691391	0.610067815150791	4.73014657897426	1.49389198013645e-05	0.000848056525258465	2.79708203902751	25099560	"-"	"12"	150400
"cg16150105"	0.35360293712867	0.400664246449326	5.33496590387272	1.67395288434463e-06	0.000183451834386578	4.89344596041285	41882368	"-"	"19"	339209
"cg16234978"	0.311381386425794	0.517893781807619	7.4743768153017	4.84990161531711e-10	9.41097307505029e-07	12.7553278366306	1704095	"-"	"7"	927802
"cg16274678"	0.330841201702561	0.502521485907851	6.99507094897189	3.08186811616295e-09	2.88502224052659e-06	10.9673702966752	154127952	"-"	"1"	855236
"cg16306898"	0.306801028885629	0.21843778985364	5.87736230484512	2.21146431344625e-07	4.70779092705676e-05	6.84108415289742	1475675	"+"	"1"	293
"cg16329197"	0.350364074845635	0.287653617813654	6.20845894022023	6.30163650014687e-08	2.03282835892399e-05	8.05187687666116	53359506	"+"	"12"	875076
"cg16329197"	0.350364074845635	0.287653617813654	6.20845894022023	6.30163650014687e-08	2.03282835892399e-05	8.05187687666116	53359506	"+"	"12"	875077
"cg16386396"	0.302747166954193	0.526964445115154	4.57434746180507	2.58598616136201e-05	0.00125451713412369	2.27377794777336	3132458	"+"	"1"	523
"cg16404106"	0.320609121496433	0.521345900208057	6.31873513342266	4.13793587563696e-08	1.52331624218987e-05	8.45787786228135	86085623	"-"	"11"	128009
"cg16437908"	0.316818257687302	0.453746976074097	5.05339550039029	4.6867806475909e-06	0.000375119788469753	3.90579489438191	85640810	"-"	"2"	902969
"cg16439649"	-0.324374060757577	0.685665999914978	-5.15180625299416	3.27668570528852e-06	0.000292327123806828	4.24885994539192	129175984	"-"	"9"	805967
"cg16547579"	0.388288763151987	0.458054085912422	7.88342439776204	1.00206253113877e-10	3.20262275012621e-07	14.27998093245	4954333	"+"	"20"	905060
"cg16562724"	0.343649432612739	0.446631578976719	7.4630364063056	5.0668332455181e-10	9.54800637088346e-07	12.7130162222685	68270631	"-"	"16"	278941
"cg16597406"	0.429525152101292	0.346988885063984	6.77481825169099	7.19815337696401e-09	5.05542408212393e-06	10.1473906068407	8130173	"+"	"17"	893466
"cg16597406"	0.429525152101292	0.346988885063984	6.77481825169099	7.19815337696401e-09	5.05542408212393e-06	10.1473906068407	8130173	"+"	"17"	893467
"cg16597406"	0.429525152101292	0.346988885063984	6.77481825169099	7.19815337696401e-09	5.05542408212393e-06	10.1473906068407	8130173	"+"	"17"	893468
"cg16601494"	0.378778536543572	0.259563367866729	5.71129673205389	4.12990104855377e-07	7.12034002097126e-05	6.23939789798811	1475737	"-"	"1"	293
"cg16720947"	0.356982667282505	0.376588669134437	5.31792223846587	1.78242112748424e-06	0.000191832776378681	4.83314922782838	145048137	"+"	"8"	773180
"cg16727201"	0.429833567112995	0.376899193736263	8.24547814773152	2.49255636012026e-11	1.3009691702956e-07	15.6247315591296	12254556	"+"	"18"	311160
"cg16737517"	0.346271017277699	0.441385750115922	5.61162704595661	5.99667501892737e-07	9.1514129776121e-05	5.88039593607149	62406677	"+"	"20"	435434
"cg16808927"	0.337790939381838	0.304604472891087	6.16039597196776	7.56686970197472e-08	2.30953151111189e-05	7.87531132383796	710921	"+"	"16"	887986
"cg16808927"	0.337790939381838	0.304604472891087	6.16039597196776	7.56686970197472e-08	2.30953151111189e-05	7.87531132383796	710921	"+"	"16"	887987
"cg16838838"	0.30652520146756	0.232521990187596	5.3993142562977	1.32001462983367e-06	0.000156175683941568	5.12164940368935	85641023	"+"	"2"	902969
"cg16878144"	0.32823829095259	0.287104137467188	8.38849032474499	1.44113824506834e-11	9.09169004920726e-08	16.1540615066913	13641473	"+"	"18"	893801
"cg16987638"	0.337026779378622	0.381321106451005	5.88528161210284	2.14636627035842e-07	4.61662194716504e-05	6.86987965696409	1601509	"+"	"6"	922924
"cg16987638"	0.337026779378622	0.381321106451005	5.88528161210284	2.14636627035842e-07	4.61662194716504e-05	6.86987965696409	1601509	"+"	"6"	922925
"cg16987638"	0.337026779378622	0.381321106451005	5.88528161210284	2.14636627035842e-07	4.61662194716504e-05	6.86987965696409	1601509	"+"	"6"	922926
"cg17024258"	0.337668268886332	0.360230191852524	6.47834681228929	2.24712117870156e-08	1.0207303622744e-05	9.04746056051539	160370982	"-"	"1"	38832
"cg17094014"	0.359241435295262	0.329324207459387	6.02224385701715	1.27865810549179e-07	3.25268294837372e-05	7.36923945848721	41605343	"+"	"6"	924945
"cg17094014"	0.359241435295262	0.329324207459387	6.02224385701715	1.27865810549179e-07	3.25268294837372e-05	7.36923945848721	41605343	"+"	"6"	924946
"cg17100943"	0.326035311928703	0.620191526774637	6.37927135069508	3.28334458524223e-08	1.31105110454399e-05	8.68123716755319	6459300	"-"	"19"	331608
"cg17204129"	0.359030925671421	0.366433680123529	6.52691544274967	1.86545007004228e-08	9.15684817568067e-06	9.22726690162889	117119601	"-"	"7"	926808
"cg17241776"	0.309806593425389	0.575514201609895	7.28410124776687	1.01069032477078e-09	1.45198974243738e-06	12.0453320013532	51417469	"+"	"13"	878785
"cg17265994"	0.363882401054011	0.449498969701961	7.14270829166296	1.74401415335367e-09	2.04737948906786e-06	11.5178271607467	2905024	"-"	"11"	868531
"cg17272843"	0.324666664365483	0.336548821980245	8.47345009837919	1.04133184506002e-11	7.87573988946704e-08	16.4679294860227	77734280	"+"	"11"	871649
"cg17272843"	0.324666664365483	0.336548821980245	8.47345009837919	1.04133184506002e-11	7.87573988946704e-08	16.4679294860227	77734280	"+"	"11"	871650
"cg17342064"	0.304811534954554	0.229599475772366	5.95375568542975	1.65715627962559e-07	3.87794262900394e-05	7.11922206634712	8013457	"-"	"17"	893394
"cg17385936"	0.306768694413871	0.317346269058222	6.19876510828511	6.53864858810136e-08	2.08231989489665e-05	8.01624561805898	132756986	"+"	"3"	909180
"cg17441455"	0.394568545625855	0.522318540603357	7.18734073870096	1.46814341255881e-09	1.85563863705227e-06	11.6843167243828	38831543	"-"	"8"	932166
"cg17441455"	0.394568545625855	0.522318540603357	7.18734073870096	1.46814341255881e-09	1.85563863705227e-06	11.6843167243828	38831543	"-"	"8"	932167
"cg17441455"	0.394568545625855	0.522318540603357	7.18734073870096	1.46814341255881e-09	1.85563863705227e-06	11.6843167243828	38831543	"-"	"8"	932168
"cg17523868"	0.333742467485131	0.33106254682552	8.87438189019984	2.2615256444278e-12	3.21967638281834e-08	17.9422002044819	27313033	"+"	"17"	889370
"cg17603132"	0.354958699106519	0.335700386396671	8.0479466703873	5.32133725322374e-11	2.06450527052223e-07	14.8917885154342	8190152	"+"	"11"	871771
"cg17831269"	0.319144149877083	0.235119227041894	5.54671768988835	7.63883016516877e-07	0.000107988379696021	5.64752843050805	6209018	"+"	"1"	1198
"cg17900356"	0.336743730839285	0.35632725283139	5.28694645024042	1.99757550541052e-06	0.000207984935648655	4.72372475031086	53190593	"-"	"3"	912739
"cg17900356"	0.336743730839285	0.35632725283139	5.28694645024042	1.99757550541052e-06	0.000207984935648655	4.72372475031086	53190593	"-"	"3"	912740
"cg18208842"	0.338596748280647	0.45279895997329	6.3520330103065	3.64365837104603e-08	1.41060325748961e-05	8.58069617984552	287395	"+"	"2"	342417
"cg18255484"	0.313186003638867	0.268749161971624	6.57884033845064	1.52855807079038e-08	8.08874800729648e-06	9.41968258741986	43282199	"-"	"1"	9776
"cg18282849"	0.324732007137025	0.299259036641144	6.47767779831861	2.25288795820488e-08	1.02154247549355e-05	9.04498501537722	86085694	"+"	"11"	128009
"cg18286501"	0.312690712080424	0.355701547096981	5.52578511585865	8.25774103395452e-07	0.000114070503853636	5.57259500230355	63213339	"+"	"10"	865082
"cg18286501"	0.312690712080424	0.355701547096981	5.52578511585865	8.25774103395452e-07	0.000114070503853636	5.57259500230355	63213339	"+"	"10"	865083
"cg18301423"	0.370880106470138	0.293046515392296	6.31583471587002	4.18402336932949e-08	1.53463335208553e-05	8.44718452221448	131593218	"-"	"5"	917148
"cg18301423"	0.370880106470138	0.293046515392296	6.31583471587002	4.18402336932949e-08	1.53463335208553e-05	8.44718452221448	131593218	"-"	"5"	917149
"cg18301423"	0.370880106470138	0.293046515392296	6.31583471587002	4.18402336932949e-08	1.53463335208553e-05	8.44718452221448	131593218	"-"	"5"	917150
"cg18308285"	0.329064681713412	0.213756809210231	6.8921990843548	4.58111201496029e-09	3.75386492741551e-06	10.584163588886	7942551	"-"	"17"	893340
"cg18320766"	0.367369834319481	0.353510437886367	7.01802093076644	2.82091579343817e-09	2.72876211629813e-06	11.0529046218298	55598782	"-"	"19"	341703
"cg18369516"	0.321974401426857	0.547331073122395	5.57644982460605	6.83777391800211e-07	9.97145354720927e-05	5.75410064282806	62406721	"+"	"20"	435434
"cg18518680"	0.313776000638731	0.460886323465611	7.29530993417906	9.67905852573358e-10	1.4186156123962e-06	12.0871561539819	6419636	"-"	"12"	876478
"cg18518680"	0.313776000638731	0.460886323465611	7.29530993417906	9.67905852573358e-10	1.4186156123962e-06	12.0871561539819	6419636	"-"	"12"	876479
"cg18518680"	0.313776000638731	0.460886323465611	7.29530993417906	9.67905852573358e-10	1.4186156123962e-06	12.0871561539819	6419636	"-"	"12"	876480
"cg18633684"	0.382100684312436	0.362471042387755	6.20275085445899	6.44014444685983e-08	2.06465680780042e-05	8.0308946896611	104697387	"-"	"12"	872464
"cg18751306"	0.336804752262099	0.266021076423904	5.91964971219653	1.88516881581612e-07	4.22125953921538e-05	6.99494780004068	81294292	"+"	"15"	885068
"cg18805066"	0.343225276599356	0.492620572487301	7.15793965276679	1.64448959199478e-09	1.98185308056914e-06	11.5746405209166	27134259	"-"	"7"	928241
"cg18805066"	0.343225276599356	0.492620572487301	7.15793965276679	1.64448959199478e-09	1.98185308056914e-06	11.5746405209166	27134259	"-"	"7"	928242
"cg18889595"	0.364219570880566	0.246050120907327	6.48305674294329	2.20693614667751e-08	1.01081437340807e-05	9.06488962047326	37032104	"+"	"9"	784668
"cg18952026"	0.30630677127209	0.357104095009981	7.00956382923044	2.91440588298525e-09	2.78818372785645e-06	11.0213834492045	1940380	"+"	"12"	873826
"cg18990313"	0.400071021782558	0.500681113634224	8.87165884467274	2.28501452559319e-12	3.21967638281834e-08	17.9322293657376	38831598	"-"	"8"	932166
"cg18990313"	0.400071021782558	0.500681113634224	8.87165884467274	2.28501452559319e-12	3.21967638281834e-08	17.9322293657376	38831598	"-"	"8"	932167
"cg18990313"	0.400071021782558	0.500681113634224	8.87165884467274	2.28501452559319e-12	3.21967638281834e-08	17.9322293657376	38831598	"-"	"8"	932168
"cg19052355"	0.317002115646386	0.241147078980799	6.57661226248329	1.54168326398496e-08	8.10578987555923e-06	9.41142238138858	237076306	"-"	"2"	900756
"cg19052355"	0.317002115646386	0.241147078980799	6.57661226248329	1.54168326398496e-08	8.10578987555923e-06	9.41142238138858	237076306	"-"	"2"	900757
"cg19108881"	0.348269661734124	0.436598585189798	6.64136417699315	1.20235263928664e-08	7.0239258063152e-06	9.65160770832563	121902510	"-"	"3"	908722
"cg19246862"	0.301447950722059	0.369700961296535	6.16730674263454	7.37049432368681e-08	2.26675975470134e-05	7.9006837025196	706635	"-"	"11"	103872
"cg19278231"	0.344075611963589	0.46200258738366	5.58428282021853	6.64093140568344e-07	9.80860971883537e-05	5.7822040031967	151917052	"-"	"3"	909882
"cg19278231"	0.344075611963589	0.46200258738366	5.58428282021853	6.64093140568344e-07	9.80860971883537e-05	5.7822040031967	151917052	"-"	"3"	909883
"cg19295951"	0.379082368247359	0.382367882073077	8.08755601778797	4.5699608270123e-11	1.90546092530839e-07	15.0389125059754	45421998	"+"	"15"	883878
"cg19389293"	0.449875547555882	0.495034627360551	8.1731709532425	3.28944667055454e-11	1.52005749684118e-07	15.3566631691421	13641872	"-"	"18"	893801
"cg19513321"	0.316903773296126	0.391792412781751	4.87261245211542	8.99196397889049e-06	0.000595549355406772	3.28211073308378	85811432	"+"	"2"	903017
"cg19513321"	0.316903773296126	0.391792412781751	4.87261245211542	8.99196397889049e-06	0.000595549355406772	3.28211073308378	85811432	"+"	"2"	903018
"cg19513321"	0.316903773296126	0.391792412781751	4.87261245211542	8.99196397889049e-06	0.000595549355406772	3.28211073308378	85811432	"+"	"2"	903019
"cg19513321"	0.316903773296126	0.391792412781751	4.87261245211542	8.99196397889049e-06	0.000595549355406772	3.28211073308378	85811432	"+"	"2"	903020
"cg19513321"	0.316903773296126	0.391792412781751	4.87261245211542	8.99196397889049e-06	0.000595549355406772	3.28211073308378	85811432	"+"	"2"	903021
"cg19513321"	0.316903773296126	0.391792412781751	4.87261245211542	8.99196397889049e-06	0.000595549355406772	3.28211073308378	85811432	"+"	"2"	903022
"cg19516515"	0.42452208672513	0.298564956040891	6.94627514593176	3.7195530487207e-09	3.28195946323058e-06	10.7855591090748	155290614	"-"	"1"	37496
"cg19592472"	0.3308361564942	0.623122351187252	6.48374915655829	2.20108910721594e-08	1.00877318142518e-05	9.06745203198177	3052274	"+"	"20"	419832
"cg19611570"	0.306435990004164	0.435849499351836	5.75442787625431	3.51275521939995e-07	6.3728442083507e-05	6.39526162334136	102073548	"+"	"7"	926513
"cg19638749"	0.355689062443535	0.316963924422016	7.40563479009547	6.32314586382621e-10	1.0693324011795e-06	12.4988343412516	70312615	"-"	"2"	902372
"cg19638749"	0.355689062443535	0.316963924422016	7.40563479009547	6.32314586382621e-10	1.0693324011795e-06	12.4988343412516	70312615	"-"	"2"	902373
"cg19638749"	0.355689062443535	0.316963924422016	7.40563479009547	6.32314586382621e-10	1.0693324011795e-06	12.4988343412516	70312615	"-"	"2"	902374
"cg19638749"	0.355689062443535	0.316963924422016	7.40563479009547	6.32314586382621e-10	1.0693324011795e-06	12.4988343412516	70312615	"-"	"2"	902375
"cg19638749"	0.355689062443535	0.316963924422016	7.40563479009547	6.32314586382621e-10	1.0693324011795e-06	12.4988343412516	70312615	"-"	"2"	902376
"cg19657351"	0.358105960388485	0.250820513472162	7.70482082131507	1.99400044165873e-10	5.29906712975445e-07	13.6147410368614	10521558	"+"	"6"	921322
"cg19699287"	0.322720727506868	0.247212358627	7.18331572124395	1.49112073431433e-09	1.86687956960175e-06	11.6693013409968	30023221	"+"	"16"	271261
"cg19724470"	0.320123908703904	0.315812476375254	5.09983823677653	3.95945707602747e-06	0.000334471397767882	4.06739810863935	5450936	"+"	"9"	774884
"cg19729116"	0.310525856781144	0.225022237748363	5.43486909478272	1.15726491259171e-06	0.000143031437277747	5.24810567487925	26501981	"-"	"6"	639221
"cg19744936"	0.327950251021558	0.332920346402298	6.26671628707725	5.04672766778465e-08	1.74279966620328e-05	8.2662133106479	15343395	"-"	"19"	333030
"cg19884032"	-0.393133111909695	0.618741856100825	-6.34317851437697	3.76905432746281e-08	1.44069817993675e-05	8.5480268788485	174203061	"+"	"4"	914859
"cg19921279"	0.308624336423706	0.4564126911317	5.98695003036667	1.46155339522224e-07	3.56302260309254e-05	7.24032312527944	32827389	"+"	"1"	7068
"cg20034202"	0.304464525486004	0.493542670564555	7.35268977257219	7.75651314846174e-10	1.22867740888556e-06	12.3012695084557	232260136	"-"	"2"	900572
"cg20065768"	0.386174212627062	0.484956427898553	7.14727724833727	1.71354392681136e-09	2.02801697448241e-06	11.5348691089908	29796685	"+"	"16"	271214
"cg20125290"	0.331167368607515	0.636137243085789	7.26302001415133	1.09634738645065e-09	1.52375274429609e-06	11.9666711577925	40075935	"+"	"17"	890204
"cg20191453"	0.319550359465521	0.571041889948121	6.79972680665411	6.54026810347293e-09	4.72605375378636e-06	10.240025676055	49459855	"+"	"3"	470379
"cg20202413"	0.324710024689443	0.374560344581628	7.39360346461441	6.62364185905653e-10	1.10520155677757e-06	12.453939921367	46923068	"-"	"3"	912086
"cg20202413"	0.324710024689443	0.374560344581628	7.39360346461441	6.62364185905653e-10	1.10520155677757e-06	12.453939921367	46923068	"-"	"3"	912087
"cg20202413"	0.324710024689443	0.374560344581628	7.39360346461441	6.62364185905653e-10	1.10520155677757e-06	12.453939921367	46923068	"-"	"3"	912088
"cg20202413"	0.324710024689443	0.374560344581628	7.39360346461441	6.62364185905653e-10	1.10520155677757e-06	12.453939921367	46923068	"-"	"3"	912089
"cg20288331"	0.31680663204069	0.26285975936543	7.62718472826188	2.68984931302985e-10	6.426646953892e-07	13.3253103198494	35732234	"+"	"6"	641455
"cg20317738"	0.301120583496318	0.272232425910785	6.41281538078338	2.887967613487e-08	1.21545302836931e-05	8.80514050801896	9749717	"+"	"1"	862863
"cg20331595"	0.385724771969215	0.247007538774013	8.22898476768328	2.655316486742e-11	1.34187577147952e-07	15.5636094313957	327607	"-"	"20"	419207
"cg20619808"	0.324080931440671	0.50160018040518	7.91018971246643	9.03957646661247e-11	3.00835031511508e-07	14.3795846330677	27313499	"+"	"17"	889370
"cg20648847"	0.324850822506092	0.346446419670725	6.16450612909074	7.4494585942042e-08	2.28137389642742e-05	7.89040083295832	66326767	"-"	"11"	870865
"cg20787382"	0.300798939356919	0.435247502154034	4.84308098220598	9.99413384098287e-06	0.000639112746363969	3.18108343703138	627170	"-"	"11"	103863
"cg20923245"	0.3686083097443	0.366332667535099	6.08695471954198	1.00033142658457e-07	2.7582065744733e-05	7.60600669723534	104697419	"-"	"12"	872464
"cg20931042"	0.351555309536088	0.361025944382718	5.84020197547958	2.54402486285512e-07	5.15064291266847e-05	6.70608500600627	637162	"-"	"11"	103864
"cg20976526"	0.321424019163454	0.571409784445907	7.05549578289883	2.44138759806871e-09	2.50526769591407e-06	11.1926020179139	101118021	"-"	"8"	930065
"cg21184369"	0.308019522027857	0.647422706637902	5.38554885604238	1.38891666440159e-06	0.000161664952848819	5.07275968441	38831148	"+"	"8"	932166
"cg21184369"	0.308019522027857	0.647422706637902	5.38554885604238	1.38891666440159e-06	0.000161664952848819	5.07275968441	38831148	"+"	"8"	932167
"cg21184369"	0.308019522027857	0.647422706637902	5.38554885604238	1.38891666440159e-06	0.000161664952848819	5.07275968441	38831148	"+"	"8"	932168
"cg21207028"	0.403481819855896	0.288001104762373	7.71221872658938	1.937939691177e-10	5.16901951473979e-07	13.6423136065429	327619	"-"	"20"	419207
"cg21234561"	0.346445198566388	0.370123647318677	6.20022743462185	6.50233586755543e-08	2.07542374376401e-05	8.0216200077412	104697526	"+"	"12"	872464
"cg21628200"	0.306780463705837	0.202910680169523	6.94002697396003	3.81019476467127e-09	3.3466010793877e-06	10.7622839845153	61355200	"+"	"11"	870077
"cg21628200"	0.306780463705837	0.202910680169523	6.94002697396003	3.81019476467127e-09	3.3466010793877e-06	10.7622839845153	61355200	"+"	"11"	870078
"cg21628200"	0.306780463705837	0.202910680169523	6.94002697396003	3.81019476467127e-09	3.3466010793877e-06	10.7622839845153	61355200	"+"	"11"	870079
"cg21628200"	0.306780463705837	0.202910680169523	6.94002697396003	3.81019476467127e-09	3.3466010793877e-06	10.7622839845153	61355200	"+"	"11"	870080
"cg21654383"	0.315655778319717	0.323929492447636	4.90054508369599	8.13503466177311e-06	0.000555269499678402	3.37789535298215	85641076	"+"	"2"	902969
"cg21792155"	0.331998541229228	0.288538207179643	6.19422447287581	6.65269125757507e-08	2.10673105834983e-05	7.9995591574443	46940347	"+"	"3"	912092
"cg21842274"	0.343945549075196	0.60984824444225	7.12992117474108	1.83219911468932e-09	2.10993432620315e-06	11.4701337338038	76248637	"-"	"5"	920728
"cg21854286"	0.318486921545263	0.480631733441128	8.2031519264214	2.93194087289034e-11	1.4013686312979e-07	15.4678469932566	40700858	"-"	"17"	297017
"cg22120095"	0.339866442197045	0.558427825699595	7.97236029827154	7.1162603578076e-11	2.60266029083749e-07	14.6108409442019	50488020	"+"	"3"	912421
"cg22152796"	0.370938350176128	0.354977368469374	5.89112420260225	2.09955995812022e-07	4.5469511941978e-05	6.89112966112067	57869941	"+"	"12"	876256
"cg22152796"	0.370938350176128	0.354977368469374	5.89112420260225	2.09955995812022e-07	4.5469511941978e-05	6.89112966112067	57869941	"+"	"12"	876257
"cg22152796"	0.370938350176128	0.354977368469374	5.89112420260225	2.09955995812022e-07	4.5469511941978e-05	6.89112966112067	57869941	"+"	"12"	876258
"cg22152796"	0.370938350176128	0.354977368469374	5.89112420260225	2.09955995812022e-07	4.5469511941978e-05	6.89112966112067	57869941	"+"	"12"	876259
"cg22195627"	0.333491139347619	0.483433348830993	7.82083072429678	1.27520178924368e-10	3.88721690291806e-07	14.046950118781	12305869	"+"	"19"	332567
"cg22234962"	0.331049915571754	0.444030613665677	7.73170317549127	1.79772628922119e-10	4.92169292491956e-07	13.7149271355479	155291297	"+"	"1"	37496
"cg22305258"	0.335499600053407	0.385723784609746	6.28901314637719	4.6351426123115e-08	1.64923557140235e-05	8.34833513133755	4643367	"-"	"17"	285275
"cg22323744"	0.460481026340663	0.372281558186209	10.2933608321085	1.13619807345132e-14	2.98696867049478e-09	23.0387366027268	76248711	"+"	"5"	920728
"cg22336806"	0.311329023831574	0.274262513921	4.59731333743682	2.38610837169801e-05	0.00118512989495347	2.35042636728333	2903704	"-"	"6"	632136
"cg22339775"	0.305885208191028	0.358319239991484	5.83028655948219	2.64084047753316e-07	5.27803615870476e-05	6.67009742837952	26224925	"+"	"6"	639147
"cg22378252"	0.324023671498284	0.384867762723965	5.93227964368871	1.79731730499151e-07	4.0843421792603e-05	7.04095001386788	10521452	"-"	"6"	921322
"cg22399984"	0.30688246468435	0.30090054271122	7.655150739998	2.41486253291374e-10	5.99993271495337e-07	13.4295837389516	1601802	"-"	"6"	922924
"cg22399984"	0.30688246468435	0.30090054271122	7.655150739998	2.41486253291374e-10	5.99993271495337e-07	13.4295837389516	1601802	"-"	"6"	922925
"cg22399984"	0.30688246468435	0.30090054271122	7.655150739998	2.41486253291374e-10	5.99993271495337e-07	13.4295837389516	1601802	"-"	"6"	922926
"cg22491268"	0.358067757037621	0.390869817644283	9.5966277319683	1.49179422579335e-13	9.92226050868629e-09	20.5628528036109	38831628	"+"	"8"	932166
"cg22491268"	0.358067757037621	0.390869817644283	9.5966277319683	1.49179422579335e-13	9.92226050868629e-09	20.5628528036109	38831628	"+"	"8"	932167
"cg22491268"	0.358067757037621	0.390869817644283	9.5966277319683	1.49179422579335e-13	9.92226050868629e-09	20.5628528036109	38831628	"+"	"8"	932168
"cg22620090"	0.303479481245166	0.243779350573575	6.03943184864609	1.19800038796787e-07	3.11857941682921e-05	7.43207799332564	105400993	"-"	"6"	662977
"cg22638593"	0.315566172958412	0.220656501990739	6.63644082780143	1.22530531098177e-08	7.08332890686821e-06	9.63333634928981	131593259	"-"	"5"	917148
"cg22638593"	0.315566172958412	0.220656501990739	6.63644082780143	1.22530531098177e-08	7.08332890686821e-06	9.63333634928981	131593259	"-"	"5"	917149
"cg22638593"	0.315566172958412	0.220656501990739	6.63644082780143	1.22530531098177e-08	7.08332890686821e-06	9.63333634928981	131593259	"-"	"5"	917150
"cg22667178"	0.306087065436051	0.18553812749508	6.31168217704717	4.25089677905126e-08	1.5520993267765e-05	8.43187617851667	44947976	"-"	"13"	878591
"cg22670759"	0.308830007174562	0.513497696712848	5.98485877972243	1.47317025231688e-07	3.58411651537775e-05	7.232689491843	50487955	"+"	"3"	912421
"cg22877509"	0.428575892973892	0.288897865390516	7.34432735835347	8.01090755988298e-10	1.25527114984612e-06	12.270064777884	155290607	"-"	"1"	37496
"cg22957474"	0.340262129272131	0.2804508619673	6.25853124828598	5.2067657395127e-08	1.7801617988929e-05	8.23607900200073	141256648	"-"	"5"	917904
"cg22957474"	0.340262129272131	0.2804508619673	6.25853124828598	5.2067657395127e-08	1.7801617988929e-05	8.23607900200073	141256648	"-"	"5"	917905
"cg22957474"	0.340262129272131	0.2804508619673	6.25853124828598	5.2067657395127e-08	1.7801617988929e-05	8.23607900200073	141256648	"-"	"5"	917906
"cg22957474"	0.340262129272131	0.2804508619673	6.25853124828598	5.2067657395127e-08	1.7801617988929e-05	8.23607900200073	141256648	"-"	"5"	917907
"cg23189291"	0.327805249903377	0.237972551556484	5.71020283376153	4.14687421442042e-07	7.14111819531878e-05	6.23544875518643	85641279	"-"	"2"	902969
"cg23302181"	0.345058147396224	0.569224187321601	7.89278958185838	9.66577675552572e-11	3.14262828059014e-07	14.3148351953547	22098471	"+"	"16"	886194
"cg23352722"	0.327255298262802	0.434440404669886	6.1586613967206	7.61696950822125e-08	2.32091716137968e-05	7.86894377740615	22089501	"-"	"8"	735560
"cg23358886"	0.309355074004137	0.479964863009564	5.67984203883886	4.64651209487e-07	7.70699560657543e-05	6.12591997932896	211652741	"+"	"1"	54313
"cg23394610"	0.389778519314118	0.430784815105803	7.59580351616332	3.03591976769189e-10	6.90456663178901e-07	13.2082852763973	98703695	"+"	"2"	903522
"cg23693485"	0.308311609205358	0.529734275929852	5.17397878874057	3.02193549549124e-06	0.000276994463682047	4.32648042162392	13381043	"-"	"6"	922185
"cg23927970"	0.306080898090671	0.550265060283246	6.09074175033688	9.86049462404265e-08	2.73168528737886e-05	7.61987840427572	504933	"-"	"11"	103856
"cg23971915"	0.32029933073796	0.252460975834048	6.30137790939783	4.4214646312785e-08	1.59988437333063e-05	8.39389639451987	46742865	"-"	"3"	469847
"cg24006126"	0.366355484610884	0.294591122210376	7.07310371515461	2.28111418592878e-09	2.42166848752566e-06	11.2582516274837	155290813	"-"	"1"	37496
"cg24045399"	0.347126725606106	0.318908411614025	6.02028381970891	1.28819149698916e-07	3.27051694414319e-05	7.36207598184508	6876713	"-"	"12"	144826
"cg24079361"	0.38122266324936	0.275969804692189	6.46700779409938	2.34687775550798e-08	1.04972716691941e-05	9.00550750608604	44948039	"-"	"13"	878591
"cg24227984"	0.324077099098131	0.393928376658116	7.28461446487244	1.00869065181066e-09	1.45198974243738e-06	12.0472470095115	4474970	"-"	"19"	331314
"cg24235037"	0.301793286266148	0.333634188735478	7.62870056366798	2.674170989899e-10	6.426646953892e-07	13.3309626258072	160919532	"-"	"2"	898318
"cg24505618"	0.335758036697953	0.321191683750979	7.93913685433333	8.08659457311048e-11	2.79917227387136e-07	14.4872780325076	45422054	"+"	"15"	883878
"cg24699005"	0.322604027709254	0.435042723516177	5.41457472923909	1.24756582740139e-06	0.00015025029220018	5.17589433967617	1192342	"-"	"19"	330899
"cg24734586"	0.31074234159823	0.247542230668701	5.84255364494392	2.52158362789403e-07	5.11722070056921e-05	6.71462240977539	21494021	"-"	"14"	880072
"cg24734586"	0.31074234159823	0.247542230668701	5.84255364494392	2.52158362789403e-07	5.11722070056921e-05	6.71462240977539	21494021	"-"	"14"	880073
"cg24734586"	0.31074234159823	0.247542230668701	5.84255364494392	2.52158362789403e-07	5.11722070056921e-05	6.71462240977539	21494021	"-"	"14"	880074
"cg24753662"	0.364337702389275	0.339674751283506	7.81067473928498	1.32607783934425e-10	3.97111526486394e-07	14.0091282624929	19746984	"-"	"22"	906847
"cg24850121"	0.31594874910168	0.509662646209765	7.15005083679596	1.69530698736997e-09	2.02234637701042e-06	11.5452145949491	9177754	"+"	"3"	458596
"cg24864161"	0.325922215061063	0.523847335134983	5.80321596535143	2.92414008667051e-07	5.66326937730745e-05	6.5719202613983	50528282	"+"	"22"	455622
"cg25040004"	0.334267109098328	0.225241674825951	9.21906157202288	6.14421037232568e-13	1.62451115094542e-08	19.1990720715876	24640895	"+"	"14"	215760
"cg25140190"	0.400648515339815	0.581741288063841	7.11327200277718	1.95372735746498e-09	2.20783059830761e-06	11.4080397788223	13641529	"-"	"18"	893801
"cg25143235"	0.302237000339912	0.337637927555457	6.34843530834853	3.69410007506528e-08	1.42349442456728e-05	8.5674213585414	6187886	"-"	"1"	861985
"cg25208479"	0.31908325089152	0.250069968758	5.89361565976281	2.07990932214655e-07	4.51923370262953e-05	6.9001927648301	89943706	"-"	"15"	885433
"cg25274376"	0.377775498698851	0.342971135348437	6.60594013429152	1.37755354489299e-08	7.61549753173889e-06	9.52017612962064	104697126	"+"	"12"	872464
"cg25362339"	0.339073734711129	0.31438318646322	5.53101058631978	8.0987513219502e-07	0.00011247388945872	5.59129326020717	85811413	"-"	"2"	903017
"cg25367905"	0.377832706991435	0.297420053192073	5.47854224622442	9.8424452518525e-07	0.000127823969998952	5.40378049783411	176790350	"+"	"5"	919329
"cg25459558"	0.357009918335999	0.449497140946638	5.86446379307825	2.32170553684907e-07	4.85976643184784e-05	6.79420280390868	33161290	"+"	"6"	924515
"cg25597760"	0.310997622056692	0.30384338259919	6.42574334017213	2.74856681052083e-08	1.1757561748031e-05	8.85291808000392	77766120	"+"	"17"	893230
"cg25597760"	0.310997622056692	0.30384338259919	6.42574334017213	2.74856681052083e-08	1.1757561748031e-05	8.85291808000392	77766120	"+"	"17"	893231
"cg25614094"	0.310863780520667	0.275889245104653	6.21433040103015	6.16225186636259e-08	2.00390298825379e-05	8.07346313956847	54164374	"+"	"8"	932515
"cg25774643"	0.309383951807316	0.490247585646688	4.29059771843637	6.89249427695015e-05	0.0025102900127676	1.34182810690625	627175	"-"	"11"	103863
"cg25850808"	0.310220071651461	0.626777708961251	6.20501444778822	6.38485963162093e-08	2.05237451390401e-05	8.03921496058726	74405048	"+"	"6"	925830
"cg25916993"	0.31879182653342	0.215410067705306	6.84772052849206	5.43702502910642e-09	4.16711149513307e-06	10.4185920182976	134880580	"+"	"5"	617824
"cg25923609"	0.30695844358174	0.434361508251705	5.53417024862106	8.00408665009505e-07	0.00011167224731841	5.6026019246577	3607092	"-"	"5"	576744
"cg25997500"	0.325295890118033	0.27367627867375	6.81456729042289	6.17717479776845e-09	4.54516646917466e-06	10.2952308671874	160919253	"-"	"2"	898318
"cg26010734"	0.359507984018848	0.367693512633329	6.8109662715414	6.26338766626066e-09	4.58860548969659e-06	10.2818345253138	15344046	"-"	"19"	333030
"cg26165269"	0.332192324524439	0.208306401745256	6.12529835527703	8.647309655683e-08	2.51447475266067e-05	7.74653429803417	77765514	"-"	"17"	893230
"cg26165269"	0.332192324524439	0.208306401745256	6.12529835527703	8.647309655683e-08	2.51447475266067e-05	7.74653429803417	77765514	"-"	"17"	893231
"cg26267561"	0.3282144518107	0.604775468540511	6.61172584018717	1.34729205300536e-08	7.54536454742811e-06	9.54163718242232	3052224	"+"	"20"	419832
"cg26303165"	0.354644433915105	0.316908943156906	6.14249076845419	8.10016683034704e-08	2.40551082081455e-05	7.80959805059272	228401758	"-"	"1"	59329
"cg26314868"	0.317340453598588	0.215855264548894	6.70592912503715	9.38172597290679e-09	5.97438585993548e-06	9.89134826829155	26233506	"+"	"1"	5698
"cg26489057"	0.388898871949268	0.400198449088304	8.05376402166173	5.20367048173615e-11	2.06450527052223e-07	14.9134008120063	10712874	"+"	"19"	332288
"cg26614816"	0.345433203022657	0.392241760394041	6.04776150870761	1.16074882592482e-07	3.05025402392793e-05	7.46254395970578	104697532	"+"	"12"	872464
"cg26620710"	0.332665363033227	0.326126232001785	7.8124161597129	1.31721199378976e-10	3.97111526486394e-07	14.0156137057595	134880436	"-"	"5"	617824
"cg26635219"	0.32853733560867	0.437859245960885	5.32058871348495	1.76500530746117e-06	0.000190438665311983	4.84257850899801	117119424	"+"	"7"	926808
"cg26640601"	0.301896962439488	0.333810892280323	6.16955734821468	7.30764065040881e-08	2.25892031709882e-05	7.9089477522456	10883866	"+"	"6"	634513
"cg26690742"	0.315685828167838	0.246221881420234	7.07249386539173	2.28648545891183e-09	2.42166848752566e-06	11.2559777427734	2889602	"-"	"11"	104200
"cg26781466"	0.392986423083128	0.399042011841517	6.56039218033905	1.64067649929051e-08	8.40020578375983e-06	9.35129914523904	10521612	"-"	"6"	921322
"cg26830053"	0.318768521830968	0.623428922794743	7.00921413203311	2.91833756093612e-09	2.78818372785645e-06	11.0200801042942	22098457	"+"	"16"	886194
"cg26853987"	0.387639078013129	0.296589981909504	5.83166395237133	2.62717623118689e-07	5.25651883218384e-05	6.67509574992913	176790272	"-"	"5"	919329
"cg26926665"	0.352316015029153	0.369458856416558	7.92369660574169	8.58165417995217e-11	2.92299602154982e-07	14.4298388785758	7942338	"+"	"17"	893340
"cg26933978"	0.31529334463064	0.58482245693296	6.13757629532863	8.25296051174452e-08	2.43823503123691e-05	7.79156781792399	38831295	"+"	"8"	932166
"cg26933978"	0.31529334463064	0.58482245693296	6.13757629532863	8.25296051174452e-08	2.43823503123691e-05	7.79156781792399	38831295	"+"	"8"	932167
"cg26933978"	0.31529334463064	0.58482245693296	6.13757629532863	8.25296051174452e-08	2.43823503123691e-05	7.79156781792399	38831295	"+"	"8"	932168
"cg26955850"	0.361609976593084	0.433361000886672	8.00002909318478	6.39783468750731e-11	2.41751180622493e-07	14.7137113652436	3052345	"+"	"20"	419832
"cg27057509"	0.342435993862123	0.569351983097607	6.77098261247245	7.30516385386769e-09	5.09604718347804e-06	10.1331284066204	30883762	"-"	"6"	640450
"cg27085846"	0.342790319627886	0.246710334797426	7.67266016083341	2.257211311332e-10	5.77044023565505e-07	13.4948606834846	10117147	"+"	"4"	519150
"cg27104822"	0.37411616826322	0.322923780206676	8.14507562033515	3.66407706733564e-11	1.62306580938095e-07	15.2524302507523	10698084	"-"	"19"	894803
"cg27104822"	0.37411616826322	0.322923780206676	8.14507562033515	3.66407706733564e-11	1.62306580938095e-07	15.2524302507523	10698084	"-"	"19"	894804
"cg27239280"	0.347639363764476	0.502473409682048	8.45702753731087	1.10879733667264e-11	7.94004424335752e-08	16.4072957667858	30907679	"+"	"16"	886625
"cg27239280"	0.347639363764476	0.502473409682048	8.45702753731087	1.10879733667264e-11	7.94004424335752e-08	16.4072957667858	30907679	"+"	"16"	886626
"cg27258399"	0.369096790235033	0.471131285345339	8.15814390977415	3.48477380066574e-11	1.59862201447757e-07	15.3009182196168	38832267	"+"	"8"	932166
"cg27258399"	0.369096790235033	0.471131285345339	8.15814390977415	3.48477380066574e-11	1.59862201447757e-07	15.3009182196168	38832267	"+"	"8"	932167
"cg27258399"	0.369096790235033	0.471131285345339	8.15814390977415	3.48477380066574e-11	1.59862201447757e-07	15.3009182196168	38832267	"+"	"8"	932168
"cg27292818"	0.312314576773717	0.361496059888643	6.9326656124296	3.91981796821861e-09	3.39763920683946e-06	10.7348637428437	56151972	"+"	"19"	341814
"cg27454412"	0.350267386348666	0.472840959723627	6.77379477814118	7.22655341404424e-09	5.06556258486539e-06	10.1435849189031	1067447	"+"	"7"	683299
"cg27579313"	0.32124618031118	0.516393946499973	6.12510912284562	8.6535316649109e-08	2.51527586913509e-05	7.74584035663016	7381622	"+"	"17"	892749
"cg27579313"	0.32124618031118	0.516393946499973	6.12510912284562	8.6535316649109e-08	2.51527586913509e-05	7.74584035663016	7381622	"+"	"17"	892750
"cg27596538"	0.34150977066593	0.180172426869055	7.78900024804654	1.44156047701193e-10	4.21713985690193e-07	13.9283998401056	114287528	"-"	"9"	933969
"cg27596538"	0.34150977066593	0.180172426869055	7.78900024804654	1.44156047701193e-10	4.21713985690193e-07	13.9283998401056	114287528	"-"	"9"	933970
"cg27656786"	0.300879953960159	0.449985769549779	5.69840014093939	4.33445523849344e-07	7.34838346915869e-05	6.19285163781086	142677346	"+"	"6"	922394
