	TF	size	nes	pval	pval.fdr
1	ZNF528	214	-2.89388899176791	0.00380502656847842	0.999321308272774
2	ZNF571	49	-2.71955134796819	0.00653705446460417	0.999321308272774
3	ZNF737	49	-2.38890590149677	0.0168986299172004	0.999321308272774
4	ZNF417	48	-2.25503718167457	0.0241309950466247	0.999321308272774
5	PROX1	10	2.14961013311177	0.0315860662129284	0.999321308272774
6	ZFP30	64	-2.1208886873064	0.0339311708915665	0.999321308272774
7	ZBTB33	7	-2.09515346569116	0.0361573524016098	0.999321308272774
8	ZNF678	149	-2.08438860652645	0.0371248333571578	0.999321308272774
9	ZNF226	130	-2.07244932039245	0.0382235578879581	0.999321308272774
10	ZNF717	104	-2.02723570711748	0.042638313074776	0.999321308272774
11	PAX4	85	-1.98004732185294	0.047698211551366	0.999321308272774
12	ZNF595	38	-1.97454387670161	0.0483199334858931	0.999321308272774
13	THAP9	102	-1.96100273648563	0.0498787036783683	0.999321308272774
14	ZNF91	193	-1.95311648726271	0.0508057937597817	0.999321308272774
15	ZNF721	129	-1.95261886839287	0.050864773680268	0.999321308272774
16	ZNF684	88	-1.93098099469618	0.0534854027675497	0.999321308272774
17	ZNF708	238	-1.8904277294168	0.0587007777338282	0.999321308272774
18	ZNF454	21	-1.88470419712827	0.0594697854007698	0.999321308272774
19	ZNF135	96	-1.87730077680068	0.0604768818277303	0.999321308272774
20	VSX2	84	1.85620512915063	0.0634243252942955	0.999321308272774
21	IKZF2	87	-1.84973172555288	0.0643522255161884	0.999321308272774
22	ZNF701	94	-1.84361616459137	0.0652390985693887	0.999321308272774
23	ZNF211	74	-1.84175572059755	0.0655108896529114	0.999321308272774
24	UNCX	261	1.83909188991757	0.0659016716814417	0.999321308272774
25	ZBTB16	11	1.79972264878297	0.0719044430037363	0.999321308272774
26	ZNF227	84	-1.78503729223757	0.0742552681529509	0.999321308272774
27	ZNF430	126	-1.76668374332449	0.0772812074126104	0.999321308272774
28	NOTO	147	1.75767604064929	0.0788026467861154	0.999321308272774
29	ZNF484	82	-1.75641365349827	0.0790178031979335	0.999321308272774
30	ESRRA	34	1.73401396580511	0.082915605221314	0.999321308272774
31	ZNF283	84	-1.72868204321032	0.0838660168853641	0.999321308272774
32	ZNF835	70	-1.72307253545818	0.0848754087180375	0.999321308272774
33	ZNF195	274	-1.71062233418491	0.0871508533090173	0.999321308272774
34	ZNF85	239	-1.70476505302649	0.0882382516942559	0.999321308272774
35	THAP7	340	1.69323432560027	0.0904108732939779	0.999321308272774
36	ZNF141	131	-1.68803840146336	0.0914038575989472	0.999321308272774
37	FOXP2	15	-1.68408761088234	0.0921647383158834	0.999321308272774
38	YY1	34	1.65120069596376	0.0986976010647181	0.999321308272774
39	PURB	198	-1.63193485392266	0.102693210680651	0.999321308272774
40	ZBTB34	95	-1.61946838910337	0.105346522570586	0.999321308272774
41	ZNF320	264	-1.60176045958822	0.109208589819014	0.999321308272774
42	ZNF776	79	-1.59504641003488	0.110701857923503	0.999321308272774
43	RBAK	112	-1.58618831069681	0.112696598641795	0.999321308272774
44	CUX2	199	1.5721184465953	0.115923084204123	0.999321308272774
45	ZNF404	72	-1.56189289326169	0.118313222957361	0.999321308272774
46	ZNF883	21	-1.53581379195933	0.124584056127033	0.999321308272774
47	RFX7	186	-1.53380476014791	0.12507769159098	0.999321308272774
48	ZNF443	49	-1.52584232117525	0.127049138040945	0.999321308272774
49	ZNF148	5	-1.49506897779276	0.134896441108401	0.999321308272774
50	ZNF146	566	-1.47956965958921	0.13898812845059	0.999321308272774
51	FOXO3	23	1.46845004301315	0.141982016745819	0.999321308272774
52	ZBTB22	192	1.45907113763959	0.144545529174403	0.999321308272774
53	ZNF117	91	-1.45366221598537	0.146039978528027	0.999321308272774
54	ZNF154	25	-1.42962432117172	0.152824871281367	0.999321308272774
55	ZNF597	27	-1.42930083722179	0.15291778548429	0.999321308272774
56	DLX1	255	1.42006064717092	0.155590025707997	0.999321308272774
57	NFIL3	6	-1.4037989468508	0.160378727681676	0.999321308272774
58	HES7	99	-1.40223129219324	0.160846190104481	0.999321308272774
59	ZNF419	40	-1.39529273737088	0.16292758125626	0.999321308272774
60	ZNF837	173	1.39220947810969	0.1638589734634	0.999321308272774
61	ZNF341	364	-1.37321960233832	0.169684087532551	0.999321308272774
62	ZNF180	144	-1.36886742741076	0.17104071916315	0.999321308272774
63	EMX1	178	-1.34270106722593	0.179368789004936	0.999321308272774
64	MNX1	237	1.3339670559067	0.182214653490615	0.999321308272774
65	GBX1	177	-1.33331927372825	0.182427051328721	0.999321308272774
66	ZNF182	150	-1.31359167422038	0.18898365203317	0.999321308272774
67	ZNF784	192	1.31234359018182	0.189404230715479	0.999321308272774
68	TET1	121	-1.29442891267029	0.195517309146884	0.999321308272774
69	KLF2	6	1.29284876086343	0.196063372062475	0.999321308272774
70	PRDM14	74	-1.29049519523589	0.196878778999387	0.999321308272774
71	ESRRB	259	1.27669078002532	0.201711437808019	0.999321308272774
72	ZBED5	165	-1.26525424659137	0.205780202161358	0.999321308272774
73	EVX1	127	-1.24653179060139	0.212569225545387	0.999321308272774
74	ZFP82	240	-1.24644089061571	0.212602577100206	0.999321308272774
75	HOXC9	322	1.24521925705604	0.213051165884713	0.999321308272774
76	ZNF816	241	-1.24001225921673	0.214970859811221	0.999321308272774
77	FOXK2	26	-1.23802921369506	0.215705228810847	0.999321308272774
78	ZNF449	250	-1.23659277970158	0.216238301807734	0.999321308272774
79	SIM1	35	-1.2330133157431	0.217570796243269	0.999321308272774
80	HEY1	173	1.23074020164547	0.218420047089932	0.999321308272774
81	HMGN3	213	-1.22079426203689	0.22216392689048	0.999321308272774
82	ZNF780B	162	-1.22061672973263	0.222231169040434	0.999321308272774
83	ELF5	8	1.21515814478709	0.224305780589889	0.999321308272774
84	ZNF207	220	-1.2088869922482	0.226706264192952	0.999321308272774
85	HESX1	161	-1.20470144365086	0.228318578525033	0.999321308272774
86	OLIG1	169	-1.20283072717313	0.229041831529725	0.999321308272774
87	ELF1	21	-1.19872807603194	0.230633697279977	0.999321308272774
88	ZNF726	79	-1.19631736780623	0.231572733705808	0.999321308272774
89	ZNF549	221	-1.17582468082439	0.239664941654981	0.999321308272774
90	HDX	131	-1.17535651224438	0.239852114121052	0.999321308272774
91	ZNF606	109	-1.15927683665963	0.246343360336343	0.999321308272774
92	SALL1	34	1.15769516421676	0.246988458083149	0.999321308272774
93	HHEX	4	1.15454153198915	0.248278221554608	0.999321308272774
94	THAP2	164	-1.15366849127317	0.248636106539263	0.999321308272774
95	DLX5	16	-1.14407918177943	0.252590800470819	0.999321308272774
96	SIX6	93	-1.13796833122521	0.255133706367978	0.999321308272774
97	FOXN1	95	-1.1334538155464	0.257023725561136	0.999321308272774
98	CRX	244	-1.13248436017356	0.25743085600051	0.999321308272774
99	DLX6	206	-1.13067067493761	0.258193728522778	0.999321308272774
100	FOXQ1	327	1.13029971872518	0.258349953056112	0.999321308272774
101	KLF3	6	1.13013782465616	0.258418153674914	0.999321308272774
102	ZBTB7C	334	1.12171752075971	0.261982564579178	0.999321308272774
103	THAP4	484	1.11831461491394	0.263432647151356	0.999321308272774
104	MEF2B	15	-1.09118281264505	0.275192449130898	0.999321308272774
105	HBP1	15	1.08998425647051	0.275720079172455	0.999321308272774
106	FOXK1	38	1.08139542457313	0.279521256054246	0.999321308272774
107	ZNF491	60	-1.07881227902938	0.280671419877986	0.999321308272774
108	NKX3-2	365	-1.07682117457033	0.281560163668285	0.999321308272774
109	ZHX1	224	-1.0760970766853	0.281883842935601	0.999321308272774
110	EGR4	198	-1.0741790492607	0.282742440481829	0.999321308272774
111	ZNF423	493	-1.06886801176038	0.285129147706085	0.999321308272774
112	ZNF582	179	-1.0646363561011	0.287040520959612	0.999321308272774
113	ZNF513	348	1.06122549678118	0.288587434826643	0.999321308272774
114	MYF6	301	-1.06081603623435	0.288773512962112	0.999321308272774
115	TBX6	157	-1.06026716553355	0.289023072446565	0.999321308272774
116	HOXD11	178	1.05914315633093	0.289534588186783	0.999321308272774
117	RLF	248	-1.05473713757073	0.291545561843718	0.999321308272774
118	ADNP	165	-1.05044365743387	0.293514182420398	0.999321308272774
119	WIZ	405	1.0483971925352	0.2944556464997	0.999321308272774
120	SOX30	17	-1.04569115483132	0.295703647896286	0.999321308272774
121	ZNF319	156	1.04546386448562	0.295808633238173	0.999321308272774
122	THRB	327	1.04180928067743	0.2975001105003	0.999321308272774
123	ZNF174	161	-1.04047162131503	0.2981208419594	0.999321308272774
124	ZNF644	160	-1.04034602213861	0.298179169774707	0.999321308272774
125	ZNF773	22	-1.03826976995868	0.299144478450254	0.999321308272774
126	ZNF707	173	1.03583497520372	0.300279137623215	0.999321308272774
127	NKX6-2	205	1.03432849855755	0.300982618300409	0.999321308272774
128	ZFP90	221	-1.03258371358066	0.301798753069095	0.999321308272774
129	ZNF90	110	-1.02929246101745	0.303342264879163	0.999321308272774
130	BHLHA15	468	1.02857743899941	0.303678284118954	0.999321308272774
131	EN1	189	1.01078843529284	0.312117699363253	0.999321308272774
132	ZNF200	101	-1.00626675057555	0.314287270160181	0.999321308272774
133	NFAT5	401	-0.994321030845339	0.320066600105656	0.999321308272774
134	ZNF641	129	0.993381055303279	0.320524290314265	0.999321308272774
135	PTF1A	182	-0.993017920714109	0.32070122126903	0.999321308272774
136	ZBED1	9	0.986389571878329	0.32394198034781	0.999321308272774
137	HMG20A	251	-0.980332428151642	0.32692205253904	0.999321308272774
138	NKX6-1	369	-0.973392037229087	0.330358494926509	0.999321308272774
139	ZNF300	132	0.968593826664412	0.332747884691642	0.999321308272774
140	MYOD1	18	0.968396942442991	0.332846165899717	0.999321308272774
141	ZNF610	62	-0.968056885375907	0.333015960660222	0.999321308272774
142	NFATC4	497	-0.967685323734306	0.333201549963616	0.999321308272774
143	SNAPC4	11	-0.963159147557031	0.335467662931642	0.999321308272774
144	IRF5	562	0.957614671341721	0.338257098292092	0.999321308272774
145	NPAS3	139	0.955526321924741	0.339311600775211	0.999321308272774
146	ZNF736	156	-0.953460370454013	0.340356866085373	0.999321308272774
147	ZNF594	82	-0.95326495572986	0.340455842595862	0.999321308272774
148	GATA5	215	-0.945061996096465	0.344627226021694	0.999321308272774
149	KLF15	305	0.935379544924001	0.349592734650756	0.999321308272774
150	SRY	275	-0.925920797730224	0.354487142117	0.999321308272774
151	ZNF574	111	-0.919940682325428	0.357603757866126	0.999321308272774
152	NKX3-1	5	-0.91863269411649	0.358287725191216	0.999321308272774
153	ZNF526	114	-0.917872097985569	0.358685830840592	0.999321308272774
154	MXI1	35	0.91257331501292	0.361466994221616	0.999321308272774
155	ZSCAN20	53	-0.910980154067038	0.362305830510289	0.999321308272774
156	EGR1	75	-0.910584622284407	0.36251427598848	0.999321308272774
157	NME2	198	0.905948173238504	0.364963284729863	0.999321308272774
158	PRRX2	624	-0.900953339818974	0.367613129030196	0.999321308272774
159	HOMEZ	202	-0.896660231051643	0.369900247707713	0.999321308272774
160	ZNF845	102	-0.889883632556291	0.373528373367841	0.999321308272774
161	DEAF1	64	0.885705276281162	0.375776364371749	0.999321308272774
162	ZNF691	198	-0.881388624657767	0.378107512452539	0.999321308272774
163	LHX4	163	0.880431218928293	0.378625750534833	0.999321308272774
164	TBX1	263	0.867560323601396	0.38563507479261	0.999321308272774
165	FOXO4	8	0.866197068440313	0.38638210073326	0.999321308272774
166	AEBP2	354	-0.86495538198056	0.387063278502246	0.999321308272774
167	CREB1	40	-0.864765115479974	0.387167721635731	0.999321308272774
168	ZNF132	64	-0.864237335871374	0.387457526046101	0.999321308272774
169	ZNF22	194	-0.861432938626462	0.388999641209092	0.999321308272774
170	GATA1	10	0.860267471524745	0.389641619395935	0.999321308272774
171	ZNF256	16	-0.859592197843624	0.390013877352031	0.999321308272774
172	TWIST2	12	0.857882310394752	0.390957453064067	0.999321308272774
173	SATB1	163	0.856916040431102	0.391491287221808	0.999321308272774
174	NCOA2	9	-0.854832790925923	0.392643722144447	0.999321308272774
175	HES6	77	0.841483802498757	0.40007695538508	0.999321308272774
176	HOXA7	19	0.839065890664407	0.401432335518371	0.999321308272774
177	PDX1	26	0.833390916014145	0.404624296223175	0.999321308272774
178	SALL2	281	0.823085535908808	0.410459353475142	0.999321308272774
179	ZNF329	214	-0.820927595704681	0.411687511301841	0.999321308272774
180	KLF16	342	0.819644806378182	0.412418622851213	0.999321308272774
181	MBD1	18	0.818331937323042	0.413167674386724	0.999321308272774
182	ZNF322	328	-0.817616121040733	0.413576419361972	0.999321308272774
183	NFYC	6	0.803042678725005	0.421950067040226	0.999321308272774
184	ONECUT2	165	-0.800788084004569	0.42325433856228	0.999321308272774
185	GATA2	20	-0.79887014974783	0.424365709111746	0.999321308272774
186	ZEB1	5	-0.7986210288973	0.424510190328379	0.999321308272774
187	HMBOX1	15	-0.792493858278502	0.428072771500538	0.999321308272774
188	MSX1	302	0.792090511881659	0.428307902059478	0.999321308272774
189	HAND2	188	0.788385831385682	0.430471055899259	0.999321308272774
190	MLX	584	0.785520650463607	0.432148367564844	0.999321308272774
191	ZNF263	126	0.783194070097855	0.433513156597133	0.999321308272774
192	ZNF623	152	-0.78026105851662	0.435237229147857	0.999321308272774
193	E2F2	6	0.779419146942777	0.43573284856716	0.999321308272774
194	IRF8	8	-0.773444894435032	0.439259129311619	0.999321308272774
195	FIZ1	322	0.769629341391249	0.441519794858093	0.999321308272774
196	EHF	9	0.769277400527336	0.44172865034476	0.999321308272774
197	HOXB4	253	-0.76739055915967	0.44284933996845	0.999321308272774
198	ZFAT	124	0.766518434951578	0.44336788708181	0.999321308272774
199	THAP10	187	-0.765429764333603	0.444015674821596	0.999321308272774
200	ZNF557	82	-0.763811365973788	0.444979662555236	0.999321308272774
201	ZNF518B	116	-0.761140471531331	0.446573169436298	0.999321308272774
202	TGIF2	8	-0.755310397053406	0.450062761757356	0.999321308272774
203	LBX2	172	0.755257624178578	0.450094419381327	0.999321308272774
204	TBPL1	237	-0.749287083977119	0.453684190928414	0.999321308272774
205	TCF7L1	638	-0.74817733384085	0.45435320081019	0.999321308272774
206	ZSCAN4	181	-0.743094368048842	0.457424549159176	0.999321308272774
207	BACH2	27	0.740587980348911	0.458943298082168	0.999321308272774
208	EBF2	233	0.739349289173912	0.459694926762121	0.999321308272774
209	ZNF337	65	-0.726169038516317	0.467735149981253	0.999321308272774
210	HOXC10	211	-0.724789086418201	0.468581432068738	0.999321308272774
211	ZSCAN29	177	0.724563547825043	0.468719828471767	0.999321308272774
212	WT1	15	0.72374011130437	0.469225302753178	0.999321308272774
213	ZNF543	14	-0.717722358926546	0.472928494181512	0.999321308272774
214	HNF4A	38	0.705378508599323	0.480574714830383	0.999321308272774
215	PBX4	205	0.701888450414555	0.48274873216505	0.999321308272774
216	ARX	156	0.698433425084959	0.484906179024172	0.999321308272774
217	STAT5B	7	0.696709210448035	0.485984793555193	0.999321308272774
218	ZNF660	33	-0.69550320972717	0.48674000038861	0.999321308272774
219	ZFHX3	208	0.69435773135639	0.487457894484533	0.999321308272774
220	ZNF853	223	0.690651870690653	0.489784341994029	0.999321308272774
221	NR2C2	41	-0.689219867583274	0.490684916021488	0.999321308272774
222	ZNF891	115	-0.688561322846432	0.49109936752516	0.999321308272774
223	VENTX	425	0.687180070743597	0.491969261420995	0.999321308272774
224	ZNF713	38	-0.683404752959812	0.494351117497442	0.999321308272774
225	ZBTB20	75	-0.679167645365369	0.497031645173702	0.999321308272774
226	TSHZ1	119	0.672415181883033	0.501319420371272	0.999321308272774
227	BHLHE22	8	-0.672022603095718	0.501569306860888	0.999321308272774
228	KLF1	19	0.67137502291108	0.501981652370411	0.999321308272774
229	ETV7	171	0.670507861357601	0.502534096727051	0.999321308272774
230	ZNF93	29	-0.668787891169103	0.503630792041846	0.999321308272774
231	DNMT1	26	-0.66819838588222	0.504006965660884	0.999321308272774
232	ZNF664	322	-0.666432882028721	0.505134450805392	0.999321308272774
233	NFIX	426	-0.653854222400437	0.513205729101436	0.999321308272774
234	ETV3	326	0.65215708347267	0.514299842372099	0.999321308272774
235	MBD4	15	-0.649257719552495	0.516171809390028	0.999321308272774
236	GTF3A	545	-0.647079338878369	0.5175805964631	0.999321308272774
237	PBX3	24	-0.646950618289745	0.517663903958946	0.999321308272774
238	ZFPM1	122	0.645002937496582	0.518925282097975	0.999321308272774
239	HIF1A	63	-0.64483288947103	0.519035485744858	0.999321308272774
240	TFCP2	6	-0.644462315675641	0.519275686722799	0.999321308272774
241	JUND	12	0.643811078970052	0.519697948638054	0.999321308272774
242	ZNF92	188	-0.641139105425977	0.521432309047035	0.999321308272774
243	CSRNP3	185	-0.639149032899354	0.52272598458209	0.999321308272774
244	ZNF771	185	-0.639056632201398	0.522786091020502	0.999321308272774
245	SOX15	329	0.635365194532359	0.525190262705323	0.999321308272774
246	SIX3	196	0.634505242616603	0.525751146496853	0.999321308272774
247	BCL11B	196	0.631266081723585	0.527866560558626	0.999321308272774
248	FOXJ1	68	-0.625179925541271	0.531852975657771	0.999321308272774
249	TBX20	180	0.624599658181049	0.532233844083446	0.999321308272774
250	ZNF304	28	-0.623718612380134	0.532812397527689	0.999321308272774
251	SOX2	4	0.621742460695579	0.5341112267325	0.999321308272774
252	ZNF530	82	-0.618792227023135	0.536053243518512	0.999321308272774
253	MYCL	205	0.618378086570365	0.536326139313515	0.999321308272774
254	E4F1	352	0.61758982802541	0.536845751472087	0.999321308272774
255	KLF5	36	0.610624525169792	0.541448182576497	0.999321308272774
256	MEF2A	58	-0.601125058041902	0.547756694631367	0.999321308272774
257	ZNF558	130	-0.597823873765931	0.549957459163113	0.999321308272774
258	ZNF83	107	-0.590613381143842	0.554779497022725	0.999321308272774
259	ZBTB2	156	0.590489850448824	0.554862288300033	0.999321308272774
260	IRF6	226	0.585470415990464	0.558231453207223	0.999321308272774
261	ZBTB45	317	0.584214021689026	0.5590763289999	0.999321308272774
262	MESP1	232	0.582664157436004	0.560119406360103	0.999321308272774
263	ZFP1	167	-0.580076808209086	0.561862822575645	0.999321308272774
264	EOMES	10	0.579632266027422	0.562162629279682	0.999321308272774
265	CTCF	63	-0.576607661333924	0.564204522548641	0.999321308272774
266	ETV6	44	-0.571446565397614	0.567696971821514	0.999321308272774
267	PROX2	50	0.569590665337829	0.568955361148271	0.999321308272774
268	FOXL1	293	0.567763847403312	0.570195331242842	0.999321308272774
269	ZZZ3	72	-0.566535631974998	0.571029717734818	0.999321308272774
270	HLF	430	0.565828345128213	0.571510475683671	0.999321308272774
271	OSR2	242	0.562514107764924	0.573765794375736	0.999321308272774
272	ZSCAN31	205	-0.561060622536018	0.574756210936229	0.999321308272774
273	EGR3	214	-0.559175861339582	0.576041705411435	0.999321308272774
274	ZNF541	40	0.559112955068282	0.576084633796947	0.999321308272774
275	E2F3	4	0.556772412284151	0.577682935024651	0.999321308272774
276	FOXN4	25	0.556043507874075	0.578181112466122	0.999321308272774
277	TFEB	358	0.550756141018767	0.58180085362216	0.999321308272774
278	SNAI2	31	-0.549373368277813	0.582749246618599	0.999321308272774
279	ZSCAN2	59	-0.549335059057932	0.582775531770584	0.999321308272774
280	ZNF547	201	-0.548419467922791	0.583403911974655	0.999321308272774
281	ZNF711	190	-0.544651403033049	0.585993294186951	0.999321308272774
282	MYB	12	-0.538238447358923	0.590412439904715	0.999321308272774
283	CEBPG	20	0.537596592140874	0.590855583458767	0.999321308272774
284	DBP	483	0.536739457890413	0.591447596367537	0.999321308272774
285	EN2	186	-0.536081778262017	0.591902032956089	0.999321308272774
286	ZBTB39	113	0.533491981901667	0.593693059943905	0.999321308272774
287	ZSCAN32	20	-0.527372575869068	0.597934883934227	0.999321308272774
288	ZNF844	45	-0.527103258231206	0.598121884235413	0.999321308272774
289	HOXA3	43	-0.517358436290831	0.604905968379366	0.999321308272774
290	ZNF143	24	0.515906134248469	0.605919969526803	0.999321308272774
291	ZNF469	208	0.514857353849547	0.606652703484355	0.999321308272774
292	VDR	16	0.511000351276575	0.609350810800031	0.999321308272774
293	NR6A1	287	-0.504312016540719	0.614042134530894	0.999321308272774
294	RUNX3	4	0.49944552902536	0.617465551565843	0.999321308272774
295	KMT2A	6	-0.498839679669023	0.617892331427747	0.999321308272774
296	POU3F2	5	-0.498427450362348	0.618182792826867	0.999321308272774
297	SPIC	176	-0.497640307057646	0.618737588604305	0.999321308272774
298	TRPS1	143	-0.493118016994524	0.621929201069044	0.999321308272774
299	NFATC1	22	-0.490896142800872	0.623499905308912	0.999321308272774
300	IRX3	40	0.489913292550235	0.624195256474817	0.999321308272774
301	MEOX1	270	0.486437311057627	0.626657142133677	0.999321308272774
302	DLX4	188	-0.482497429770655	0.629452623814952	0.999321308272774
303	ZBTB32	53	0.478117295886996	0.632566722432332	0.999321308272774
304	NRL	354	0.478112914274172	0.632569840858689	0.999321308272774
305	ZC3H8	165	-0.471655665712449	0.637172586781788	0.999321308272774
306	NEUROG1	153	0.467837795897491	0.63990058968852	0.999321308272774
307	ZNF101	147	0.467160231303318	0.640385243991151	0.999321308272774
308	HOXD13	238	0.463145145213146	0.643260332324994	0.999321308272774
309	IRF9	6	0.461796809364812	0.644227039171195	0.999321308272774
310	POU4F1	166	0.460708264990583	0.645007924492395	0.999321308272774
311	ZNF500	131	0.459151913725728	0.646125079043435	0.999321308272774
312	ZNF444	264	0.45778771635543	0.647104961701696	0.999321308272774
313	PHOX2A	151	0.456924306865798	0.647725452289733	0.999321308272774
314	ZNF639	16	-0.451180293149401	0.651859611736656	0.999321308272774
315	ZNF14	42	-0.449426911923099	0.653123721248506	0.999321308272774
316	ZFP41	190	0.446567765847537	0.65518717379338	0.999321308272774
317	MKX	104	0.438421187810031	0.661080990048305	0.999321308272774
318	TEAD3	442	0.43705993095669	0.662067885289412	0.999321308272774
319	HSF4	475	-0.437000443085036	0.662111026703052	0.999321308272774
320	ZNF214	274	-0.433573323166881	0.66459831019994	0.999321308272774
321	ZBTB40	161	0.426519673796198	0.669729215351243	0.999321308272774
322	USF2	25	-0.423908182945974	0.671632776151015	0.999321308272774
323	YBX2	73	0.420007905775965	0.674479678336371	0.999321308272774
324	ZSCAN1	51	0.417523322678883	0.676295668735092	0.999321308272774
325	MAF	18	0.41581912624233	0.677542362169698	0.999321308272774
326	TSC22D1	129	-0.415647521429545	0.677667947541569	0.999321308272774
327	DMRTA1	80	-0.415491318248279	0.677782269341593	0.999321308272774
328	HOXA13	292	-0.4142539786553	0.67868811397183	0.999321308272774
329	SOX8	350	0.412860216351293	0.679709030343922	0.999321308272774
330	HIVEP2	212	-0.410985823275009	0.681082929989601	0.999321308272774
331	KDM5B	13	-0.409756082195837	0.681984885645609	0.999321308272774
332	ZFP64	332	-0.408931963877131	0.682589591089254	0.999321308272774
333	ZNF572	48	-0.405709933925834	0.684955742337988	0.999321308272774
334	ESR2	7	-0.399682859439674	0.689390118389326	0.999321308272774
335	PAX6	5	-0.397118295893921	0.691280228738572	0.999321308272774
336	ISL1	227	-0.395917721822411	0.692165726957081	0.999321308272774
337	HNF4G	23	-0.392220946677888	0.694894968379395	0.999321308272774
338	ZNF629	262	-0.391499535987972	0.695428031579415	0.999321308272774
339	GFI1B	10	0.384113097082301	0.700894624659057	0.999321308272774
340	ZBED2	100	0.3827507615201	0.701904572928501	0.999321308272774
341	ELF4	444	0.382136610703438	0.702360037336412	0.999321308272774
342	DMRT2	8	-0.374383103862191	0.708119311639564	0.999321308272774
343	ARNTL2	316	-0.365041955647421	0.715080087979085	0.999321308272774
344	ELF2	287	-0.362951929057628	0.716640794147232	0.999321308272774
345	ZNF467	247	0.362261144515668	0.71715689120737	0.999321308272774
346	ZFX	24	-0.361428164867186	0.717779396453263	0.999321308272774
347	PLAG1	257	0.35985620829965	0.718954666830305	0.999321308272774
348	ZNF575	238	0.355471455660493	0.722236425485089	0.999321308272774
349	YY2	190	-0.354834281085838	0.722713744722658	0.999321308272774
350	ZNF426	34	-0.348603454080237	0.727387034246782	0.999321308272774
351	ZNF879	74	-0.347344938410446	0.728332193877279	0.999321308272774
352	NKX2-3	213	-0.347206649492594	0.728436075656297	0.999321308272774
353	ZNF579	159	0.343603164008369	0.731144744907814	0.999321308272774
354	ZFY	22	-0.343178321599724	0.731464312349481	0.999321308272774
355	ARID3B	331	0.341742575536426	0.732544628371125	0.999321308272774
356	CSRNP2	85	-0.341094676544006	0.733032308687166	0.999321308272774
357	ZSCAN21	27	-0.33855280143931	0.734946643797179	0.999321308272774
358	FOXS1	186	-0.336451601742773	0.736530342530962	0.999321308272774
359	STAT4	4	-0.334134994374695	0.738277694401601	0.999321308272774
360	ZNF48	209	0.328820699950603	0.742291216038075	0.999321308272774
361	HOXB5	196	0.323883462878618	0.74602626443768	0.999321308272774
362	SMAD3	14	-0.323503585053792	0.74631389289849	0.999321308272774
363	NEUROD1	13	-0.323220317015465	0.746528395260491	0.999321308272774
364	ZNF202	228	-0.322812635909284	0.74683714285147	0.999321308272774
365	ZBTB38	271	0.321187964752593	0.748067952104407	0.999321308272774
366	ZBED4	347	-0.318669082519838	0.749977461837037	0.999321308272774
367	VSX1	89	-0.314105684533867	0.753440772243994	0.999321308272774
368	MSX2	169	0.313687075189898	0.753758718163491	0.999321308272774
369	MEIS3	495	0.308291663689173	0.757860408754695	0.999321308272774
370	SP2	9	-0.307901510446319	0.758157276423661	0.999321308272774
371	TCF7L2	8	0.305432762448026	0.760036572332	0.999321308272774
372	KMT2B	42	0.303962893211314	0.761156161299635	0.999321308272774
373	IRX5	42	-0.300429255703638	0.763849750923483	0.999321308272774
374	RHOXF1	157	-0.300242348569644	0.763992304760624	0.999321308272774
375	ZNF599	112	-0.299816410326364	0.764317197206939	0.999321308272774
376	KDM2A	247	0.299260860295645	0.764741015838494	0.999321308272774
377	ZNF317	334	0.299201905725212	0.764785995305262	0.999321308272774
378	TBP	19	0.298430095930118	0.765374921732084	0.999321308272774
379	ATF6B	505	0.29434352733641	0.768495414990169	0.999321308272774
380	ZNF662	132	-0.294192568613739	0.768610758906712	0.999321308272774
381	ETV2	448	-0.293538838762472	0.769110317202642	0.999321308272774
382	SOX11	13	0.293262396396285	0.769321593985704	0.999321308272774
383	SMAD4	12	0.29124323253833	0.770865300160541	0.999321308272774
384	CASZ1	133	0.290151219566555	0.771700552764154	0.999321308272774
385	TGIF1	426	0.287604731432632	0.773649322687359	0.999321308272774
386	ZNF41	357	0.278871150463291	0.780343709161594	0.999321308272774
387	ZNF215	132	-0.278108369199828	0.780929171385984	0.999321308272774
388	HEY2	244	0.277072165400378	0.781724694218057	0.999321308272774
389	ZNF792	73	-0.277064083832507	0.781730899564014	0.999321308272774
390	JUN	56	-0.275380934394147	0.783023590193079	0.999321308272774
391	ZSCAN22	261	-0.274710712242227	0.783538500515896	0.999321308272774
392	JDP2	232	0.272662060601482	0.78511300121732	0.999321308272774
393	SPZ1	177	0.270591391712372	0.786705317332653	0.999321308272774
394	ZNF3	192	0.269934536049604	0.787210617123735	0.999321308272774
395	BRF2	173	0.268842701136591	0.788050731843525	0.999321308272774
396	TSHZ3	474	-0.263603263373222	0.792085643640396	0.999321308272774
397	HOXA6	13	0.256819919530067	0.797317792138144	0.999321308272774
398	NR3C2	371	0.256646811005044	0.797451435041955	0.999321308272774
399	SALL4	145	-0.249289912805023	0.803136533489597	0.999321308272774
400	SOX17	429	0.244441432445873	0.806888956341669	0.999321308272774
401	SP4	33	0.243197893921982	0.80785209830204	0.999321308272774
402	NKX2-5	346	0.24242959594277	0.808447303977294	0.999321308272774
403	HOXA11	183	-0.234177754584016	0.814846984180679	0.999321308272774
404	ZNF552	109	-0.226356680909191	0.820924017170054	0.999321308272774
405	ZNF205	235	0.225718968617915	0.821420003968178	0.999321308272774
406	ELF3	20	0.224554616247166	0.822325774151043	0.999321308272774
407	LEF1	6	-0.224466726635504	0.822394154654058	0.999321308272774
408	ZBTB18	310	0.22342065085009	0.823208133445382	0.999321308272774
409	NR2C1	370	-0.223289946392916	0.823309851373752	0.999321308272774
410	FOXO1	24	0.221441587666128	0.824748613796583	0.999321308272774
411	ZSCAN5A	226	0.220864445896949	0.82519798183765	0.999321308272774
412	ZBTB21	192	0.220164386088919	0.82574313189728	0.999321308272774
413	ZKSCAN1	19	-0.214264131615317	0.830341087310179	0.999321308272774
414	ZBTB42	278	0.209220131048649	0.834276397865909	0.999321308272774
415	ZNF236	163	0.203416250649508	0.838809699147464	0.999321308272774
416	CREBL2	482	0.2006925059662	0.840939019872153	0.999321308272774
417	ZNF287	215	0.198108182774398	0.842960422789317	0.999321308272774
418	FOXL2	10	-0.197872191455278	0.843145061981642	0.999321308272774
419	TFEC	422	-0.196341512121805	0.844342871687254	0.999321308272774
420	RARA	11	-0.196186440895484	0.844464240434365	0.999321308272774
421	MSC	5	0.194628295943039	0.845683949684616	0.999321308272774
422	NPAS1	92	-0.192883292450722	0.847050370022645	0.999321308272774
423	ZBTB46	270	-0.192636490673053	0.847243664719663	0.999321308272774
424	ZNF410	232	0.190969267149292	0.848549671269247	0.999321308272774
425	SPI1	52	-0.185886527272052	0.852533747744098	0.999321308272774
426	MAZ	26	0.185518462475601	0.852822400645645	0.999321308272774
427	NFIB	147	-0.184361707878016	0.853729707561231	0.999321308272774
428	BATF2	95	-0.183563516220065	0.854355886541918	0.999321308272774
429	ST18	108	-0.183095907609169	0.854722766751892	0.999321308272774
430	EBF1	39	0.176296866593604	0.860060723577215	0.999321308272774
431	ZNF451	260	-0.176276255886459	0.860076914987569	0.999321308272774
432	TSHZ2	260	0.174501064405552	0.861471694326401	0.999321308272774
433	BARX1	210	0.172867439066936	0.862755626152701	0.999321308272774
434	ZNF23	70	0.172116012050269	0.863346324817792	0.999321308272774
435	ZNF710	164	0.171821292771588	0.863578025260175	0.999321308272774
436	PRDM4	306	0.169368137746038	0.865507083812332	0.999321308272774
437	NR4A3	65	-0.169309345136425	0.865553325744202	0.999321308272774
438	ASCL2	214	0.168334795201311	0.86631990180342	0.999321308272774
439	TCF23	40	-0.166934812298761	0.867421341212776	0.999321308272774
440	INSM1	341	-0.166506508294956	0.867758361788264	0.999321308272774
441	HSF5	16	-0.160710730479891	0.872321237597045	0.999321308272774
442	KLF7	173	0.158869194776285	0.873771931417167	0.999321308272774
443	ZNF232	26	-0.152751446460117	0.878594288377134	0.999321308272774
444	ZNF7	159	0.152721996267494	0.878617513738526	0.999321308272774
445	NFYB	31	0.1517977013552	0.879346495178176	0.999321308272774
446	FOXA1	15	-0.150602740709421	0.880289099281068	0.999321308272774
447	TEF	184	0.147944082635222	0.882386898062776	0.999321308272774
448	GATAD2A	413	0.146992094704848	0.883138260054333	0.999321308272774
449	ZNF646	183	0.143237991881394	0.886102225984335	0.999321308272774
450	ZNF746	202	0.142847272480925	0.886410801840533	0.999321308272774
451	FOXC2	338	-0.142815234332159	0.886436105160358	0.999321308272774
452	SMAD9	136	0.139649957482254	0.888936566971437	0.999321308272774
453	ZGLP1	264	0.139638886407621	0.888945314700957	0.999321308272774
454	ZNF219	192	-0.134647145585065	0.892890864207106	0.999321308272774
455	NR1H3	6	0.132593596087176	0.894514797282751	0.999321308272774
456	LYL1	40	-0.131800789378518	0.895141862166229	0.999321308272774
457	KLF12	462	-0.131328686569872	0.895515299711163	0.999321308272774
458	ZHX2	212	-0.130730766757856	0.895988292853152	0.999321308272774
459	SPIB	23	0.130637221999235	0.896062296140615	0.999321308272774
460	GLI1	36	-0.129957672568817	0.896599915012358	0.999321308272774
461	CREB3L2	362	-0.129480864925431	0.896977165066029	0.999321308272774
462	PLAGL1	224	-0.1284329947738	0.897806321312798	0.999321308272774
463	KLF6	25	0.127283042845914	0.898716380988736	0.999321308272774
464	GLYR1	207	0.126696732542391	0.899180432051438	0.999321308272774
465	NR1I2	72	0.125738635412926	0.899938817920669	0.999321308272774
466	SIX4	34	0.124196127275509	0.90115998848637	0.999321308272774
467	ZNF175	214	-0.123570989100281	0.901654963740169	0.999321308272774
468	ZBTB24	261	0.12330240806171	0.901867634028257	0.999321308272774
469	ETV1	9	-0.121258821455896	0.903486034997589	0.999321308272774
470	HOXB8	170	-0.120693449073416	0.903933847946136	0.999321308272774
471	RARB	25	-0.11980340285553	0.904638886272124	0.999321308272774
472	NFKB2	7	-0.118868368927878	0.905379641985588	0.999321308272774
473	PRDM5	224	-0.117353135102529	0.906580220151117	0.999321308272774
474	RELB	7	0.114425704406906	0.908900338644036	0.999321308272774
475	MAFA	10	0.113479443655473	0.909650459385957	0.999321308272774
476	E2F7	18	-0.111529306034188	0.911196627706067	0.999321308272774
477	ZNF740	14	-0.111111301448272	0.911528086976861	0.999321308272774
478	TP53	116	0.109620952350121	0.912709993227345	0.999321308272774
479	UBP1	376	-0.10090548753019	0.919625486925996	0.999321308272774
480	ERF	295	-0.0994532488570921	0.92077840580893	0.999321308272774
481	TCF12	35	-0.0893801852869141	0.928779770287302	0.999321308272774
482	HOXA2	174	-0.0838801377947383	0.933151731642317	0.999321308272774
483	BCL11A	14	-0.0831802492299181	0.933708217139568	0.999321308272774
484	ZNF366	98	0.0831190196465546	0.933756902684986	0.999321308272774
485	SATB2	70	0.0829060731871112	0.933926224963776	0.999321308272774
486	ZNF483	117	0.0828732096313846	0.933952356362724	0.999321308272774
487	CREB5	5	0.0819860593163394	0.93465779918685	0.999321308272774
488	KLF8	311	0.0816716493709361	0.934907823547466	0.999321308272774
489	NFKB1	84	-0.0804078070603519	0.935912917875775	0.999321308272774
490	TFE3	628	0.0780559293800143	0.937783563445766	0.999321308272774
491	TBX2	423	0.0771709163281189	0.938487578039738	0.999321308272774
492	CEBPD	6	-0.0769491441493301	0.93866400203369	0.999321308272774
493	ZNF589	139	0.0758076390703802	0.939572138517028	0.999321308272774
494	FOXE1	50	0.0745452649466996	0.940576525115149	0.999321308272774
495	GATA6	21	0.0744694923043375	0.940636815358039	0.999321308272774
496	HOXB6	40	-0.074373305202093	0.94071334932471	0.999321308272774
497	FLI1	7	0.0732085362149265	0.941640173700469	0.999321308272774
498	E2F8	327	-0.0710946458000808	0.943322429422299	0.999321308272774
499	HSF2	338	0.0705716894089971	0.943738642795677	0.999321308272774
500	PPARD	17	-0.0683523246271804	0.945505172456715	0.999321308272774
501	ZNF438	224	0.0669973562524709	0.946583807878126	0.999321308272774
502	HOXA5	195	-0.0662786064912881	0.947156015313841	0.999321308272774
503	SP100	283	-0.0641981446633936	0.948812454693516	0.999321308272774
504	ASCL1	26	-0.063576064798573	0.949307790700736	0.999321308272774
505	SIX5	17	-0.0634367043263806	0.949418760270505	0.999321308272774
506	ZNF407	185	0.0622097966253926	0.950395761023774	0.999321308272774
507	FOXM1	13	-0.059661361371227	0.952425346047544	0.999321308272774
508	NFATC2	7	-0.0591836076059912	0.952805865989699	0.999321308272774
509	GSX2	172	-0.058876549157787	0.953050436702952	0.999321308272774
510	ZFP3	126	-0.0585883402915852	0.953279997829586	0.999321308272774
511	MLXIPL	195	0.0563231150670248	0.955084404899724	0.999321308272774
512	ZBTB7A	34	-0.0557713888688383	0.955523927831587	0.999321308272774
513	ARID5B	340	0.0545605107903443	0.956488599694956	0.999321308272774
514	ZBTB11	8	0.0543785858974346	0.956633539585096	0.999321308272774
515	PKNOX2	266	-0.0523513616666053	0.958248728701507	0.999321308272774
516	SOX6	15	-0.0513861711918489	0.959017804005444	0.999321308272774
517	ZNF331	239	0.0477281315721805	0.961932913893156	0.999321308272774
518	ZNF134	264	-0.0460923663503536	0.963236630313542	0.999321308272774
519	HEYL	195	0.0452067739796608	0.963942494917234	0.999321308272774
520	HOXB3	260	-0.0448472624159595	0.964229053005941	0.999321308272774
521	CSRNP1	67	0.041794471022663	0.966662542648302	0.999321308272774
522	ZNF827	102	-0.0395444452905446	0.968456318992352	0.999321308272774
523	HOXA1	5	-0.0393144983844922	0.968639647513798	0.999321308272774
524	KLF9	36	-0.0345534156276651	0.972435848240605	0.999321308272774
525	HMGA2	36	-0.0322487136810091	0.974273708461554	0.999321308272774
526	RBPJ	25	-0.0306813674300459	0.975523650803635	0.999321308272774
527	ELK3	593	-0.03064044085299	0.975556290142011	0.999321308272774
528	FOXF1	101	-0.0264411368974854	0.978905483109403	0.999321308272774
529	NR2E1	208	-0.0247433951092066	0.980259641372792	0.999321308272774
530	ZNF880	15	0.0196945716069731	0.98428702117136	0.999321308272774
531	NR4A2	365	0.0180241434166092	0.985619592876941	0.999321308272774
532	ZNF462	68	0.0177969696181081	0.985800822272552	0.999321308272774
533	POU6F1	451	0.016622752990411	0.986737572803679	0.999321308272774
534	PRDM8	173	0.0144735889008922	0.988452150061104	0.999321308272774
535	MYBL2	14	-0.0139388872055887	0.988878737234854	0.999321308272774
536	ZNF750	208	0.00908314008201931	0.992752802418198	0.999321308272774
537	SCRT2	199	-0.00902716096777638	0.992797465458047	0.999321308272774
538	REL	11	0.0041836160889769	0.996661967051682	0.999321308272774
539	TERF1	205	-0.00159032376755049	0.99873110575406	0.999321308272774
540	HIVEP3	88	0.0014864609799838	0.998813976170601	0.999321308272774
541	MYOG	360	0.000850614039187433	0.999321308272774	0.999321308272774
