TF	size	nes	pval	pval.fdr
ZNF107	18	3.34940506681331	0.000809853029149946	0.339951712809841
ZNF525	54	3.17965935717265	0.0014744827101568	0.339951712809841
ZNF184	37	3.09412583412025	0.00197393745285245	0.339951712809841
ZNF99	42	3.00976192295493	0.00261452540468274	0.339951712809841
JDP2	6	-3.00794105765198	0.00263024146630692	0.339951712809841
ZNF614	70	2.94709654838761	0.00320773032681958	0.339951712809841
ZNF606	45	2.94420915543141	0.0032378110708802	0.339951712809841
ZNF146	66	2.93018554305639	0.00338759664961521	0.339951712809841
ZNF879	38	2.92638743306121	0.00342923581394345	0.339951712809841
ERG	41	2.89234722866562	0.00382375092360502	0.339951712809841
ZNF567	38	2.88428479891573	0.00392303786777467	0.339951712809841
ZBTB8A	30	2.87318252221523	0.00406359271756394	0.339951712809841
ZNF37A	70	2.86948130753213	0.00411145633375287	0.339951712809841
ZNF66	38	2.86736626081665	0.00413903699011866	0.339951712809841
HOXB7	6	-2.85841569825157	0.00425762222140718	0.339951712809841
ZNF578	38	2.83596229557612	0.00456878394155124	0.339951712809841
ZNF829	57	2.82842220052776	0.00467780694292178	0.339951712809841
ZFP30	53	2.82216914605724	0.00477000117231693	0.339951712809841
CRX	11	2.82088280925208	0.00478916948391306	0.339951712809841
ZNF790	67	2.81612308883959	0.00486070399271597	0.339951712809841
STAT5A	14	2.8152373674979	0.00487412181290793	0.339951712809841
ZNF260	81	2.81514875173118	0.00487546609816431	0.339951712809841
ZNF816	72	2.80459753847181	0.00503794419756853	0.339951712809841
FOS	15	-2.76863734589558	0.00562912539799067	0.359098956244663
ZNF569	73	2.75975599094657	0.00578445483641533	0.359098956244663
ZEB1	40	2.74529262961242	0.00604569622854723	0.360881559488666
ATOH8	12	-2.70868029017342	0.00675513991171329	0.388295449739964
ZNF28	61	2.68281601138175	0.00730051422444111	0.389514172973124
ZNF709	88	2.66525366193653	0.00769302703975706	0.389514172973124
KLF6	6	-2.66141412552459	0.00778131869404243	0.389514172973124
ZNF480	38	2.65508429182119	0.0079288593233201	0.389514172973124
KLF7	5	-2.6461373238529	0.00814167573927937	0.389514172973124
ZNF84	74	2.64034381849852	0.0082821956882172	0.389514172973124
ZNF671	64	2.60673175959223	0.00914109393542074	0.417264052581558
ZGPAT	22	-2.58549722783537	0.00972386547552318	0.428036733405474
ZNF227	55	2.5651644692726	0.0103126909090601	0.428036733405474
ZNF600	52	2.56157114213543	0.0104199897902077	0.428036733405474
ZNF571	61	2.52142022564245	0.0116882174693746	0.428036733405474
ZNF329	30	2.51215016112317	0.0119998016394126	0.428036733405474
ZNF470	70	2.50601576419231	0.0122100175916224	0.428036733405474
ZNF770	93	2.50370206624214	0.0122901478146398	0.428036733405474
ZNF257	42	2.4927888518572	0.0126744192371198	0.428036733405474
ZNF502	4	2.4875192171325	0.012863750356041	0.428036733405474
ZNF420	59	2.48725108469342	0.0128734505633031	0.428036733405474
MXI1	23	-2.48557808013637	0.0129341210242032	0.428036733405474
ZNF268	68	2.47769900782346	0.0132232643517596	0.428036733405474
HSF4	74	-2.47548294857067	0.0133056115181981	0.428036733405474
MEF2B	49	-2.47449195906898	0.0133425824268015	0.428036733405474
CREB5	2	-2.46962416218106	0.0135255071821476	0.428036733405474
ZZZ3	137	2.46269170363188	0.0137898432153825	0.428036733405474
ZFP28	41	2.4553820664557	0.0140734922271129	0.428275685029003
THRA	28	-2.44414462232833	0.0145196048543042	0.433354360266924
ZNF91	27	2.41816179649917	0.0155991389759628	0.441825399167129
ZNF608	6	2.41123463717924	0.0158986165882099	0.441825399167129
GFI1B	53	2.40295521254297	0.0162631791259925	0.441825399167129
ZNF226	64	2.40048286564817	0.0163734572779998	0.441825399167129
ZNF274	45	2.39217917478216	0.0167486637514885	0.441825399167129
ZNF765	105	2.39097098921469	0.0168038806053436	0.441825399167129
ZNF225	73	2.38647027672394	0.0170109824100615	0.441825399167129
ZNF888	41	2.3809984242408	0.0172657858087373	0.441825399167129
ZNF418	15	2.37885940749835	0.017366298123054	0.441825399167129
MXD3	32	-2.35858019999684	0.0183449953009592	0.441825399167129
MSANTD4	95	2.35736504666713	0.0184051438323793	0.441825399167129
ZIK1	62	2.3496637712477	0.0187903759520048	0.441825399167129
ZNF441	57	2.33016424201239	0.0197974721008163	0.441825399167129
KLF9	6	-2.32748239678884	0.019939604825127	0.441825399167129
ZNF568	63	2.32739068945161	0.0199444808514363	0.441825399167129
ZNF415	20	2.32586468207371	0.0200257706823823	0.441825399167129
KLF4	95	-2.3211990670966	0.0202761025188101	0.441825399167129
ELF3	3	-2.30936229006466	0.0209234857596036	0.441825399167129
ZFP37	5	2.30155984900955	0.0213600066098274	0.441825399167129
ZNF33B	61	2.30042681037897	0.02142405136136	0.441825399167129
PHF21A	17	-2.29814379863955	0.0215536061553373	0.441825399167129
BCL6	110	-2.29391201872914	0.0217955529202331	0.441825399167129
GATA2	112	2.28926238369564	0.0220641118948717	0.441825399167129
ZFP69B	58	2.28456938321771	0.0223380898966647	0.441825399167129
ZNF675	79	2.28110528795456	0.0225422173097566	0.441825399167129
ARID3C	3	-2.27899202341094	0.0226675394695775	0.441825399167129
ZNF813	90	2.27863144365903	0.0226889831582931	0.441825399167129
ZNF322	73	2.27539916225682	0.0228819955914801	0.441825399167129
ZNF678	78	2.2670544795464	0.0233868978638827	0.441825399167129
ZFP1	123	2.26027042224951	0.0238044725150604	0.441825399167129
ZNF438	9	-2.25409902383918	0.0241899390757625	0.441825399167129
ZNF112	32	2.25104128607467	0.0243829225794043	0.441825399167129
USF1	34	-2.23688244772642	0.0252940240278971	0.441825399167129
ZNF776	72	2.23299476247262	0.0255492897596752	0.441825399167129
ZNF761	105	2.22843843518574	0.0258512924642816	0.441825399167129
ZNF165	53	2.22656106280613	0.0259766236940757	0.441825399167129
ZNF426	65	2.2118240788314	0.0269788226887164	0.441825399167129
ZNF208	45	2.20572719091783	0.0274031068803748	0.441825399167129
ZNF721	12	2.20427064185357	0.027505316330489	0.441825399167129
ZNF624	15	2.20190997493652	0.0276716682495613	0.441825399167129
ZBED3	40	2.19623436900409	0.028075172570371	0.441825399167129
ZNF253	73	2.19477905885137	0.0281794503648971	0.441825399167129
ZNF610	53	2.18680303509661	0.0287569058186128	0.441825399167129
ZNF432	51	2.18647021836984	0.0287812212397685	0.441825399167129
ZNF12	41	2.1859002130164	0.0288229066649906	0.441825399167129
ZNF197	69	2.18516975466516	0.0288764022626639	0.441825399167129
ZSCAN31	39	2.18366508540425	0.0289868671449984	0.441825399167129
POU4F1	13	2.18067317748601	0.0292075983190233	0.441825399167129
HMGA1	7	2.17999970813061	0.0292574831870433	0.441825399167129
TCF23	2	2.17727442508872	0.0294600981903771	0.441825399167129
ZNF550	75	2.17675204942842	0.029499072486578	0.441825399167129
TFEB	11	-2.17301801764652	0.02977896123451	0.441825399167129
ZNF486	19	2.16911072440523	0.0300742786922426	0.441825399167129
IKZF2	12	2.16672921008893	0.0302555079525306	0.441825399167129
ZNF419	60	2.16404493959259	0.030460900586909	0.441825399167129
ZNF222	61	2.15834184422882	0.0309012636526649	0.44391571790353
CEBPB	98	-2.14809702424755	0.0317060485816797	0.44391571790353
HSFX1	22	2.14582658978209	0.0318868163950759	0.44391571790353
ZNF221	69	2.14423885174045	0.0320137535354275	0.44391571790353
ZNF506	56	2.14031795129375	0.0323290802164217	0.44391571790353
FAM200B	105	-2.13211409173269	0.0329974684519488	0.44391571790353
ZNF510	176	2.13136950618595	0.0330587130059376	0.44391571790353
ZNF616	69	2.12731058799119	0.0333942856030569	0.44391571790353
ZNF383	59	2.12684234010308	0.0334331850241558	0.44391571790353
ZNF160	92	2.12103408792714	0.033918933907085	0.44391571790353
ZNF667	6	2.11677729161196	0.0342787534869377	0.44391571790353
ZNF773	64	2.11463445123133	0.0344611150185008	0.44391571790353
ZNF701	89	2.11205397363159	0.0346818201371804	0.44391571790353
ZNF85	46	2.10797847580521	0.0350328512943534	0.44391571790353
ZNF200	48	2.10676545342378	0.0351379154237397	0.44391571790353
FOXH1	21	-2.10241283602303	0.035517127745824	0.44391571790353
ZNF772	72	2.09919140375546	0.0358000314843048	0.44391571790353
ZNF549	97	2.09859621906689	0.0358525099464288	0.44391571790353
ZNF320	82	2.09310093086866	0.0363401456433236	0.44391571790353
ZNF507	105	2.08256771371358	0.037290644708324	0.44391571790353
ZNF10	51	2.08255247120521	0.0372920353544892	0.44391571790353
GATA4	359	2.08145419688362	0.0373923523675022	0.44391571790353
ZNF572	26	2.076681125335	0.0378309997839267	0.44391571790353
HOXC4	2	-2.07527628440157	0.0379609361045003	0.44391571790353
ZGLP1	17	-2.07465492539099	0.0380185276974634	0.44391571790353
ZNF429	28	2.07440464339848	0.0380417464440525	0.44391571790353
ZNF189	74	2.06729077532743	0.0387067629564635	0.446407896280319
ZNF681	76	2.06597771598409	0.0388305837614968	0.446407896280319
ZNF93	87	2.06161635884277	0.0392442753262721	0.447150732104446
TGIF2	90	2.05634027746853	0.0397497285424168	0.447150732104446
ZNF615	62	2.05623846083217	0.0397595367464005	0.447150732104446
BORCS8-MEF2B	166	-2.05034058929521	0.0403312063337606	0.450316778633068
ZNF737	76	2.04727862885772	0.0406307350055134	0.450420719489692
NFATC2	64	2.0388245102439	0.0414675451810266	0.456437093056407
HESX1	12	2.03035208557124	0.0423207633479611	0.457455218826395
ZNF749	75	2.03019906614474	0.0423363087371166	0.457455218826395
ZBTB7B	59	-2.02717971261986	0.0426440371243787	0.457455218826395
JUN	8	-2.02625118597748	0.0427390507279815	0.457455218826395
ZNF17	84	2.0153778030771	0.0438650783885515	0.46313542077192
ZNF524	100	-2.0124371302898	0.0441738777590485	0.46313542077192
ZNF461	77	2.01044491866145	0.0443841204059709	0.46313542077192
ZNF140	84	2.00967841774974	0.044465235629336	0.46313542077192
ZNF77	76	2.00542857813617	0.0449172490754572	0.46313542077192
ZFP82	43	2.0022882515453	0.0452537388282748	0.46313542077192
DLX2	2	-2.00131342683715	0.0453586236838479	0.46313542077192
ZNF823	66	1.99127821677191	0.046450308913489	0.467919649180215
THAP9	84	1.99081638223267	0.0465010776471531	0.467919649180215
ZNF563	66	1.98800754016632	0.0468108560602265	0.467919649180215
ZBTB6	52	1.98407747680068	0.0472472035617673	0.467919649180215
THAP5	84	1.9804982876122	0.047647565569492	0.467919649180215
CEBPZ	29	1.97869865461258	0.0478499445380667	0.467919649180215
CGGBP1	158	1.97792077864548	0.0479376444714267	0.467919649180215
ZNF530	105	1.974092784074	0.0483711937020707	0.468863400722556
ZNF416	52	1.9691929240429	0.048930941142292	0.468863400722556
ZNF583	89	1.96775274616994	0.0490964936070799	0.468863400722556
ZNF467	70	-1.96648389228411	0.0492427411841345	0.468863400722556
ZNF382	91	1.95949495495552	0.0500548501390917	0.472482138870017
ZNF729	18	1.95798587042167	0.0502316706917222	0.472482138870017
GPBP1	67	1.95536902019006	0.0505395299773717	0.472514159788439
ZNF304	51	1.94905183367795	0.051289234952024	0.476652051769708
ZNF503	10	-1.94274579555796	0.05204688003759	0.478352977676377
EEA1	11	1.9424000100929	0.0520886940897602	0.478352977676377
ZNF613	87	1.93871485443915	0.0525360688718286	0.479623405229871
ZNF202	41	1.9356144403924	0.0529149404331305	0.480257237147477
ZFP92	9	-1.92119894522516	0.0547066311031084	0.491706405218306
ZNF670	65	1.92037890003088	0.0548100567672467	0.491706405218306
ZNF845	54	1.9059438321078	0.0566574933648165	0.493036589383643
ZNF148	102	1.90496591304815	0.0567845021834344	0.493036589383643
SCRT2	14	-1.90487973016625	0.0567957066751295	0.493036589383643
ZNF181	101	1.90457980694123	0.0568347135315731	0.493036589383643
ZNF627	111	1.89785010574117	0.0577158305569522	0.493036589383643
ZNF658	34	1.89763790416182	0.0577437976666756	0.493036589383643
MAFB	114	-1.89678137832938	0.0578567980253898	0.493036589383643
ZNF566	94	1.89537966549301	0.0580421206845316	0.493036589383643
NFATC1	17	1.89446138501703	0.0581637952169947	0.493036589383643
PRDM8	15	1.89256286142161	0.0584160265774335	0.493036589383643
ZNF180	99	1.89177669345576	0.0585207398572946	0.493036589383643
CEBPD	143	-1.88990647263907	0.0587704697396739	0.493036589383643
ZNF345	84	1.8856695505602	0.0593394985900168	0.495133880708097
NEUROG3	40	1.87790032188867	0.0603948023552357	0.501244562862705
NACC2	23	-1.87302746825071	0.0610645920228534	0.504107695848236
SPDEF	6	-1.86621371889694	0.0620114704483132	0.509215884316308
ELK3	33	1.86317894189465	0.0624370945732979	0.510012477777675
ZNF724	165	1.85909277659589	0.0630139889810603	0.510708483712821
ZNF605	148	1.85791961135261	0.0631804309747819	0.510708483712821
ZNF347	128	1.85216960161192	0.064001472422127	0.51466469015099
MEF2C	9	1.84339875753719	0.0652708113633565	0.520999525019899
ZNF620	122	1.83351941339622	0.0667253642345998	0.520999525019899
SOHLH1	16	-1.83256780537388	0.0668668695821449	0.520999525019899
PCGF2	18	-1.83092963460384	0.0671110464273795	0.520999525019899
LYL1	21	1.8281922094735	0.0675207098166142	0.520999525019899
ZNF425	111	1.82761874759412	0.0676067901461316	0.520999525019899
THAP2	28	1.82498102857715	0.0680038922744242	0.520999525019899
ZNF43	92	1.8188630549589	0.0689323255485157	0.520999525019899
RBAK	111	1.8176197459827	0.0691222714940087	0.520999525019899
ZNF69	55	1.81503995940471	0.0695177688772213	0.520999525019899
ZNF430	55	1.81418416726583	0.0696493768717	0.520999525019899
ZNF518B	32	1.81355422568326	0.0697463830861814	0.520999525019899
ZNF443	79	1.81071110505835	0.0701855829401057	0.520999525019899
ZNF492	70	1.80916528333072	0.0704253293288454	0.520999525019899
ZNF551	79	1.80821079900795	0.0705736985251213	0.520999525019899
ZNF79	80	1.80640566849514	0.0708549968058464	0.520999525019899
CSRNP1	5	-1.80447434623723	0.0711569772749618	0.520999525019899
PPARG	18	-1.80248144252052	0.071469691817793	0.520999525019899
ZSCAN32	81	1.79952316609202	0.0719359627689764	0.520999525019899
ZNF680	94	1.79895629123171	0.0720255950425418	0.520999525019899
ZHX1	89	1.79701936195727	0.0723325460143531	0.520999525019899
SMAD1	60	1.79570579676577	0.0725413194844439	0.520999525019899
ZNF254	102	1.79087088362904	0.0733140170406948	0.520999525019899
SOX11	9	1.78941579005032	0.0735478782347228	0.520999525019899
ZNF501	98	1.78863698393	0.0736732976105472	0.520999525019899
ZNF468	76	1.78787394505729	0.0737963473764915	0.520999525019899
BATF2	4	-1.78752283083232	0.0738530254538516	0.520999525019899
SMAD9	19	1.77129360803096	0.0765118898395329	0.537314267108394
ZNF436	69	1.76872344560257	0.0769400376637001	0.537887110153435
MXD1	16	-1.76610178387388	0.0773787742595231	0.538528509644753
ZNF302	88	1.76295695577215	0.0779077497398697	0.539789408911954
ZNF20	26	1.76028045870651	0.0783602657725279	0.540511699906503
ZNF799	59	1.75474346298221	0.0793031980971991	0.544059061311678
ZNF584	93	1.7504544757438	0.0800399230105165	0.544059061311678
MBD2	34	-1.74923561154998	0.0802503007453061	0.544059061311678
ZBTB9	60	1.7451310165231	0.080962065663105	0.544059061311678
ZFX	46	1.74397725788518	0.0811630555242031	0.544059061311678
ZNF134	74	1.74241484416675	0.0814358803098852	0.544059061311678
ZNF585A	89	1.74203266771274	0.0815027281688308	0.544059061311678
EPAS1	7	1.73913448171299	0.0820111106451008	0.544059061311678
ZNF518A	120	1.73852648867739	0.0821180868448747	0.544059061311678
NFE2	22	1.73682630613276	0.0824178342577751	0.544059061311678
ONECUT3	7	-1.73301418716641	0.0830931472029749	0.544059061311678
IRF8	256	-1.73246593021729	0.0831906380677736	0.544059061311678
ZNF45	127	1.73004279456593	0.0836226296085244	0.544059061311678
ZNF547	31	1.72780701838791	0.0840228286894182	0.544059061311678
ZNF141	90	1.72446837394781	0.08462332352483	0.544059061311678
NEUROD1	11	1.72392372721564	0.0847216133042064	0.544059061311678
SP4	115	1.72330186011428	0.0848339515705066	0.544059061311678
FLYWCH1	111	-1.71488889303572	0.0863655994054652	0.547847740539278
E2F5	56	1.71160089154096	0.086970243915971	0.547847740539278
ZNF786	17	1.71076865177476	0.0871238286797198	0.547847740539278
GLI4	43	-1.71021198451154	0.0872266803438752	0.547847740539278
PURA	4	1.70983355302662	0.0872966565144067	0.547847740539278
ZNF679	2	1.70850499587189	0.0875426801892661	0.547847740539278
ZNF570	67	1.70165496328395	0.0888200676138934	0.553609417416717
ZKSCAN4	59	1.69403465714834	0.0902586975780608	0.560325994564601
POU2F2	173	-1.68738975950507	0.0915284316284102	0.563024031739856
PAX2	7	1.68519019670573	0.0919518818496726	0.563024031739856
FOXO3	3	-1.68327189876209	0.0923224677998287	0.563024031739856
MBD1	78	-1.68111260030873	0.0927410453921147	0.563024031739856
ZNF728	26	1.6809484139085	0.0927729349697225	0.563024031739856
ZNF280C	67	1.67917809472119	0.093117339786081	0.563024031739856
ARNTL2	77	1.67805628483879	0.0933361116641358	0.563024031739856
ZNF532	37	-1.67585217994277	0.0937671504291226	0.563024031739856
RUNX1	93	1.67120253514485	0.094681679694946	0.563024031739856
CC2D1A	156	-1.67109039196266	0.0947038248749153	0.563024031739856
ZNF233	28	1.66978026445569	0.0949628464675743	0.563024031739856
ZNF493	103	1.66709141963702	0.0954962280327032	0.563024031739856
ZNF474	30	1.66360339073243	0.0961917138563719	0.563024031739856
ZNF440	54	1.66259934451545	0.0963926624202232	0.563024031739856
SPI1	34	-1.66208995950888	0.0964947384498372	0.563024031739856
ZNF557	76	1.66207530905845	0.0964976755430423	0.563024031739856
ZNF350	42	1.6559962299536	0.0977225823007357	0.568035384759332
ZNF844	38	1.65159252594402	0.098617644679842	0.571099196056399
RXRA	65	-1.64660812101862	0.099638620148559	0.574866685764177
ZNF582	74	1.64458378200622	0.100055673616391	0.575134835009771
ZNF837	64	1.63779013053652	0.101465481101997	0.578476458458521
ZNF280B	73	1.63684656671512	0.1016625329788	0.578476458458521
ZNF777	13	1.63640333451383	0.10175520177782	0.578476458458521
ZNF771	64	1.63321309493976	0.102424186820216	0.57912974758278
RFX3	52	1.63229945548347	0.102616417902877	0.57912974758278
ZNF230	17	1.62795686722425	0.103534031937666	0.57955035160507
ZNF527	93	1.62265607457102	0.104662946236898	0.57955035160507
CSRNP3	213	-1.62166955964545	0.104874119947142	0.57955035160507
ZNF607	122	1.62120413113324	0.104973867094071	0.57955035160507
HOXB8	5	-1.62102369102123	0.105012557916545	0.57955035160507
ZNF574	40	1.62070297887813	0.105081354470056	0.57955035160507
ZNF14	22	1.61826304516595	0.105605921169562	0.57955035160507
ZNF396	54	1.61792705920331	0.105678317979533	0.57955035160507
MAX	20	1.60984983809384	0.107430642034534	0.585310301642409
IRX4	14	-1.6096106397307	0.107482884000056	0.585310301642409
TOPORS	72	1.60690493324882	0.108075224069075	0.58647813900421
ZNF48	99	1.60476743696787	0.108544994665153	0.586975023415739
AHRR	37	1.60259936902817	0.109023133158825	0.587513550911443
ZNF385A	34	-1.59960398663998	0.10968646350011	0.589042876651109
PAX5	29	-1.59541327564748	0.110619849240406	0.592006917314174
ZNF836	53	1.59297564529813	0.111165654758429	0.592883492044953
MSC	8	1.58857130774998	0.112157210234793	0.596123254398626
ZNF597	15	1.5827770260106	0.113472294848081	0.600956346410164
ZBTB41	139	1.5803734233078	0.114021374178038	0.600956346410164
ZNF827	7	1.57929912769419	0.114267461852634	0.600956346410164
SETDB2	175	1.57775262670123	0.114622450943027	0.600956346410164
KLF2	6	-1.57610069118009	0.115002599796275	0.600956346410164
ZNF684	53	1.57002516890539	0.116409255971397	0.601536950623465
STAT2	15	-1.56985690790919	0.116448404684058	0.601536950623465
ZBTB48	72	-1.56936098884415	0.116563848650711	0.601536950623465
RAG1	50	1.56893081528026	0.116664060655711	0.601536950623465
FOSL1	13	1.56518721837674	0.117539017604191	0.604041573912929
HIVEP2	102	1.56131319748569	0.118449871202957	0.606713531706235
ZFP14	70	1.55096901216222	0.120909110254788	0.612517262473605
ZNF33A	89	1.54982728595902	0.121182976032158	0.612517262473605
ZNF282	70	1.54949101077081	0.121263730779677	0.612517262473605
PRDM12	2	-1.5494886794022	0.121264290792689	0.612517262473605
MYCL	79	-1.54368971468696	0.122663519175755	0.612517262473605
JUND	20	-1.54337292202853	0.122740319715901	0.612517262473605
ZNF318	15	-1.54320682583861	0.122780601683286	0.612517262473605
ZSCAN2	66	1.53704798574585	0.124281558925269	0.612517262473605
TIGD2	146	1.53695415962571	0.124304535283463	0.612517262473605
MGA	181	1.53634707074982	0.124453280711831	0.612517262473605
MAFK	5	-1.52990409472887	0.126040469677447	0.612517262473605
ZNF540	43	1.52962643027882	0.126109223417989	0.612517262473605
CPEB1	7	1.52875641216862	0.126324841675104	0.612517262473605
DBP	13	-1.52843594456566	0.126404336084988	0.612517262473605
ZNF98	61	1.52773358962932	0.126578696765566	0.612517262473605
ZNF611	124	1.52629923801203	0.126935358349816	0.612517262473605
ZSCAN22	81	1.5260238837539	0.127003916519448	0.612517262473605
ZNF792	102	1.52394830606624	0.127521625043018	0.612517262473605
LCORL	79	1.52248179030814	0.12788840472928	0.612517262473605
MTERF1	41	1.52236251325941	0.127918272290184	0.612517262473605
ZNF763	49	1.52069003453514	0.128337640690456	0.612517262473605
TP63	5	-1.52015143114947	0.128472920937019	0.612517262473605
TFEC	17	1.51940653450869	0.128660198174224	0.612517262473605
ZNF766	64	1.51727717103595	0.129196719482234	0.61254105085404
HOXB9	9	-1.51594985614003	0.12953203226405	0.61254105085404
NFIX	53	1.51469670006948	0.129849230496765	0.61254105085404
ZNF585B	145	1.51246890153428	0.130414618168078	0.613343901202597
ZNF175	127	1.50916623260703	0.131256307141858	0.615437428048835
TET3	34	-1.50325033093531	0.132774503049872	0.618651402307192
ZNF708	91	1.49952208570029	0.133738243538805	0.618651402307192
ZSCAN26	83	1.49885150936527	0.133912158367291	0.618651402307192
ZNF195	69	1.49624563197418	0.134589657211017	0.618651402307192
ZNF649	69	1.49443248620839	0.135062615865626	0.618651402307192
ZNF3	92	1.49385919077477	0.135212426782641	0.618651402307192
ZNF223	46	1.49328793356903	0.135361832751991	0.618651402307192
RFX7	93	1.49047752001721	0.136098722981262	0.618651402307192
ZFHX2	33	1.48708506024943	0.136992346796452	0.618651402307192
ZNF491	54	1.48621107434194	0.137223299212748	0.618651402307192
PKNOX1	144	1.48525752699977	0.137475618314121	0.618651402307192
ZC3H8	137	1.48205717954421	0.138325081200855	0.618651402307192
ZNF747	62	1.48169548211678	0.138421339765296	0.618651402307192
CXXC5	42	1.47998832469746	0.138876362488668	0.618651402307192
ZNF75A	37	1.47796767362927	0.139416430964064	0.618651402307192
ZNF781	41	1.47751582443007	0.139537419622961	0.618651402307192
USF2	28	-1.47698305329215	0.139680180016636	0.618651402307192
HIF3A	28	-1.47624504298075	0.139878121598716	0.618651402307192
ZNF385B	9	1.47341882654507	0.140638136901375	0.618651402307192
ANKZF1	259	-1.47288679049788	0.140781564491218	0.618651402307192
MECOM	5	1.47125168884426	0.141223063206006	0.618651402307192
ZNF674	50	1.46945311836931	0.141709928828749	0.618651402307192
ZNF34	11	-1.46766593069715	0.14219498941012	0.618651402307192
SOX7	6	1.46463886478951	0.143019472590166	0.618651402307192
ZNF500	36	1.46446486587837	0.143066976005348	0.618651402307192
ZNF114	28	1.46431495026484	0.143107914151875	0.618651402307192
ZNF564	69	1.4640677036336	0.143175450562886	0.618651402307192
ZNF490	51	1.46306918899186	0.1434484476739	0.618651402307192
NAIF1	13	1.46287489761051	0.143501613937235	0.618651402307192
CENPT	379	-1.45645977204062	0.14526556249378	0.622964620897914
SP6	2	1.45471948054368	0.145746937263426	0.622964620897914
ZNF691	72	1.45227727162166	0.146424524538595	0.622964620897914
BCL11A	26	1.45180858919606	0.146554834995023	0.622964620897914
NFIL3	2	-1.44894638287155	0.147352556580828	0.622964620897914
TERF2	49	1.44540470388623	0.148344242928934	0.622964620897914
TCF7L2	6	-1.44514402921975	0.148417433953217	0.622964620897914
ZNF559	151	1.44425636912836	0.148666873911993	0.622964620897914
RBSN	70	-1.44420524134488	0.148681250993771	0.622964620897914
ZSCAN18	40	1.44401302874241	0.148735310484267	0.622964620897914
NR4A2	3	-1.43953342308207	0.149999447327748	0.622964620897914
ZNF644	75	1.4388949930775	0.150180276347374	0.622964620897914
ZNF41	139	1.43630387140855	0.150915892918416	0.622964620897914
SIM2	5	1.43627443657204	0.150924265181837	0.622964620897914
ZBTB44	157	1.43571174634476	0.151084381388098	0.622964620897914
ZNF362	9	1.43502436120639	0.151280155731631	0.622964620897914
ZBTB45	39	1.43472120238239	0.151366559867303	0.622964620897914
HNF1B	311	1.43227436963386	0.152065315210178	0.622964620897914
NR3C1	32	1.4316772136767	0.152236220517209	0.622964620897914
NFE2L2	40	1.43028067112122	0.15263648007197	0.622964620897914
TTF1	21	1.42848265504198	0.153152983526216	0.622964620897914
PRDM4	106	1.42785781853489	0.153332786844718	0.622964620897914
CREB3L2	104	1.42621631389049	0.153805911992172	0.623255288281597
TSHZ3	2	-1.42317231465255	0.154686209184485	0.62397419623413
NR1D2	9	1.42173325149214	0.155103703268191	0.62397419623413
IRF3	186	-1.42064403123946	0.155420271080428	0.62397419623413
CAMTA2	12	-1.41821954845079	0.156126676336909	0.62397419623413
ZNF92	106	1.41734449757167	0.156382231369814	0.62397419623413
ZNF543	66	1.41560610626344	0.156890862502012	0.62397419623413
GLIS2	8	1.41506728419795	0.157048769316258	0.62397419623413
ZNF703	9	-1.41455270235285	0.157199684747129	0.62397419623413
ZNF764	81	1.41235747458463	0.157844731172244	0.624747140195642
ZBTB3	52	1.4111530130063	0.158199501351087	0.624747140195642
FOXP1	28	1.40707322473267	0.159405676758522	0.62791271657164
ZNF264	83	1.40371276546925	0.160404399595805	0.630247159930858
ZNF234	130	1.40180212378356	0.160974344100578	0.630889348596204
ZNF878	21	1.39876744329082	0.161882732193375	0.631114808910679
ZNF2	88	1.39574444669276	0.162791464711595	0.631114808910679
CCDC17	18	-1.39566984036457	0.162813940412462	0.631114808910679
ZNF256	37	1.39538914127893	0.162898524029562	0.631114808910679
ZKSCAN5	91	1.39483665693315	0.163065102044576	0.631114808910679
ZNF138	139	1.39264625536679	0.163726788215916	0.631315206415212
ETV7	23	-1.39197347440168	0.163930430531785	0.631315206415212
ZBTB46	23	1.38972769055655	0.164611582927306	0.632369249265293
ZNF654	62	1.38834157662575	0.165033057518022	0.632422975970297
ZNF596	50	1.38204909598371	0.166956626826309	0.635843961347125
ZNF214	4	-1.38147757208264	0.167132169120794	0.635843961347125
ELK4	123	1.38140374252021	0.167154855818059	0.635843961347125
BBX	30	1.37766263344417	0.168307473242601	0.637284755809886
ARNTL	21	-1.37750922513756	0.168354864614725	0.637284755809886
ZNF285	83	1.37557280456978	0.168953931158894	0.63799635318395
ZNF267	28	1.37218185325214	0.170006833117239	0.640254717030076
CSRNP2	138	1.37039355092939	0.170564084141021	0.640254717030076
JRKL	89	1.36967109388895	0.170789595908796	0.640254717030076
ZNF555	5	1.36567158877272	0.172042065670251	0.641223408630776
ZNF24	81	1.36502020135217	0.172246700799768	0.641223408630776
BAZ2B	27	1.36422660650548	0.172496256768863	0.641223408630776
IRF5	37	-1.36357731892933	0.172700634541021	0.641223408630776
NFKB1	15	1.36154187298285	0.173342510247378	0.642070586882888
PRRX2	279	1.35807813134946	0.174438893546134	0.644593244722857
ZNF335	130	-1.35648681952812	0.174944326237532	0.644925402186816
GLI3	7	1.35379878334281	0.175800581946	0.646372236512106
ZNF100	108	1.35264286127234	0.17616975260607	0.646372236512106
PRMT3	203	1.35114330718699	0.176649531008533	0.646603943691613
ETV6	29	1.34662855716824	0.178099892069257	0.650378899979969
FOSB	13	-1.34515482304458	0.178575241976221	0.6505839801575
EGR4	5	-1.34107824029695	0.179895051295186	0.652698904125065
ZNF589	262	-1.34076469337575	0.17999686273552	0.652698904125065
ZNF595	3	-1.33888782682034	0.18060719316604	0.653385463388564
ZNF124	55	1.33728589128718	0.181129334547038	0.653678899192097
CENPX	110	-1.33605690702206	0.181530673680279	0.653678899192097
ZNF431	115	1.33316983758575	0.182476075196968	0.654214595284972
MTF2	30	1.3330283519127	0.182522499844325	0.654214595284972
ZNF484	55	1.32943930950856	0.183703076172453	0.65572719064213
HIVEP1	75	1.32753255267275	0.18433257904379	0.65572719064213
ZNF283	163	1.32696505484022	0.184520242624225	0.65572719064213
GABPA	135	1.32628507725615	0.184745287867245	0.65572719064213
ZNF398	111	1.32520846476908	0.185102018596786	0.65572719064213
ZNF780B	156	1.32407079472668	0.185479533950963	0.65572719064213
TIGD4	9	1.32274812454361	0.185919153741752	0.655787560470905
ZNF579	18	1.3214556928273	0.186349466696289	0.655814903203266
DPF3	29	-1.31750147661744	0.187670586438965	0.658970022971208
DLX1	49	1.31568896861236	0.188278458273302	0.659612115666287
TMF1	52	1.31195428554058	0.189535559424683	0.6625206942052
ZIC3	892	1.31001927617332	0.190189314668252	0.663311946887926
POU5F2	26	-1.30578637857167	0.191625213541617	0.66667059350409
ZNF526	22	1.30233850226293	0.192800695274417	0.66667059350409
GSC2	732	1.29736264119599	0.194506440399512	0.66667059350409
ZNF287	12	1.29718451690227	0.194567706756383	0.66667059350409
PCGF6	174	1.29621372977285	0.194901860628529	0.66667059350409
ZBTB38	14	1.2958832780064	0.195015701145585	0.66667059350409
ZNF30	88	1.29532084637408	0.195209570768959	0.66667059350409
HSFX2	25	1.29469307892271	0.195426128450487	0.66667059350409
TGIF1	23	1.29465928891777	0.195437789806659	0.66667059350409
SKIL	51	1.29307169650327	0.195986263163779	0.66667059350409
ZNF696	94	1.29196510792437	0.196369228309256	0.66667059350409
ZNF516	33	-1.29160147121757	0.196495194296552	0.66667059350409
ZNF705E	124	-1.28968439834569	0.197160258719501	0.66667059350409
HMG20A	106	1.28824432269516	0.197660927652084	0.66667059350409
ZNF324	12	1.28776356824957	0.197828277781927	0.66667059350409
ZNF177	122	1.28719818020188	0.198025221395223	0.66667059350409
ZNF385D	9	1.28526649333953	0.198699174721135	0.667030827547106
EBF3	9	-1.28442926213236	0.198991799712829	0.667030827547106
ZNF669	40	1.28174707654692	0.199931384887247	0.667183806846035
LHX8	9	1.28139270307463	0.200055765873246	0.667183806846035
ZNF683	4	-1.27991620779291	0.200574606777847	0.667183806846035
GATAD2A	27	1.27848140424143	0.201079737438704	0.667183806846035
BNC1	5	1.27817743772947	0.20118686959017	0.667183806846035
HES4	9	-1.27434063654227	0.202542720809728	0.669591342403158
OVOL3	5	1.27368315494299	0.202775728691678	0.669591342403158
TBX3	11	1.27123254476928	0.203645931794114	0.669926855436815
HOMEZ	130	1.27096628942831	0.203740641601918	0.669926855436815
ZBED1	43	1.26965496309128	0.204207561875511	0.670042570889627
ZSCAN16	36	1.26633263875688	0.205394016349314	0.670727900860986
NKX3-1	7	-1.26484348586698	0.205927439406811	0.670727900860986
ZNF155	57	1.26436152662585	0.206100295333227	0.670727900860986
SMAD4	136	1.26423662530297	0.206145108705342	0.670727900860986
AEBP2	123	1.25848682612998	0.208215748600738	0.67604778625177
PPARA	78	1.25687543938435	0.208798743370106	0.676525364739883
ZNF333	182	-1.25550113694153	0.209296895619632	0.676726629170144
ETV4	2	1.25426209082529	0.209746758062338	0.676771244309249
ZSCAN4	411	1.25104162732991	0.210919290451691	0.678324169183553
EGR1	2	-1.2496910949119	0.211412411584354	0.678324169183553
ZNF366	13	-1.24934411724947	0.211539238327861	0.678324169183553
ZNF562	38	1.24780512977165	0.21210242965446	0.67837884784338
HLF	2	1.24599365100707	0.212766726074798	0.67837884784338
ZBTB2	23	1.2457189625236	0.212867589497246	0.67837884784338
PBX4	3	1.24118496111306	0.214537429120256	0.682299364743108
CENPBD1	36	1.23573850091472	0.216555781389575	0.687309964655666
ZKSCAN1	111	1.23258455299518	0.217730802957107	0.688784974859118
ZNF730	60	1.23210963386186	0.217908133154528	0.688784974859118
ZNF365	4	1.22958471096312	0.21885265820525	0.689927350494399
BPTF	81	1.22762807445763	0.21958661789168	0.689927350494399
ZNF131	136	1.22577651708658	0.220282786472178	0.689927350494399
ZNF835	5	1.22564822005189	0.220331083566577	0.689927350494399
MYNN	73	1.22435339298433	0.220818943147775	0.689927350494399
TBR1	51	1.22344036000323	0.221163417240924	0.689927350494399
GLMP	8	-1.2228254080224	0.221395646672921	0.689927350494399
ZNF224	98	1.22058745962075	0.222242256789748	0.689927350494399
FOXB1	5	1.22051314559475	0.222270409308763	0.689927350494399
ZNF665	134	1.21891074722209	0.222878070121321	0.690432664327924
ZNF211	27	1.2130356741159	0.225116181587224	0.695870781277246
TP53	154	1.21195322712581	0.225530285426839	0.695870781277246
DPRX	257	1.20807457500149	0.227018578419273	0.698236299184028
OTP	12	1.20761149923756	0.227196733948411	0.698236299184028
ZNF263	82	1.2034384245676	0.228806706056088	0.699998275871911
ZNF101	31	1.20249039256537	0.229173586210239	0.699998275871911
ZBTB16	3	-1.20017613269528	0.230070942645778	0.699998275871911
MLXIPL	6	-1.1989862403777	0.230533295916575	0.699998275871911
FOXA1	6	1.19779530239383	0.230996716463273	0.699998275871911
GLIS3	23	1.19660564488193	0.231460299224141	0.699998275871911
ZNF433	4	1.19603997695924	0.231680958928633	0.699998275871911
RBCK1	39	-1.19584677837168	0.231756357398233	0.699998275871911
SOX8	5	1.19558306855447	0.231859301988086	0.699998275871911
CDC5L	82	1.19402837138855	0.232466870164349	0.699998275871911
NANOGP8	2	-1.19335240788996	0.232731385534733	0.699998275871911
E2F6	151	1.19210298749832	0.233220865743927	0.700113701420842
CAMTA1	8	-1.19076166903465	0.233747160547972	0.70033898295454
TCF12	236	1.18632514039527	0.235493922054794	0.704213038591599
MAFG	8	1.1823609704533	0.237062502697813	0.707054758480181
HHEX	46	1.18162289042375	0.237355366732071	0.707054758480181
SKI	56	1.17987743746956	0.238048964769634	0.707762439315082
CHAMP1	71	1.1779651958212	0.238810481728239	0.70866896298705
ZNF639	61	1.17677857187884	0.239283897458348	0.70871871918961
FOXE1	16	-1.17524705751234	0.239895888669488	0.70917794136199
ZNF292	17	1.17326556936915	0.24068932491702	0.709381963233355
TIGD7	65	1.17277825729971	0.240884739460093	0.709381963233355
TSHZ1	38	1.17153418387645	0.241384125718974	0.709381963233355
PRDM16	6	1.17051642596315	0.241793207828895	0.709381963233355
ATF2	61	1.16488936540367	0.244063778741833	0.714692423787406
ZBTB1	70	1.16225077372213	0.245133615867076	0.716473393268741
ZNF689	80	1.15692730554797	0.247302061661729	0.720660528134969
FOXF1	25	1.15560703436438	0.247841929423665	0.720660528134969
ZNF81	203	1.15532044135655	0.247959228108295	0.720660528134969
LIN54	104	1.15344424144026	0.248728091331233	0.7215439210207
ZNF536	11	-1.15120266821489	0.249648867775075	0.722863885796485
HIC2	33	-1.14699611722756	0.251383225652528	0.72650258058158
ZNF473	186	1.14588740070794	0.251841745072739	0.72650258058158
NKX6-2	5	-1.14385664282762	0.252683094505194	0.727166655068917
ZFPM1	9	1.14307123385815	0.253009016583257	0.727166655068917
NKX1-1	82	1.14193869734765	0.253479501998981	0.727172249727206
ZNF132	26	1.13850977635652	0.254907678949352	0.729136280106721
ZFP90	30	1.13618446864063	0.255879369252129	0.729136280106721
TIGD3	5	-1.13576479279154	0.256055015513524	0.729136280106721
ZNF460	85	-1.1352989238414	0.256250092975592	0.729136280106721
ZNF235	92	1.13467110101234	0.256513150089091	0.729136280106721
HOXB1	114	1.12543100065655	0.260406440603597	0.738218573426341
MBNL2	112	1.12483336994478	0.260659650926311	0.738218573426341
BHLHE40	9	1.11240117006542	0.265965701773586	0.751873896452833
ZNF354A	82	1.10836709440843	0.267703309919788	0.754633792178049
DLX4	9	-1.10704679683507	0.268273696162245	0.754633792178049
ZBTB37	199	-1.10675312751022	0.268400678661265	0.754633792178049
HOXC9	66	1.10018355927457	0.271252152391855	0.761238727562851
EMX2	136	-1.09739836237704	0.27246728898978	0.761238727562851
ZNF692	221	-1.09630793535085	0.272944037875856	0.761238727562851
MYCN	25	1.09542290072189	0.273331405788351	0.761238727562851
ZNF174	84	1.09473230456496	0.273633931537051	0.761238727562851
GATAD2B	112	1.09459800514454	0.273692789935613	0.761238727562851
FEV	231	-1.09097172162242	0.275285325874232	0.763788353948983
ZNF358	8	-1.09027111312839	0.275593735960973	0.763788353948983
MSANTD3	112	1.0890215216711	0.276144395132193	0.763950269599223
TCF24	202	1.08250970820492	0.279026103961751	0.769951613573645
GPBP1L1	109	1.08187989150387	0.279305901057965	0.769951613573645
ESRRG	13	1.07997126552731	0.280154976037842	0.770922912784982
GZF1	11	-1.07453444504552	0.282583215291223	0.772726277664672
VEZF1	104	1.07422136144059	0.282723480498986	0.772726277664672
TFE3	5	-1.07297877353813	0.283280640028079	0.772726277664672
RORC	18	-1.07017379902546	0.284541085591031	0.772726277664672
ZNF454	4	1.07003666387951	0.284602805894891	0.772726277664672
ADNP	135	1.0698827907102	0.284672070250558	0.772726277664672
ZNF136	60	1.06882828400224	0.285147052000698	0.772726277664672
ZNF7	73	1.06704626970121	0.285950942677309	0.772726277664672
ZNF485	97	1.06551755705762	0.286641784821401	0.772726277664672
ATF3	2	-1.0650024600374	0.286874816517168	0.772726277664672
PURB	101	1.06452253140666	0.287092052984052	0.772726277664672
ZFY	20	-1.06320368265416	0.287689592716543	0.772726277664672
TSC22D1	64	1.06271666612933	0.287910460561681	0.772726277664672
POU2F1	24	-1.06076154114062	0.288798284191998	0.772726277664672
ZNF22	97	1.05980227531767	0.28923456147604	0.772726277664672
ZNF778	51	1.05789224733479	0.290104570058085	0.772726277664672
ZNF732	2	-1.0565743176812	0.290705906685008	0.772726277664672
RBPJL	2	1.05473942011743	0.291544517630166	0.772726277664672
SALL2	13	1.05353189812381	0.292097282797832	0.772726277664672
ZSCAN20	159	1.05289972957775	0.29238695006779	0.772726277664672
ZNF653	134	1.05212348034889	0.292742900665446	0.772726277664672
ZNF521	40	1.05075441129308	0.293371398758395	0.772726277664672
ATF1	99	1.05018426849468	0.293633400875609	0.772726277664672
TFDP2	176	1.04891712734265	0.294216261971807	0.772726277664672
ZNF700	176	-1.04841679636537	0.294446618281766	0.772726277664672
DACH2	210	-1.04794602602613	0.294663475007526	0.772726277664672
ASCL2	2	-1.04686857056502	0.29516019929248	0.772726277664672
SOX12	87	1.04671871023845	0.2952293317189	0.772726277664672
FAM170A	27	-1.04636411445275	0.295392954341229	0.772726277664672
ZNF821	6	-1.04523407693298	0.295914797401864	0.772726277664672
ZNF575	4	-1.04451986681978	0.296244932480979	0.772726277664672
HBP1	68	1.03824706281719	0.299155047161383	0.77900777381622
ZNF793	6	1.0359147505653	0.300241915437033	0.779066213347136
DMRT2	263	-1.03480052772488	0.300762076430967	0.779066213347136
ZNF714	11	1.0340498247847	0.301112871059217	0.779066213347136
FOXD3	516	1.03389470266216	0.301185391757913	0.779066213347136
TIGD6	18	1.03168976848708	0.302217471997741	0.780435135674698
THRB	11	1.02930013565839	0.30333865958011	0.781377725381766
TEAD2	10	-1.02876649924415	0.30358941263222	0.781377725381766
TCF3	113	1.02740631273062	0.304229180199514	0.781727959717957
NKX2-1	190	1.02554604607031	0.30510561043244	0.782428211238036
ZXDB	48	1.02468893736724	0.305509984542687	0.782428211238036
RHOXF2	9	-1.02087954870153	0.30731150965791	0.78463644926189
ZNF273	24	1.02072794419745	0.307383351257235	0.78463644926189
BHLHE41	11	1.01865872123774	0.308365015994578	0.785849761615081
ZNF750	24	-1.01668607144826	0.30930279384595	0.78694743614576
MKX	6	-1.0083980251504	0.313263420629602	0.795271678557618
CUX1	29	1.00757730018422	0.313657430964052	0.795271678557618
SATB1	65	1.00595663773809	0.314436429406116	0.795271678557618
CXXC1	10	-1.00556631668077	0.314624233656171	0.795271678557618
DDIT3	4	-1.00155816228113	0.316557036023898	0.797812833071831
ZHX2	81	1.00015610081247	0.317234970105744	0.797812833071831
HMGA2	17	0.999304760188428	0.317647080183327	0.797812833071831
ZNF662	9	0.998882281668729	0.317851720384342	0.797812833071831
HOXD9	157	0.998164010686586	0.31819983483986	0.797812833071831
POU2AF1	82	-0.996379072625248	0.319065997202585	0.79806347861736
BHLHA15	125	-0.994836787206377	0.319815651156271	0.79806347861736
ZNF736	83	0.99337464561998	0.320527412766709	0.79806347861736
SMAD3	25	0.988833439775705	0.322744640400061	0.79806347861736
MTERF4	28	-0.988731525682526	0.322794514083765	0.79806347861736
RUNX3	16	0.988653595004038	0.322832654398495	0.79806347861736
ZKSCAN2	95	0.986865340417584	0.323708657466172	0.79806347861736
ZNF182	77	0.983762380097848	0.3252323604286	0.79806347861736
ZBTB21	56	0.98373901401471	0.325243851972625	0.79806347861736
E2F3	63	0.982297653661454	0.325953230134907	0.79806347861736
HES6	5	-0.982249469660788	0.325976961675781	0.79806347861736
ZNF672	45	0.981912458350979	0.32614297758581	0.79806347861736
EMX1	6	-0.981054897178493	0.326565670547267	0.79806347861736
ZNF573	98	0.980928791744934	0.32662785807614	0.79806347861736
RORA	28	0.980912392390598	0.326635945805407	0.79806347861736
ZNF534	8	0.980726961845466	0.326727404314778	0.79806347861736
E2F2	39	-0.980066490538038	0.327053298733064	0.79806347861736
ZNF676	16	0.979049153483338	0.327555693221172	0.79806347861736
ZNF57	3	0.973178881074826	0.330464405105879	0.801267517499334
ARGFX	169	0.971675887610523	0.331211816061038	0.801267517499334
AHDC1	38	0.971650983178477	0.331224209776331	0.801267517499334
FOXD4L5	4	0.970566771992348	0.331764059279392	0.801267517499334
FOXO4	39	-0.969309521475638	0.332390780066132	0.801267517499334
REST	9	0.969016777562887	0.332536818268988	0.801267517499334
CIC	16	-0.968339320254509	0.332874933447499	0.801267517499334
HOXD10	1598	0.968086847540089	0.333000997929814	0.801267517499334
HINFP	61	0.966811858777763	0.333638095083335	0.801557776423121
ZNF250	79	0.963760234804842	0.335166147423015	0.802037006687912
ZFP62	136	0.963696723791661	0.335197997368908	0.802037006687912
RUNX2	39	0.961761145271958	0.336169599774093	0.802037006687912
GTF2I	192	0.961020669569267	0.336541775166576	0.802037006687912
TFAP4	21	0.96085138361845	0.336626898307546	0.802037006687912
ZNF850	27	0.960228921303833	0.336940014092338	0.802037006687912
L3MBTL1	195	-0.957890116899006	0.338118170569336	0.802037006687912
ZNF735	4	0.957273770465877	0.33842909075873	0.802037006687912
ZNF552	53	0.955506690334831	0.339321523650723	0.802037006687912
HOXC5	49	0.955406001900295	0.339372419998857	0.802037006687912
CREB1	81	0.954372993876119	0.339894871366786	0.802037006687912
ZNF598	17	-0.954088423273736	0.340038885567426	0.802037006687912
JUNB	23	-0.951611288972018	0.341294154160664	0.802810240565763
GTF3A	46	-0.950789586429418	0.341711199927168	0.802810240565763
ZFAT	59	-0.949545722715565	0.342343128940846	0.802810240565763
ZBED5	53	0.949363413850698	0.342435811375345	0.802810240565763
ZNF449	55	-0.946934441517023	0.343672186346735	0.803944497546545
SMAD5	105	0.945051955717679	0.344632351670662	0.803944497546545
THAP1	152	0.944248544508563	0.345042653587349	0.803944497546545
SP140	25	-0.943780693432832	0.345281728483768	0.803944497546545
ZNF529	81	0.942433524650985	0.345970730088464	0.803944497546545
PLAG1	15	0.941148581994989	0.346628722116739	0.803944497546545
ZNF660	105	0.939505356842736	0.347471343203915	0.803944497546545
KIN	44	0.939301706357279	0.347575862778183	0.803944497546545
LHX1	13	0.939290384906927	0.347581673874827	0.803944497546545
ZNF71	73	0.936222596860467	0.349158591036958	0.806390079299642
ARID2	93	0.934909169221954	0.349835111296438	0.806535969859273
PRDM1	2	0.932838460389311	0.350903380159619	0.806535969859273
ZNF740	90	0.932531721538487	0.351061800937488	0.806535969859273
KDM5B	51	0.932069786477138	0.351300461098498	0.806535969859273
ZSCAN29	107	0.928112971458882	0.35334897168527	0.810040774084992
E4F1	46	-0.926135056281154	0.354375797699921	0.81032481326316
VAX1	7	0.925863146274694	0.354517105802632	0.81032481326316
KLF8	7	-0.923293540776122	0.355854253064266	0.81104877281121
ZNF514	289	-0.922402964235951	0.356318424169169	0.81104877281121
SPIB	3	-0.922243482058231	0.356401587021421	0.81104877281121
KLF12	22	0.917494164354197	0.358883749489788	0.815501580099782
ZNF354C	49	0.913911700688562	0.360763244951083	0.818573912520587
ANHX	723	0.911853472448092	0.361845857173068	0.819648865083851
ZKSCAN8	94	0.911004033658601	0.362293248355362	0.819648865083851
ZNF316	83	-0.909595645890593	0.363035795702819	0.820002328603969
MYT1	8	0.908704388795051	0.363506186906914	0.820002328603969
NPAS4	5	0.905909970659653	0.364983506463086	0.821250061108105
RFX5	136	-0.905656643897683	0.365117617374093	0.821250061108105
TBX6	12	-0.904603702756103	0.365675373010183	0.821314296543856
ZNF664	107	0.902584689105178	0.3667463555421	0.822529398556848
ZNF682	26	0.90129910939311	0.367429307196647	0.822871983793935
ZNF395	17	0.897917743072113	0.3692294045723	0.825711867285604
ZSCAN5C	6	0.895605634247563	0.370463425469372	0.826219995205178
ZNF511	11	-0.895497244631844	0.37052133805593	0.826219995205178
NR3C2	52	-0.894446025933723	0.37108329596893	0.826285904366973
ATF6B	136	-0.889668944888299	0.373643673893911	0.827624187763312
ZNF35	107	0.889379509001457	0.3737991536881	0.827624187763312
TCF15	4	0.888967586132411	0.374020500325513	0.827624187763312
PRDM13	561	-0.888585530189268	0.374225870443901	0.827624187763312
ZKSCAN3	99	0.887778422480488	0.374659951880128	0.827624187763312
ERF	26	0.887362261981108	0.374883894328356	0.827624187763312
ZNF623	95	0.885929666196561	0.375655428843032	0.82814946813123
ETS1	12	0.883639823548541	0.37689067427427	0.829348712233245
ZBTB40	221	-0.882940973497649	0.377268164198886	0.829348712233245
ZNF561	93	0.880020426671681	0.378848243954036	0.831644235667133
ONECUT2	11	-0.877772147004631	0.380067382609479	0.833142059053546
UNCX	8	-0.876368317300467	0.380829836333051	0.833402371539196
ZNF554	95	0.875576867528786	0.381260105536617	0.833402371539196
BHLHA9	107	-0.869635590820941	0.384499581331947	0.839301477112774
THAP8	63	-0.868358950831414	0.385197859398606	0.839644772172242
BACH2	29	0.861176973803734	0.389140579981336	0.841645411003284
STAT6	31	-0.861018574733859	0.389227812882443	0.841645411003284
ZFHX4	12	-0.859824382381523	0.389885856654259	0.841645411003284
ONECUT1	8	0.859120903276519	0.390273815864056	0.841645411003284
PIN1	105	-0.858851820371869	0.390422273463154	0.841645411003284
CLOCK	49	0.858617877530477	0.390551371577851	0.841645411003284
HOXC13	3	0.85810351044831	0.390835309117216	0.841645411003284
SP140L	31	0.856917701349808	0.391490369236348	0.841645411003284
WIZ	66	0.856603622560317	0.391663983004152	0.841645411003284
LHX6	3	0.854271340434252	0.392954662971096	0.841645411003284
NOTO	1070	-0.852905992243314	0.393711438423107	0.841645411003284
MYT1L	107	0.851615861885572	0.394427332937071	0.841645411003284
SIX3	3	-0.851561198539997	0.394457683058563	0.841645411003284
RARB	51	-0.851052069684259	0.394740428867094	0.841645411003284
HOXC6	4	-0.850552247467295	0.395018125413297	0.841645411003284
ZNF154	29	0.849631674969073	0.395529895883164	0.841645411003284
ZNF628	2	-0.848927192805343	0.395921806531765	0.841645411003284
CTCF	125	0.848917549807212	0.395927172657164	0.841645411003284
FIZ1	31	0.847740049040812	0.396582757175408	0.841645411003284
ZNF705D	37	-0.846674543880204	0.397176551394782	0.841645411003284
ZNF775	36	0.846087521276823	0.397503921562762	0.841645411003284
ZNF830	47	0.844907088534458	0.398162716402563	0.841891738224493
ZNF341	24	-0.843455524900808	0.398973729501238	0.842458813858397
ZNF626	12	0.83713664945832	0.402515761797278	0.847004008776329
MYB	34	0.836186354916831	0.403050073500017	0.847004008776329
ZFP64	112	0.834492296045797	0.404003626820383	0.847004008776329
ESRRA	5	-0.833871695182877	0.404353288824038	0.847004008776329
TFCP2	92	0.832117351132324	0.405342708886468	0.847004008776329
NR2C1	154	-0.831783816275081	0.405530980399354	0.847004008776329
ZNF630	151	-0.831136744716654	0.405896383975813	0.847004008776329
ZNF852	135	0.830633435145227	0.406180740568527	0.847004008776329
E2F1	136	-0.830180904642681	0.406436509846609	0.847004008776329
FOSL2	6	-0.829920463476875	0.406583754212864	0.847004008776329
GATA1	39	0.828289059931185	0.407506816997012	0.847194530676641
L3MBTL3	16	0.827829694782239	0.407766955164594	0.847194530676641
ATMIN	59	0.825058207728732	0.409338545033292	0.849190491230764
ZNF783	239	-0.823681872941903	0.410120341890686	0.849190491230764
ZFP3	35	0.822329682598742	0.410889287625195	0.849190491230764
ZNF704	10	0.821424345922679	0.411404600693328	0.849190491230764
ZNF121	126	0.821321026616503	0.411463433895318	0.849190491230764
EGR2	3	0.818840445994481	0.412877451490467	0.850977164293764
ZNF805	56	0.815192903320871	0.414961899424741	0.852999908024929
FOXM1	122	-0.811921038849707	0.416836941353214	0.852999908024929
PAX9	802	0.811093661957389	0.417311885339421	0.852999908024929
INSM1	10	-0.810905154430563	0.417420140015503	0.852999908024929
DNMT1	112	-0.810651974909293	0.417565560074557	0.852999908024929
CENPA	85	-0.810542216434093	0.417628611904974	0.852999908024929
PROX1	19	0.808930187356608	0.41855530386514	0.852999908024929
ZNF219	50	0.806746624694229	0.419812476079996	0.852999908024929
NR4A3	8	0.805956478999499	0.420267943677398	0.852999908024929
PBX1	20	-0.804423352804149	0.42115251876904	0.852999908024929
FOXN1	84	0.804286729025788	0.421231400222478	0.852999908024929
E2F8	106	-0.803805800622479	0.421509139231238	0.852999908024929
TAL2	7	0.803531559123551	0.421667563404052	0.852999908024929
ZNF713	81	0.802009719521314	0.422547335955724	0.852999908024929
ZSCAN5A	66	0.80163570772993	0.422763715959328	0.852999908024929
NKX2-4	521	-0.801406010471281	0.422896636694967	0.852999908024929
TFDP1	215	-0.800878006084613	0.423202273955667	0.852999908024929
SGSM2	49	-0.798716453354094	0.424454844146558	0.854414939189958
RELB	34	-0.795005533662639	0.426610283238144	0.857147011217742
ZNF275	81	0.793863587615342	0.427274849531068	0.857147011217742
FOXD4L3	138	0.793059635805781	0.427743078441775	0.857147011217742
TIGD1	55	-0.792582307428096	0.428021220163499	0.857147011217742
ZNF324B	101	0.789357343845322	0.429903179643435	0.858822844756142
ZNF846	48	-0.789251910021935	0.429964787613094	0.858822844756142
HOXB5	9	-0.787351488790389	0.431076136363501	0.859935942977062
ZNF804A	118	0.786209410822401	0.431744813641843	0.860164250028422
MYBL2	134	-0.784963227431409	0.432475129090667	0.860514615831686
ZNF417	143	-0.783296019579255	0.4334533001195	0.861356622004436
SOX5	15	0.782321434535696	0.434025693031416	0.86139114524905
NFAT5	112	0.779141583888428	0.435896316661949	0.863998829449993
TBX18	3	0.777006870811498	0.437154716656271	0.86481324305264
SOX3	138	0.77523372941501	0.438201560745517	0.86481324305264
NFXL1	74	0.772108946546983	0.440049903839622	0.86481324305264
NKRF	61	0.771918012290839	0.440162988347967	0.86481324305264
TP73	4	-0.771676487036061	0.440306060232266	0.86481324305264
ZNF232	5	-0.771501366356204	0.440409812835102	0.86481324305264
ZNF284	111	0.770803760960685	0.440823257675161	0.86481324305264
PHF1	16	-0.768654792902215	0.442098268595021	0.86481324305264
FOXN4	4	-0.768427983594314	0.442232960545789	0.86481324305264
CASZ1	56	0.768030627190533	0.442468989416793	0.86481324305264
PTF1A	784	0.767472336068588	0.442800734888531	0.86481324305264
ZNF25	125	-0.767147375570574	0.442993897053382	0.86481324305264
NKX2-6	53	0.765618489853568	0.443903339455612	0.865499978436068
SP2	46	0.760379080685908	0.447028024005274	0.870300216329836
HOXA2	23	-0.75949298282783	0.447557710144587	0.870300216329836
ZNF791	17	0.75867399213326	0.448047598484239	0.870300216329836
GSX1	611	0.754428440728957	0.45059199923525	0.871555218326287
NPAS1	3	0.753821726803598	0.450956275921909	0.871555218326287
TIGD5	13	0.751534782592478	0.452330875944547	0.871555218326287
PRDM5	18	-0.749829076871182	0.453357654055967	0.871555218326287
ARHGAP35	238	0.749579984415323	0.453507709423189	0.871555218326287
ZNF787	7	-0.749149442990935	0.453767137226691	0.871555218326287
BAZ2A	62	-0.747196180444246	0.454945149347683	0.871555218326287
PBX2	80	-0.746114276864035	0.455598385661593	0.871555218326287
ZNF367	75	-0.745991561822448	0.455672512384504	0.871555218326287
ZNF599	90	0.74524868144179	0.456121398399307	0.871555218326287
YBX1	61	-0.744899930424685	0.456332217207156	0.871555218326287
ZNF587	230	-0.743251900694306	0.457329186393761	0.871555218326287
PGR	2	-0.742571049422172	0.457741421484347	0.871555218326287
TRERF1	6	-0.741288619516966	0.458518460527468	0.871555218326287
WT1	96	0.73975907011011	0.459446198454467	0.871555218326287
ZBTB8B	5	-0.739446460026015	0.459635939305025	0.871555218326287
ZNF444	24	-0.739077598564485	0.459859878732302	0.871555218326287
IRX3	19	-0.738778318524361	0.460041619461361	0.871555218326287
ZNF414	10	0.737638437444115	0.460734191346847	0.871555218326287
ZXDC	45	-0.736424806673493	0.461472212580377	0.871555218326287
DMRTC2	16	-0.735976543466053	0.461744972911885	0.871555218326287
HOXA4	40	-0.735860323389896	0.46181570549129	0.871555218326287
ZXDA	60	0.735363992916119	0.46211784474064	0.871555218326287
MBD6	4	-0.733582540477299	0.463203205148688	0.871555218326287
E2F7	103	-0.732754848498078	0.463707964380183	0.871555218326287
ZNF19	24	0.731687807663512	0.464359139827169	0.871555218326287
TBPL2	1615	0.731538814825564	0.464450105104476	0.871555218326287
JAZF1	29	-0.731370297464743	0.46455300272712	0.871555218326287
SOX30	11	0.73018759277112	0.465275525467958	0.871555218326287
GTF2IRD1	19	0.729753666606023	0.465540770613719	0.871555218326287
ZNF705B	3704	0.728670501494016	0.466203241218065	0.871743892012574
NR5A1	2	0.726485577683779	0.467541145753393	0.871865994671964
MTF1	22	-0.725413388348478	0.46819846199434	0.871865994671964
ZNF594	182	0.725224030002785	0.468314603144204	0.871865994671964
BCL6B	2	0.724896353235185	0.468515618270888	0.871865994671964
ZNF319	5	0.723127349268151	0.469601648072364	0.872424948251675
OTX1	4	-0.722576284435513	0.469940242743815	0.872424948251675
TFAP2B	142	0.720885552415267	0.470979932559183	0.873310460372583
MYRF	2	0.71995815472059	0.471550760190641	0.873325512906772
ZNF576	63	0.717669354341607	0.472961183337249	0.873984137142971
TLX2	20	-0.716828896933648	0.473479679048337	0.873984137142971
ZNF646	177	0.716640762918133	0.473595785655437	0.873984137142971
ZNF629	57	0.713865542942077	0.475310325905541	0.876106443949405
BRF2	27	0.711600147987234	0.476712415378098	0.877648480031801
ZNF687	7	-0.71048519687395	0.47740330744909	0.877879067726289
ETV3	90	0.708920094836107	0.478374064250255	0.878623133392184
ASH1L	125	0.706812770876835	0.479682837160468	0.879985535783742
NKX3-2	722	0.704766493783541	0.480955563275655	0.881278670842758
GMEB1	50	0.703810729810211	0.481550650741741	0.881328549470733
DMRT1	330	0.696945330903882	0.485837007359658	0.887112036897425
KLF10	7	-0.696261358012272	0.486265168153791	0.887112036897425
YY1	49	0.695618505429292	0.486667773936989	0.887112036897425
DNTTIP1	3	0.695092919420277	0.486997071801937	0.887112036897425
MESP2	39	-0.692326172243471	0.488732517628013	0.889229621756948
ESR1	15	-0.690866047108578	0.489649724855972	0.889855237677363
ZNF23	121	0.688532864857448	0.491117281641531	0.890563472953596
MYOG	271	0.687579250995697	0.491717778188003	0.890563472953596
PATZ1	95	0.687510816751529	0.491760886804917	0.890563472953596
THAP6	103	0.685838781930263	0.492814777548947	0.891073527073516
KMT2A	132	0.685101198899958	0.493280063770665	0.891073527073516
ZNF143	40	0.684332910325552	0.493764969898984	0.891073527073516
RELA	44	0.683170332215546	0.494499217133879	0.891362119618792
ZNF397	82	0.679944648638525	0.496539509263661	0.893895734818034
ZBTB33	32	0.678711886932196	0.497320432914395	0.893895734818034
PEG3	4	0.677591035160688	0.498031031790908	0.893895734818034
MEIS3	24	-0.677311019311455	0.498208640861855	0.893895734818034
MEOX1	12	-0.676046030409359	0.499011420558787	0.894302222525679
XPA	23	-0.674552631932235	0.499960036162329	0.894897957358248
ZNF592	59	-0.673707876214008	0.500497053470979	0.894897957358248
GTF2IRD2	104	0.672659647005105	0.501163845359239	0.895059019559883
RHOXF2B	238	-0.670439026423347	0.50257796330506	0.895269289427572
ZNF609	160	0.670077135175995	0.502808619770713	0.895269289427572
DR1	74	0.669757913637709	0.503012126534048	0.895269289427572
HOXA1	3	0.668007249400142	0.504128965008555	0.895523712786489
TBX5	142	0.667725074573251	0.504309101143938	0.895523712786489
ZNF677	43	0.665605566668953	0.505663247363715	0.896902125609698
ZNF337	323	-0.661400311158277	0.508355626432775	0.90064832445624
HMBOX1	128	-0.656584617434683	0.511448042478103	0.902713081372921
TFCP2L1	9	-0.65558676288913	0.51209004480431	0.902713081372921
DLX3	4	0.65438881552564	0.512861338286074	0.902713081372921
L3MBTL4	2	0.653715854979468	0.51329488654417	0.902713081372921
ZBTB25	179	-0.652763650937029	0.51390866060443	0.902713081372921
PPARD	28	-0.651939054189258	0.514440489580307	0.902713081372921
ZBTB7A	45	-0.65100478301917	0.515043399334495	0.902713081372921
ZNF354B	123	0.650654147028828	0.515269768641851	0.902713081372921
CREB3	7	-0.65022175269818	0.515548991951271	0.902713081372921
ZBED9	4	0.649156233256476	0.516237397706188	0.902713081372921
MYBL1	37	-0.648604878371044	0.516593801496019	0.902713081372921
ZNF800	84	0.64791766579517	0.517038204122613	0.902713081372921
ALX4	111	-0.646141958419575	0.518187424347534	0.902713081372921
ZNF471	17	0.645204239276789	0.518794839338914	0.902713081372921
RFX8	9	-0.645196508634531	0.518799848451804	0.902713081372921
SETBP1	28	-0.644066761334884	0.519532143059066	0.902713081372921
ZNF883	16	0.643515704433709	0.519889527882109	0.902713081372921
KLF15	38	-0.641852030399577	0.520969262982036	0.902713081372921
ZNF16	77	0.640892351081565	0.521592625765434	0.902713081372921
YBX2	3	-0.640773469279121	0.52166987252599	0.902713081372921
ZBTB42	62	0.640672339708222	0.521735588912056	0.902713081372921
ZNF462	3	0.638408232421134	0.523207973389156	0.903690182377891
ZBTB14	54	0.636728848934776	0.52430147879992	0.903690182377891
CARF	170	-0.635695641515878	0.524974817755856	0.903690182377891
ZNF469	31	0.635455805972726	0.525131181321888	0.903690182377891
MBD4	151	0.635332331782317	0.525211691046944	0.903690182377891
ZNF619	112	0.632046425543621	0.527356541324893	0.906375805244999
ZSCAN21	82	0.630808541036824	0.528165718124723	0.906762383329171
ZNF266	26	0.629085659435953	0.529292978380744	0.907693593863994
ELF1	34	0.625407480099041	0.531703654028888	0.910821270477742
ZFP57	19	-0.622186493452356	0.533819246216743	0.913437122523027
ARID5B	5	0.620478398296688	0.534942871563072	0.913691824856386
ZHX3	141	-0.61951440980768	0.535577532060804	0.913691824856386
ZNF780A	31	0.619240209528963	0.535758126401282	0.913691824856386
RFX2	13	0.618103063889618	0.536507402765836	0.913691824856386
ZNF655	74	-0.61748982448823	0.53691169089499	0.913691824856386
HOXA13	31	0.615913378834078	0.537951691065788	0.913692475319194
ZKSCAN7	39	0.615122593596537	0.538473762204086	0.913692475319194
ZNF841	77	0.613132518888109	0.539788719771342	0.913692475319194
ZNF229	10	0.612603122819608	0.540138792882111	0.913692475319194
EBF1	32	-0.612275222786969	0.540355679898848	0.913692475319194
PURG	2	-0.61075060102322	0.541364701269857	0.913692475319194
ATF6	37	0.610397582820929	0.541598468973638	0.913692475319194
ZNF782	143	0.609747033633747	0.542029392842086	0.913692475319194
NRF1	31	0.608593418513287	0.542793967979756	0.913692475319194
ZSCAN10	3	-0.608585426147161	0.542799266909985	0.913692475319194
ETV3L	5	0.606695811153242	0.544052802579559	0.914810346265954
ZNF697	24	0.603586147374446	0.546118824953489	0.917046083244327
LHX9	6	0.60291656934823	0.546564192655285	0.917046083244327
HOXD3	35	-0.600949154220561	0.547873852604413	0.917262183381257
HOXC12	5	-0.599400180883945	0.548906056391432	0.917262183381257
ZSCAN9	52	0.59767223707543	0.550058653697115	0.917262183381257
ZNF286B	37	-0.597396314826338	0.550242813552497	0.917262183381257
DMRTA1	640	0.597236198015047	0.550349694856572	0.917262183381257
ZNF76	249	-0.591944211542189	0.553887946882822	0.917262183381257
SOHLH2	17	0.591290710810352	0.554325652544222	0.917262183381257
SNAI1	2	-0.591150767529438	0.554419406594774	0.917262183381257
NR1H2	16	-0.590612882842049	0.55477983097651	0.917262183381257
ZNF565	73	0.59052107151771	0.554841363115203	0.917262183381257
HOXC8	2	0.589276063981477	0.555676098948267	0.917262183381257
PAX1	2	-0.587802362409756	0.55666495816878	0.917262183381257
SNAPC4	154	-0.587307516480751	0.556997193882082	0.917262183381257
ZNF710	5	-0.586867464259245	0.557292722650306	0.917262183381257
HOXB4	25	-0.585960084603527	0.557902338505976	0.917262183381257
KLF17	63	-0.585152226663412	0.558445364315502	0.917262183381257
USF3	55	0.585089023726605	0.55848785888719	0.917262183381257
ZBED4	64	0.584555248905727	0.558846805705915	0.917262183381257
NR2C2	218	0.584365673308278	0.558974316307033	0.917262183381257
ZNF716	5	0.584146268628193	0.559121907907794	0.917262183381257
NFYA	85	0.582601396561902	0.560161665050659	0.917262183381257
FOXJ3	126	0.582008445808082	0.560560991989424	0.917262183381257
PRDM15	213	-0.581831629618597	0.560680096803601	0.917262183381257
FLI1	63	-0.581538681184761	0.560877456204132	0.917262183381257
FOXA2	54	-0.579687399119401	0.562125442399984	0.918335459583973
NR1H4	609	-0.577622203796258	0.563519212878109	0.918435169587366
RFX1	2	0.576348172871427	0.564379867904653	0.918435169587366
ZNF641	4	-0.576317340367174	0.564400704240755	0.918435169587366
MZF1	164	-0.576091143854877	0.564553577181925	0.918435169587366
MTERF3	11	0.57416349577361	0.565857169109832	0.919591964877968
ZNF621	189	-0.57037084689973	0.568426198280359	0.920566427839129
HMGN3	7	-0.568774628087214	0.569509095017084	0.920566427839129
ZNF699	32	0.568200065258546	0.569899127162566	0.920566427839129
TERF1	27	0.568098655215659	0.569967980860093	0.920566427839129
NFIB	29	-0.567460782297539	0.570401164092038	0.920566427839129
ZNF442	26	0.566114933074068	0.571315652547641	0.920566427839129
NFYC	5	-0.564486983761417	0.572422756017188	0.920566427839129
IRX5	29	-0.564384828419409	0.572492261755627	0.920566427839129
HOXD13	2902	0.564239454233003	0.572591180184986	0.920566427839129
TFAP2D	6097	0.56349927467687	0.573094953856063	0.920566427839129
SOX15	2	0.56300787775849	0.573429519643402	0.920566427839129
DRAP1	17	-0.562794872897781	0.573574571984818	0.920566427839129
HNF4A	37	-0.559769517069849	0.575636658308069	0.922138582942546
ZFP91	92	0.559207579987963	0.576020060600587	0.922138582942546
FOXD4L4	2057	0.558389559047238	0.5765784009065	0.922138582942546
ZSCAN23	8	0.557144093027655	0.577428983686853	0.922138582942546
MBD3	244	-0.557003647260748	0.577524937255254	0.922138582942546
NEUROD4	584	0.555836846064931	0.578322394423434	0.922462353795474
ZNF407	95	0.554968141930585	0.578916451415459	0.922462353795474
ZNF451	96	0.552244518788338	0.580780836862935	0.92363284135646
ZNF44	27	0.552156300505936	0.580841271368495	0.92363284135646
FOXD4L6	47	0.549897810603202	0.582389465997656	0.925146828278773
ZNF142	177	0.548908502767742	0.583068242724541	0.925278029354282
KLF3	17	-0.545541425874819	0.585381197227194	0.92716702202973
ZNF517	172	-0.544299827753143	0.586235165459196	0.92716702202973
FOXL2	3	-0.543676185952313	0.586664322676871	0.92716702202973
ZNF236	134	-0.542453239021601	0.587506312312111	0.92716702202973
NR1I2	91	-0.542204030747907	0.587677958868657	0.92716702202973
EN1	3460	-0.541268317364673	0.588322654809132	0.92716702202973
TWIST2	88	-0.541097458014653	0.588440410244384	0.92716702202973
SP100	6	0.539069978486898	0.589838569738073	0.928427444455872
FOXD1	21	-0.532026723289177	0.594707487098626	0.931548675405885
TBX1	45	-0.530033538610797	0.596088677488864	0.931548675405885
ZNF880	18	0.529627062300737	0.596370527264424	0.931548675405885
TGIF2LY	6239	-0.529010302498712	0.596798303031883	0.931548675405885
FOXD4L1	4	-0.526074640040416	0.598836347993772	0.931548675405885
SOX17	4513	0.525876972458095	0.598973689437392	0.931548675405885
ZNF546	124	0.525735744277393	0.599071824956229	0.931548675405885
ZBTB39	63	0.52545420242124	0.599267482270651	0.931548675405885
POU3F1	7	-0.524093886353286	0.600213240577945	0.931548675405885
IRX1	4	-0.523757381411876	0.600447299395937	0.931548675405885
ZNF831	29	-0.520571371684739	0.602665396762294	0.931548675405885
ZFHX3	29	-0.518447248141026	0.604146256489428	0.931548675405885
ZNF408	37	0.517661022073725	0.604694797998106	0.931548675405885
TFAP2E	24	-0.517392553429126	0.604882156852314	0.931548675405885
GBX2	5128	0.517354564373545	0.604908670750486	0.931548675405885
GLI1	3	-0.516119586839409	0.605770888679019	0.931548675405885
MXD4	33	-0.51593315104841	0.605901099382604	0.931548675405885
HAND2	2	-0.515281629396094	0.606356234244369	0.931548675405885
BATF	9	-0.515217278646717	0.606401196178636	0.931548675405885
PROX2	4	-0.513468783064498	0.607623441907374	0.931548675405885
ZNF296	11	0.512239682522692	0.608483273702413	0.931548675405885
OVOL2	4	-0.512014467900068	0.608640883981999	0.931548675405885
CREB3L1	7	-0.511992044269628	0.608656577540058	0.931548675405885
RXRB	110	-0.511381858201017	0.609083695748227	0.931548675405885
TBP	108	0.510762114295373	0.609517640699323	0.931548675405885
ZNF317	85	0.510665844879379	0.609585060917105	0.931548675405885
NKX2-2	10	-0.509598454738932	0.610332806682212	0.931548675405885
MAFF	11	0.509123876840564	0.610665396521101	0.931548675405885
ELF5	1575	-0.507245162040501	0.611982810504358	0.931548675405885
DMRTB1	5157	0.505980319230459	0.612870465807878	0.931548675405885
PAX8	6	-0.505413705124966	0.613268294855888	0.931548675405885
ZNF558	122	-0.505219724797908	0.613404517808647	0.931548675405885
ZBTB34	11	0.505055444135902	0.613519894571925	0.931548675405885
NCOA1	5	-0.504490070623681	0.61391703798817	0.931548675405885
STAT4	10	0.501917719483478	0.61572540038517	0.931548675405885
HEY2	158	0.500882677687612	0.616453694245997	0.931548675405885
PRDM9	2590	0.500571928875999	0.616672422395955	0.931548675405885
PRDM2	27	0.499145791181658	0.617676680456831	0.931548675405885
XBP1	55	0.499111290860091	0.617700983768941	0.931548675405885
ETS2	8	0.499085939755655	0.617718842298312	0.931548675405885
ZNF446	37	0.498451623413846	0.618165758575565	0.931548675405885
ZSCAN25	76	0.497870708508237	0.618575174122456	0.931548675405885
ZNF239	35	0.497244465272264	0.619016668687792	0.931548675405885
HOXA3	34	-0.496791555842622	0.619336050522324	0.931548675405885
PRR12	36	0.495960807552271	0.619922062845156	0.931548675405885
KLF14	553	-0.495860279367439	0.619992992112633	0.931548675405885
NR1I3	4	0.495804888076741	0.620032075833943	0.931548675405885
STAT3	15	0.494571742609584	0.620902452737349	0.931954165037103
HES7	8	-0.493713173279036	0.62150876047472	0.931962894934074
LEUTX	1840	-0.491346075228819	0.623181697046881	0.93356949210112
BNC2	13	0.488466513272187	0.625219439349101	0.9337022680951
CXXC4	2	0.48823289261907	0.625384888613583	0.9337022680951
MLXIP	12	-0.48821885818348	0.62539482834887	0.9337022680951
ZNF528	60	0.486999064416249	0.62625899396063	0.9337022680951
VSX2	288	-0.486971694862727	0.626278389875644	0.9337022680951
ZBED2	2089	0.485315014782087	0.627452906321768	0.933814237414966
DACH1	5	-0.484606776571512	0.62795530580619	0.933814237414966
NR1D1	6	-0.484320335219076	0.628158546302335	0.933814237414966
AKNA	20	-0.478155694743371	0.632539393960841	0.937535285032107
ZNF83	188	-0.477534168215729	0.63298179612363	0.937535285032107
HOXA10	32	-0.477443311576409	0.633046478823184	0.937535285032107
DLX6	7	0.47704249691461	0.633331860464778	0.937535285032107
ZNF496	88	0.47655079010131	0.633682032215645	0.937535285032107
SOX4	35	0.474610574594937	0.635064567651675	0.937821290133843
ETV2	3	0.47458349006487	0.635083876243988	0.937821290133843
NPAS3	42	-0.47182428015955	0.637052218738564	0.939833691523053
ZIC1	971	0.470507693289585	0.63799233905186	0.94032679032145
PITX2	288	-0.468828693849731	0.639192088203038	0.941201253217376
NEUROD2	21	0.467867623366156	0.639879257965581	0.941320007926618
ZNF384	71	-0.465220727006302	0.641773397102372	0.94188116740467
HOXB6	10	-0.463670893657881	0.642883553630259	0.94188116740467
ZNF212	35	0.463257916119517	0.643179507092389	0.94188116740467
NCOA3	72	0.462979586230922	0.643378999507433	0.94188116740467
THAP3	6	0.461144247261139	0.644695118328825	0.94188116740467
ZNF157	35	-0.460858403748423	0.644900196665518	0.94188116740467
POGK	100	0.460467894308001	0.645180411203852	0.94188116740467
EHF	4	-0.459049618024846	0.646198535260156	0.94188116740467
THAP7	38	0.458994054415374	0.646238435670385	0.94188116740467
REPIN1	10	0.458346458663181	0.646703551324839	0.94188116740467
CEBPE	20	-0.457314681249587	0.647444878778292	0.94188116740467
CREBZF	219	-0.457177731896652	0.64754330259071	0.94188116740467
KMT2B	98	-0.456041493018752	0.648360141002327	0.942186272317989
ZNF512	320	-0.45509144270051	0.649043454095991	0.942296951129071
CREM	27	0.453950920197661	0.649864152446173	0.942606695884542
SOX6	15	-0.451141320677706	0.651887698296186	0.943902076074521
KCNIP3	4	-0.451022130539726	0.651973598938071	0.943902076074521
ARID3B	6	0.447933535011649	0.654201165217576	0.944277560854814
GATA3	18	0.447510887609482	0.654506228524567	0.944277560854814
HMX3	3	0.447351486477974	0.654621297896169	0.944277560854814
GLI2	4	-0.446911813008382	0.654938734340086	0.944277560854814
MEIS2	3	0.444310326449697	0.656818236331578	0.944277560854814
ZBTB5	73	0.44260265604073	0.658053163292882	0.944277560854814
ZNF439	101	0.441860870824556	0.658589887240233	0.944277560854814
FOXC2	42	-0.441240467263932	0.659038919758242	0.944277560854814
NKX6-1	296	0.439929873521923	0.659987898592525	0.944277560854814
POU3F2	7	0.439847306402469	0.660047702391865	0.944277560854814
FOXK2	106	0.438494108094002	0.661028140300694	0.944277560854814
HES3	1085	-0.437913047908559	0.661449316717832	0.944277560854814
ZNF513	20	-0.437401081122258	0.661820500213527	0.944277560854814
CREBL2	39	-0.437270987536866	0.661914833236829	0.944277560854814
SIX2	99	-0.436811237451104	0.662248248657913	0.944277560854814
GTF2B	56	0.436623370918143	0.662384510647131	0.944277560854814
PAX6	9	0.435552603719458	0.663161365028137	0.944277560854814
ZNF311	2	-0.434698014669139	0.663781639648365	0.944277560854814
TEAD1	6	-0.434682292230234	0.663793053410182	0.944277560854814
BSX	1462	0.433483938156652	0.664663232301105	0.944399349436824
PRRX1	5	-0.432888636440984	0.665095675859825	0.944399349436824
ZBTB22	2	-0.429593007075585	0.667491724814064	0.945776046159842
ZNF789	182	-0.429046807744211	0.667889161178045	0.945776046159842
POU6F2	17	0.425850869450308	0.670216516958931	0.945776046159842
DEAF1	221	-0.425186939264426	0.670700404470474	0.945776046159842
FOXR1	184	0.423810088364707	0.671704320140052	0.945776046159842
HNF4G	75	-0.42015105852785	0.674375105114256	0.945776046159842
HOXA11	24	0.418654438206535	0.6754686982008	0.945776046159842
SOX10	145	-0.418116210744143	0.67586215322358	0.945776046159842
ZNF80	8	0.417145220556955	0.676572190357492	0.945776046159842
ESX1	1141	-0.417098429008468	0.676606413973683	0.945776046159842
VSX1	403	0.416600423647031	0.676970699422226	0.945776046159842
TBX19	62	0.415169990813869	0.678017465413692	0.945776046159842
HEYL	19	0.41239450122943	0.680050292883541	0.945776046159842
THYN1	93	0.411534962778112	0.680680309826277	0.945776046159842
ZNF618	46	0.411459326450557	0.680735759752769	0.945776046159842
ZNF423	8	-0.411089937719418	0.681006587985559	0.945776046159842
CHCHD3	209	-0.411075337681372	0.681017293278799	0.945776046159842
MSANTD1	54	0.409985313656242	0.681816720940238	0.945776046159842
SP110	15	-0.407674228413922	0.683512860441763	0.945776046159842
HDX	2	0.407303093773913	0.683785390808635	0.945776046159842
NR2E3	32	-0.406759940349965	0.684184311703156	0.945776046159842
FOXB2	858	0.403792642836404	0.686365207078179	0.945776046159842
LCOR	21	0.403498108291844	0.686581826098743	0.945776046159842
SLC2A4RG	4	-0.403455017935612	0.686613519585591	0.945776046159842
NKX1-2	17	-0.402981582133748	0.686961773712184	0.945776046159842
ZNF169	86	0.402087793123747	0.687619416082032	0.945776046159842
ZNF718	12	0.401690768144888	0.687911619542675	0.945776046159842
NFKB2	35	0.401002427873137	0.688418336400431	0.945776046159842
SRCAP	167	0.400998784828146	0.688421018574733	0.945776046159842
ZNF768	104	0.399219610716249	0.689731394584069	0.945776046159842
FBXL19	242	-0.399014338878926	0.689882638913152	0.945776046159842
DRGX	138	0.397492632749779	0.691004218240192	0.945776046159842
NFX1	107	0.396588972635143	0.691670585679783	0.945776046159842
ZNF774	28	-0.395399904946053	0.692547779195421	0.945776046159842
ZNF207	84	-0.39538198791936	0.692561000018859	0.945776046159842
ZNF726	151	-0.39445785188103	0.693243039150648	0.945776046159842
ZNF251	122	0.393696742436934	0.693804946699522	0.945776046159842
ZNF860	14	-0.393456910878046	0.693982043083225	0.945776046159842
ZNF26	80	0.392378819737795	0.69477833326991	0.945776046159842
PA2G4	197	-0.391235445100353	0.695623210699943	0.945776046159842
FOXI1	16	0.391147580411066	0.695688152485166	0.945776046159842
TCF21	86	0.390754115637954	0.69597899411772	0.945776046159842
ASCL3	3124	0.389137729359834	0.697174264724378	0.945776046159842
ZNF410	60	0.388780786326562	0.69743831517589	0.945776046159842
ZBTB12	124	-0.388471598393387	0.697667068165928	0.945776046159842
HMG20B	27	-0.387282154054062	0.698547335717405	0.945776046159842
ZNF785	105	0.386529918959183	0.69910424891466	0.945776046159842
SALL3	11	0.385223103803474	0.70007212737608	0.945776046159842
IKZF4	56	-0.383089709444806	0.701653249373929	0.945776046159842
NME2	203	-0.382811819056853	0.701859297497008	0.945776046159842
ZNF784	49	0.382489349731425	0.702098427159462	0.945776046159842
GTF2IRD2B	68	0.382265464148196	0.702264468622932	0.945776046159842
ZNF343	181	-0.382250221304883	0.702275773771191	0.945776046159842
LMX1B	12	0.381825428344277	0.70259085613903	0.945776046159842
FEZF1	624	0.381421965040293	0.702890164951468	0.945776046159842
FOXI2	114	-0.381371320634909	0.702927738703257	0.945776046159842
ZMAT1	56	-0.3785140115571	0.705048786990456	0.945776046159842
MNX1	58	0.378002209079052	0.705428952916361	0.945776046159842
ZNF648	18	0.377655652931949	0.705686415946808	0.945776046159842
DMRTA2	5	-0.377545044431552	0.705768596161713	0.945776046159842
FOXJ2	51	-0.377195989087979	0.706027960783227	0.945776046159842
ZNF404	97	-0.37686747086457	0.70627209655001	0.945776046159842
LHX4	3	-0.376605744432873	0.706466618150531	0.945776046159842
FOXF2	89	-0.376600441945532	0.706470559289353	0.945776046159842
NFIA	15	0.376509618755517	0.706538065962286	0.945776046159842
PAX7	112	-0.375017386613625	0.707647536095023	0.945776046159842
BHLHE22	960	-0.373835064894425	0.708527029830215	0.945776046159842
ATF5	13	0.372262587402682	0.709697351030315	0.945776046159842
NHLH1	17	0.371067676546154	0.710587125455234	0.945776046159842
TCF4	26	0.370592361218522	0.710941172436304	0.945776046159842
RBPJ	11	0.369540313624236	0.711725030289724	0.945776046159842
HOXB2	16	-0.369534726381241	0.711729194037684	0.945776046159842
ZIC4	741	-0.367861016648157	0.712976869320576	0.945776046159842
NRL	35	0.367191592915202	0.713476109889221	0.945776046159842
AKAP8L	22	-0.367143310064937	0.713512122857703	0.945776046159842
MYOD1	95	-0.367062534604019	0.713572372677847	0.945776046159842
ZBTB24	3	-0.364962191920554	0.715139628924896	0.945776046159842
TCFL5	102	-0.363861331559529	0.715961561147147	0.945776046159842
LTF	57	0.363400812767331	0.716305494715845	0.945776046159842
BARX1	29	0.361980113139225	0.717366891577371	0.945776046159842
ZBTB4	41	0.361075852844188	0.718042743925615	0.945776046159842
AR	21	-0.360890571445495	0.718181252183812	0.945776046159842
HOXB13	42	-0.360751529552956	0.718285199895898	0.945776046159842
OTX2	6	-0.360682826311388	0.71833656436077	0.945776046159842
ZNF711	29	0.360630544898943	0.718375652259752	0.945776046159842
DPF1	7	0.360500461783785	0.718472911354674	0.945776046159842
FOXI3	14	0.357489168451236	0.720725633539037	0.947937443434394
MESP1	16	-0.355616356910711	0.722127892364056	0.948817894470386
DUX4	17	-0.354447129102476	0.723003820144603	0.948817894470386
ZNF548	174	0.354146488679294	0.723229103839218	0.948817894470386
GSC	3	0.353273228968661	0.723883613464249	0.948874466297732
ZNF326	54	0.352315607613066	0.72460158442118	0.949014058246136
PKNOX2	155	0.350385269261243	0.726049580006787	0.9492404975726
FOXO1	36	-0.349155969892389	0.726972219444225	0.9492404975726
FOXA3	7	0.348592871573034	0.72739498010395	0.9492404975726
GCM1	20	0.348556653230753	0.727422174805222	0.9492404975726
RFX6	1652	-0.348010100466267	0.727832598009919	0.9492404975726
STAT5B	113	-0.34476369322299	0.730272030048212	0.950698616861806
BARHL1	2	-0.343743598343644	0.7310391201318	0.950698616861806
ZNF587B	55	-0.343493021258716	0.7312275900617	0.950698616861806
SOX21	346	0.341249723574338	0.732915593355918	0.950698616861806
CCDC169-SOHLH2	55	0.340883702660668	0.733191134197791	0.950698616861806
NEUROG1	35	-0.340880731087689	0.733193371341091	0.950698616861806
CEBPG	21	0.340820708760953	0.733238559525504	0.950698616861806
ALX1	5667	0.338203307070701	0.735209983866953	0.952310607441687
FOXP4	21	0.336842234792079	0.736235832903206	0.952310607441687
OLIG3	60	0.334959148534611	0.737655902576492	0.952310607441687
GRHL2	6	-0.332220373894617	0.739722860478734	0.952310607441687
PHOX2A	5	-0.329914017996351	0.741464931158622	0.952310607441687
ELF4	26	0.329642146578048	0.74167037260904	0.952310607441687
AEBP1	26	0.328586071656557	0.742468577218678	0.952310607441687
TRPS1	8	-0.327751747268263	0.743099373832137	0.952310607441687
HAND1	1510	-0.327518839686092	0.743275496007853	0.952310607441687
RFX4	7	-0.3273313808415	0.743417260102449	0.952310607441687
TLX3	75	-0.326342388438977	0.744165320773704	0.952310607441687
MIXL1	4	0.325672584108934	0.744672089032125	0.952310607441687
ZNF688	4	0.324859970596779	0.745287053911134	0.952310607441687
CBX2	80	0.324491282515249	0.74556612107683	0.952310607441687
HES5	76	-0.324223301611583	0.745768981980628	0.952310607441687
ASCL5	48	-0.32385976280811	0.746044208158876	0.952310607441687
ZNF117	66	-0.323133348982905	0.746594255019887	0.952310607441687
MSX2	287	0.32281531858997	0.74683511105418	0.952310607441687
ARID5A	35	0.32250257710829	0.74707198571822	0.952310607441687
THAP12	73	0.32192070954472	0.747512763711017	0.952310607441687
HOXD8	2543	0.321617503886627	0.747742481667382	0.952310607441687
FOXD2	2	0.321302613121791	0.747981076334675	0.952310607441687
SPEN	98	0.318999905360135	0.749726584547721	0.953750540342674
ZNF706	6	-0.317182367863548	0.75110522812271	0.954721796925836
CTCFL	32	0.311988085410454	0.755049578198542	0.95630304196348
MYF5	1506	-0.311604223693623	0.755341323917131	0.95630304196348
SNAPC5	151	0.309620549939691	0.756849527147408	0.95630304196348
CPXCR1	5192	0.30925624674448	0.757126610689294	0.95630304196348
TBX2	48	-0.308174549170572	0.757949517463395	0.95630304196348
NEUROD6	5531	-0.307998068407856	0.758083802131661	0.95630304196348
MSGN1	494	-0.3078899425827	0.758166078957655	0.95630304196348
HOXB3	26	-0.307805927914031	0.758230010629274	0.95630304196348
ZNF281	9	-0.307564974074646	0.758413375657182	0.95630304196348
ZNF331	46	0.307436719630875	0.758510982382116	0.95630304196348
IRF1	2	-0.306412612050108	0.759290506861488	0.956508820332004
BACH1	23	-0.304456280123729	0.760780296095196	0.957499890519703
FOXP3	14	-0.303759499513781	0.761311124292083	0.957499890519703
ESRRB	3	-0.299940892998088	0.764222241402475	0.96038293008635
TERB1	6	-0.298655606577884	0.765202832677039	0.960837213846896
HOXA6	44	-0.297181459889906	0.766327975683447	0.961425937667728
TWIST1	11	-0.29596599988168	0.767256046920864	0.961425937667728
HSF5	6	-0.294970321783172	0.768016551325693	0.961425937667728
HOXD12	5994	-0.294796173945322	0.7681495893737	0.961425937667728
POU1F1	4014	0.291760789712317	0.770469526720639	0.961596122395105
ZBTB11	36	-0.291255533813071	0.770855892743357	0.961596122395105
ZNF74	219	0.290444854877299	0.771475932620165	0.961596122395105
ZNF32	23	0.28916611459384	0.772454261307042	0.961596122395105
MYF6	1025	0.288975624755985	0.772600030792997	0.961596122395105
IRX6	3	0.288939212379258	0.772627895730809	0.961596122395105
SOX14	4353	-0.288522765470889	0.772946606761176	0.961596122395105
ZNF808	144	0.286353632935299	0.774607283914319	0.961596122395105
FIGLA	5337	-0.28552128562923	0.775244799225598	0.961596122395105
POU4F3	5	0.285308438820309	0.775407848185605	0.961596122395105
OVOL1	4	-0.284374064375849	0.776123732517762	0.961596122395105
SOX2	680	-0.284034795473291	0.776383715345009	0.961596122395105
ZNF213	3	0.283557854992564	0.776749238696489	0.961596122395105
SON	14	0.283283201277277	0.776959753533158	0.961596122395105
AHCTF1	12	0.279492416603621	0.779866956915428	0.964425113253183
ISL2	33	0.277676136747357	0.781260980589659	0.9644885439898
THAP4	27	-0.277182877171226	0.781639686761191	0.9644885439898
FOXS1	2725	0.276996757933906	0.781782595579361	0.9644885439898
ZNF577	95	0.273260899252726	0.784652669733455	0.967260479290168
BARHL2	1906	0.271676302674242	0.785870923910621	0.967993391991495
ZNF428	78	-0.26921981828152	0.787760530316927	0.969551421928525
GMEB2	34	-0.266394575253089	0.789935342656073	0.970691663176737
ETV5	7	-0.266391296338466	0.789937867649626	0.970691663176737
MEF2A	36	0.262915910666634	0.792615392680719	0.972513723882134
FOXE3	252	0.262840031499003	0.792673879324033	0.972513723882134
RARA	36	-0.261586190200916	0.79364049201154	0.97253918723719
OLIG1	2	-0.26118751442925	0.793947906075722	0.97253918723719
CDX4	3	0.258913466427684	0.795702007683839	0.973919176597254
ZNF705A	19	0.253946633294615	0.799536787206229	0.976945401327958
POU3F4	2124	-0.25305711796056	0.800224075442381	0.976945401327958
ZBTB49	29	0.25254176103954	0.800622339230448	0.976945401327958
HOXD4	3085	-0.252152890526316	0.800922889634048	0.976945401327958
MNT	10	-0.250685410737171	0.802057341128097	0.976945401327958
ZBTB20	21	0.250332596182055	0.802330150653184	0.976945401327958
SOX13	5	0.24927104302889	0.803151128792598	0.976945401327958
ZNF205	6	-0.248793478302729	0.803520536084683	0.976945401327958
ATOH1	639	0.247689239488717	0.804374858137759	0.976945401327958
ARX	3	-0.247051276694403	0.804868540626234	0.976945401327958
GATA5	48	0.246753898616024	0.805098690913955	0.976945401327958
ZNF394	4	-0.240573029349828	0.809886055780337	0.981272032574924
GATA6	3	-0.238339350538372	0.8116179032416	0.981272032574924
GBX1	25	-0.237162604581888	0.812530645987842	0.981272032574924
TET2	34	0.235967794981724	0.81345766044918	0.981272032574924
HOXD1	5356	0.235211396300658	0.814044661135564	0.981272032574924
ZIM2	366	-0.235078829470732	0.814147549949587	0.981272032574924
HSFY1	1881	0.234700047292514	0.814441551026347	0.981272032574924
SALL1	47	-0.234580544347012	0.814534311594023	0.981272032574924
SPZ1	1040	0.23383332462667	0.815114377344597	0.981272032574924
ISL1	175	-0.232346383215517	0.81626898937858	0.981272032574924
POU4F2	468	-0.230888024538607	0.817401794435877	0.981272032574924
TBPL1	4	-0.230516659226628	0.817690319829968	0.981272032574924
KLF13	38	0.228278872035381	0.819429448631044	0.981272032574924
ZNF717	152	-0.228096422037821	0.819571281586403	0.981272032574924
ZNF70	94	0.228007717999407	0.819640240453024	0.981272032574924
KLF1	5	-0.22691799388081	0.820487509902308	0.981272032574924
ZFP2	71	-0.226285629719129	0.820979274368389	0.981272032574924
ZNF556	4	-0.223155314040973	0.823414629205442	0.981272032574924
NR1H3	83	-0.223048177679875	0.82349801048999	0.981272032574924
ZNF18	44	-0.222402863851125	0.824000282616115	0.981272032574924
ZNF544	97	-0.221852568041021	0.82442865558745	0.981272032574924
LMX1A	3009	0.221733800635409	0.824521115904189	0.981272032574924
CUX2	9	0.220790907164914	0.825255243907636	0.981272032574924
HIVEP3	2	-0.217532856801612	0.827793103966612	0.981272032574924
NANOG	15	0.216157279150679	0.828865152604876	0.981272032574924
NKX2-8	1535	0.215641973036906	0.829266835690016	0.981272032574924
ZNF519	131	0.215002580534507	0.829765306633712	0.981272032574924
ALX3	42	-0.214583241294305	0.830092261088075	0.981272032574924
ZNF865	2	-0.214264356358734	0.830340912060194	0.981272032574924
TCF7L1	6	-0.212715924492818	0.831548545067414	0.981272032574924
ESR2	16	-0.212535760783776	0.831689081913458	0.981272032574924
SMYD3	55	0.212189005594328	0.831959583719981	0.981272032574924
NKX2-5	6	0.211138071772197	0.832779532831258	0.981272032574924
RREB1	29	-0.210925652334465	0.832945286741847	0.981272032574924
DOT1L	40	-0.210368164080796	0.833380338065036	0.981272032574924
ZBED6	109	0.210131707499181	0.833564878893448	0.981272032574924
PLAGL1	120	0.209984661824969	0.83367964425084	0.981272032574924
TFDP3	997	-0.209530420716539	0.834034190095267	0.981272032574924
SETDB1	73	0.209481366510856	0.834072480074098	0.981272032574924
TLX1	30	-0.20725083361413	0.835813969531901	0.981272032574924
SALL4	4	0.206949931346309	0.83604896092302	0.981272032574924
ZNF479	363	0.206443404523261	0.836444569057049	0.981272032574924
YBX3	22	0.205830887806679	0.836923012786081	0.981272032574924
LHX2	7	0.205678585760693	0.837041987006477	0.981272032574924
MEOX2	4585	0.205210677859702	0.837407527248361	0.981272032574924
ATF4	12	0.204774446659925	0.83774835255269	0.981272032574924
ZNF276	86	0.203821335100636	0.838493119803793	0.981403711866884
TRAFD1	11	-0.200896873800844	0.84077921222717	0.982534759402195
MYPOP	14	-0.199943963124278	0.841524406989046	0.982534759402195
CENPB	5	-0.198746590470716	0.842460977021697	0.982534759402195
FEZF2	52	-0.197927781496469	0.843101567654683	0.982534759402195
SP9	118	-0.196953553472109	0.843863884737456	0.982534759402195
PREB	44	-0.196260090629529	0.844406596939959	0.982534759402195
SP1	121	0.19513115190313	0.845290275607603	0.982534759402195
ZNF843	30	0.19503148346437	0.845368300612543	0.982534759402195
TGIF2LX	6344	0.194648447175773	0.845668173017813	0.982534759402195
ELF2	47	0.194492546883805	0.845790231031786	0.982534759402195
ZNF300	2	-0.193434525002014	0.846618678948438	0.982761548038874
TBX22	1709	0.190143055913001	0.849197031732403	0.984023257822093
SCML4	74	-0.189985749712325	0.84932029724113	0.984023257822093
PITX1	48	-0.188888310907479	0.850180355207267	0.984023257822093
VENTX	2	-0.18880998548942	0.850241745321795	0.984023257822093
CENPS	61	0.18729341884146	0.851430582691487	0.984043413441157
TEAD3	8	-0.185640591798225	0.852726619172901	0.984043413441157
VAX2	5	-0.183169457309602	0.854665058439147	0.984043413441157
ZNF586	25	0.183102136993389	0.854717879043764	0.984043413441157
NKX2-3	31	-0.182324760774708	0.855327868058225	0.984043413441157
ZNF891	197	-0.181344636144844	0.856097072214273	0.984043413441157
TSHZ2	22	-0.180979124036671	0.856383962032924	0.984043413441157
TCF7	47	0.179512059718627	0.857535648850238	0.984043413441157
ISX	3228	0.179373792406355	0.857644208264683	0.984043413441157
SP5	2	-0.179195378184723	0.857784292664871	0.984043413441157
ZNF705G	824	0.178319907311499	0.858471745587802	0.984043413441157
SCRT1	5	-0.178040753427324	0.858690970393883	0.984043413441157
KCMF1	12	-0.177645435898512	0.859001439335779	0.984043413441157
ETV1	2	0.176718130162746	0.859729799199068	0.984043413441157
EVX1	48	0.176509467272482	0.859893711644041	0.984043413441157
ZNF497	119	0.175641088222721	0.86057592038159	0.984043413441157
ZFP41	91	-0.17476629086404	0.86126327663346	0.984043413441157
KDM2A	80	-0.17416002520768	0.861739700628004	0.984043413441157
SHOX	9	0.173439366529056	0.862306083943282	0.984043413441157
ZNF277	36	0.168782803731002	0.865967484893999	0.986010409070352
POU6F1	29	-0.16872205788143	0.866015267836092	0.986010409070352
ZNF8	68	0.167552777138104	0.866935124249865	0.986010409070352
HOXC11	3	0.167510650921526	0.866968267712054	0.986010409070352
AKAP8	24	0.167135635598982	0.867263327205816	0.986010409070352
HMX2	3567	-0.166138338007328	0.868048084018413	0.986010409070352
NFE2L1	65	-0.163706391716654	0.869962285574781	0.986010409070352
THAP10	10	0.163193508971343	0.870366076788219	0.986010409070352
GCM2	4834	-0.162963036742154	0.870547537970319	0.986010409070352
DMTF1	205	-0.162530214862727	0.870888336570368	0.986010409070352
HSF1	4	-0.162365273410327	0.871018215744493	0.986010409070352
HOXA5	35	-0.15749933211345	0.874851334221483	0.988986364425778
FOXQ1	1475	0.157410205235514	0.874921571106053	0.988986364425778
ZNF625	68	0.156260824620126	0.875827434382124	0.989289794877042
TPRX1	417	0.154813797886345	0.876968113220472	0.989338677603943
IKZF5	65	0.153955605618419	0.877644739747678	0.989338677603943
TCF20	141	0.153780141724432	0.877783092178241	0.989338677603943
FOXK1	63	0.151900029051931	0.879265785379849	0.990290637815331
BHLHE23	10	0.149299549102922	0.88131727104936	0.990740522736679
LEF1	57	-0.149067723074701	0.881500194539461	0.990740522736679
PITX3	302	-0.148966175202573	0.881580323388759	0.990740522736679
ZBTB26	109	0.148067710227581	0.882289332017775	0.990819857663956
MAZ	20	0.143473419277126	0.88591630239422	0.991099349771154
CREB3L4	182	0.143231412230915	0.886107422208203	0.991099349771154
SAFB	169	-0.143068367614974	0.88623618689195	0.991099349771154
RLF	42	-0.141770081573657	0.887261616777907	0.991099349771154
TEF	7	-0.141015697707382	0.887857541285791	0.991099349771154
SIX6	2081	0.139151892848243	0.889330122504567	0.991099349771154
PBX3	41	0.138299084527306	0.890004048999895	0.991099349771154
STAT1	7	0.138030083925884	0.890216641573417	0.991099349771154
ASCL4	550	0.137261398628867	0.890824181014835	0.991099349771154
REXO4	192	0.136873960718206	0.891130421432531	0.991099349771154
TAL1	7	-0.136628736486302	0.89132426106946	0.991099349771154
EN2	27	-0.136231203300781	0.891638508442743	0.991099349771154
SOX9	518	0.135897659091649	0.891902186082567	0.991099349771154
SNAPC2	3	-0.135221646038011	0.892436633209486	0.991099349771154
HOXA7	45	0.132904385848308	0.894268998272505	0.991099349771154
FOXC1	50	-0.132211972986054	0.894816631183331	0.991099349771154
ATF7	99	-0.132130156042848	0.894881343943574	0.991099349771154
KAT7	31	-0.128661542251227	0.897625467251924	0.991099349771154
JRK	87	0.127359121205387	0.89865616925939	0.991099349771154
MYC	5	0.126661109401624	0.899208628056996	0.991099349771154
IRF2	38	-0.125424168977894	0.900187755117875	0.991099349771154
ZNF652	26	0.125121180295279	0.900427615611025	0.991099349771154
GRHL1	2	-0.12442323133847	0.90098018032064	0.991099349771154
DMBX1	7	0.124355912395533	0.901033479126752	0.991099349771154
SKOR1	15	-0.123258289839632	0.901902568795214	0.991099349771154
ZNF135	40	-0.122970971033643	0.90213008522608	0.991099349771154
OSR1	1740	-0.122777411404823	0.902283361995344	0.991099349771154
ZBTB17	52	-0.121800530199551	0.903056994039433	0.991099349771154
PRDM10	143	0.121721577474007	0.903119523951323	0.991099349771154
TBX15	15	-0.121523216211167	0.903276627097247	0.991099349771154
NR0B1	556	-0.120269124797075	0.904269961390603	0.991099349771154
SAFB2	59	-0.11939590131982	0.904961708341758	0.991099349771154
SP3	94	0.119128331296444	0.905173685435391	0.991099349771154
ZNF483	19	0.118802719607844	0.905431654010863	0.991099349771154
ASCL1	114	0.117816416893421	0.906213121345347	0.991099349771154
PRDM14	760	0.117489685955558	0.906472016852995	0.991099349771154
ZBTB7C	5	-0.117200213227173	0.906701397953674	0.991099349771154
DMRT3	6065	0.114909319390712	0.908516998223551	0.991099349771154
MAF	7	-0.114254158942313	0.909036320323562	0.991099349771154
NR2E1	3665	0.113898397971052	0.909318335537551	0.991099349771154
ZNF346	157	0.113526292013696	0.909613319809142	0.991099349771154
PLAGL2	12	-0.112481674560243	0.910441499108843	0.991099349771154
ZSCAN12	32	-0.112478709062884	0.910443850312784	0.991099349771154
GRHL3	47	-0.111681684522935	0.911075802099679	0.991099349771154
ZNF746	11	0.111430491322488	0.911274982038297	0.991099349771154
RHOXF1	33	0.108355606805677	0.913713614369329	0.992775229884467
HSF2	26	0.10598815229833	0.915591752332737	0.992775229884467
ZNF581	12	0.10511145856926	0.916287367050524	0.992775229884467
ZNF814	61	0.105078282706811	0.916313691779383	0.992775229884467
ADNP2	4	-0.104838719918461	0.916503785277845	0.992775229884467
HNF1A	2	0.10322420547569	0.917785029333163	0.992775229884467
PAX4	4162	0.102289350959393	0.918527007674545	0.992775229884467
HMX1	145	0.100990487435735	0.919558011495145	0.992775229884467
ZFP69	13	-0.100707232979673	0.919782869481108	0.992775229884467
LHX5	417	0.099466359833816	0.92076799637693	0.992775229884467
ZIC2	3	0.0983822031354699	0.921628805957637	0.992775229884467
NANOGNB	1840	-0.0978664554912642	0.922038336722611	0.992775229884467
ZNF445	221	0.097765750814333	0.922118303950133	0.992775229884467
ZNF334	16	-0.0976113178983832	0.922240937044224	0.992775229884467
ZIM3	18	-0.0969713133527472	0.922749175688409	0.992775229884467
DBX2	1150	0.0934567437997306	0.925540712686355	0.992775229884467
FERD3L	2539	0.0932179718522163	0.925730397082043	0.992775229884467
HSFY2	841	-0.0932114966844854	0.925735541121542	0.992775229884467
SIX4	4	-0.0930887536252161	0.925833051946326	0.992775229884467
ZEB2	8	0.0918975300221706	0.926779453915894	0.992775229884467
SEBOX	247	-0.08861097070774	0.929391089021874	0.992775229884467
INSM2	18	-0.0884222728208267	0.929541059476255	0.992775229884467
TBX21	21	0.0874742565104362	0.930294547307828	0.992775229884467
ARID3A	14	0.0869749118789696	0.930691453941987	0.992775229884467
EBF4	8	0.0866026292214878	0.930987375938401	0.992775229884467
ZNF280A	3016	0.0855992389689023	0.931785003455486	0.992775229884467
SRY	5162	0.0846323320074107	0.932553694047521	0.992775229884467
SOX1	5	-0.0837995938109585	0.933215770977264	0.992775229884467
SCX	27	0.081953295209025	0.93468385348525	0.992775229884467
ZNF707	57	-0.0812994335874356	0.935203824432459	0.992775229884467
PROP1	4986	-0.0812756347339575	0.935222750538141	0.992775229884467
EBF2	806	0.0800045028303118	0.936233674712273	0.992775229884467
ELK1	20	0.0788516937742892	0.93715058632599	0.992775229884467
HOXA9	39	-0.0786108205541935	0.937342180618574	0.992775229884467
ATOH7	3	-0.0785434640288496	0.937395757692362	0.992775229884467
GLIS1	2	-0.0784141609802927	0.937498609382351	0.992775229884467
ZNF695	10	-0.0757249866358638	0.939637896604019	0.992775229884467
ZNF727	2	-0.0748524808018477	0.940332085258302	0.992775229884467
ZNF217	9	-0.0743152965420115	0.940759505807388	0.992775229884467
ZBTB43	47	-0.0732766462239566	0.941585975343898	0.992775229884467
DBX1	6153	0.0730765509376291	0.941745201399066	0.992775229884467
ZNF804B	772	-0.0730002340365987	0.941805931274884	0.992775229884467
NOBOX	36	-0.0729486722824233	0.941846962206477	0.992775229884467
NFYB	128	-0.072876298128492	0.941904555134204	0.992775229884467
ZNF853	48	0.0728720838755895	0.941907908704881	0.992775229884467
MEIS1	97	-0.0719395566204603	0.942650009954611	0.992775229884467
NR6A1	4	-0.0712993055494925	0.943159547915842	0.992775229884467
FOXJ1	5	-0.0701843708376878	0.944046913912021	0.992775229884467
IRF9	22	0.0700423549681217	0.944159948008682	0.992775229884467
GLYR1	250	-0.0680119878267809	0.945776091476447	0.993317046000383
MEF2D	3	-0.0672517664450458	0.946381274705794	0.993317046000383
NR2F1	3	-0.0662416863179262	0.947185408754688	0.993317046000383
NFATC3	184	0.0654212882489783	0.94783857481424	0.993317046000383
EOMES	28	0.0651504633144383	0.948054201829883	0.993317046000383
IRF4	9	0.0634593011658327	0.949400766855246	0.993317046000383
LHX3	568	0.0630043834154404	0.949763013797458	0.993317046000383
SCMH1	68	-0.0628440135958643	0.949890717331776	0.993317046000383
BARX2	10	0.062159961718662	0.950435446720727	0.993317046000383
NCOA2	34	0.0600129921955513	0.952145287066085	0.993614866226402
MYSM1	133	0.0586259933853796	0.953250006558646	0.993614866226402
ZNF75D	123	0.0585379333732067	0.953320147822416	0.993614866226402
TET1	118	0.0577721383372265	0.953930131485996	0.993614866226402
NR4A1	3	0.0566148469452243	0.954852007362911	0.993614866226402
ZMAT4	39	0.0542973784540598	0.956698238164789	0.993614866226402
LIN28B	4291	0.0541337327602949	0.956828616783606	0.993614866226402
SNAI2	2705	0.0499575216414107	0.960156238846114	0.993614866226402
SKOR2	7	0.0496585073108624	0.96039452200864	0.993614866226402
PHOX2B	171	0.0491324554956379	0.960813738886799	0.993614866226402
SREBF2	62	-0.049103593839287	0.960836739394772	0.993614866226402
ZNF133	169	-0.0489514148859998	0.960958014789737	0.993614866226402
ARNT	39	0.0488008271602932	0.961078022983072	0.993614866226402
BCL11B	70	-0.047781175614991	0.961890639101831	0.993614866226402
ZNF286A	38	-0.0477473299354498	0.961917613259685	0.993614866226402
RORB	6	0.0462729438968695	0.963092703845108	0.993614866226402
ZNF90	71	-0.0461923822763197	0.963156914058284	0.993614866226402
DZIP1	12	0.0454140425803097	0.963777288175659	0.993614866226402
TFAP2A	7	0.0451623400642675	0.963977911879422	0.993614866226402
DUXA	6695	0.0432860503502167	0.965473511008343	0.993614866226402
RAX	5	0.0424148945297843	0.966167954916726	0.993614866226402
E2F4	156	-0.0414041118400239	0.966973734835598	0.993614866226402
NFIC	6	-0.0405001166879319	0.967694414015775	0.993614866226402
ZNF512B	84	0.0404655901621624	0.967721939633043	0.993614866226402
NR2F2	12	0.0399829182286071	0.968106744681591	0.993614866226402
IKZF3	48	0.0385541143481601	0.969245886515043	0.993614866226402
NKX6-3	709	0.0374511489941147	0.970125290250821	0.993614866226402
CDX1	104	-0.0374013093277034	0.970165028710134	0.993614866226402
IKZF1	95	0.0367792652852102	0.970661006766549	0.993614866226402
YY2	26	-0.036266963699897	0.971069491749806	0.993614866226402
NEUROG2	76	0.0360025478557238	0.971280327377739	0.993614866226402
SRF	21	-0.0354568068213901	0.971715487864085	0.993614866226402
ZBTB10	2	0.0345828310851314	0.972412392119939	0.993614866226402
KDM2B	19	-0.03313400615341	0.973567724641169	0.993614866226402
UBP1	89	-0.0325742957109695	0.974014068000427	0.993614866226402
FOXG1	315	0.0319604485862332	0.974503592227693	0.993614866226402
FOXD4	2	0.0303989095899853	0.975748914476329	0.993614866226402
ZNF280D	143	0.0301807082880345	0.975922934078543	0.993614866226402
VDR	8	0.0297264277469854	0.976285234937836	0.993614866226402
SIM1	5	0.0296715012861531	0.976329040589731	0.993614866226402
MTERF2	73	-0.0282137576928387	0.977491664540582	0.993651260993664
HES1	3	0.0269149719818525	0.97852755192901	0.993651260993664
GSX2	1534	-0.0267959276646631	0.97862250130605	0.993651260993664
HIC1	3	-0.0264157158871619	0.978925759058836	0.993651260993664
SP8	275	-0.0241706746383756	0.980716469542352	0.994591037396792
SPIC	3377	0.0236481084851826	0.981133297844387	0.994591037396792
ZNF668	3	0.0219384999971718	0.9824970136011	0.995323345371349
FOXN2	68	0.0206987075881419	0.983485999995317	0.99543995315963
ZFP42	2051	0.018613169720652	0.985149696738715	0.99543995315963
MSX1	20	0.0182165993482233	0.985466060468796	0.99543995315963
GFI1	18	-0.0181892403448861	0.985487886178924	0.99543995315963
POU5F1B	55	0.0177303430371155	0.985853974206214	0.99543995315963
RARG	8	0.0165509430559787	0.986794860960461	0.99543995315963
HELT	1820	-0.0156118993418055	0.987544012538299	0.99543995315963
FOXN3	2	-0.0153621591438253	0.98774325249087	0.99543995315963
ZSCAN30	156	0.0126318612280552	0.989921500980109	0.996950052939707
ZNF487	8	0.0113796234577908	0.990920570093754	0.996950052939707
ZNF248	222	-0.0110685308884177	0.991168770416217	0.996950052939707
MECP2	169	-0.0098598201085081	0.992133129227688	0.99716433621469
IRF7	2	0.00919091175074163	0.992666816657021	0.99716433621469
HOXD11	975	-0.00758524746796636	0.99394790619102	0.997805401299135
LBX1	634	0.00304244054789608	0.997572487404696	1
HEY1	6	-0.00162807470409785	0.998700984903634	1
ZNF560	14	-0.000560189940215117	0.999553033118963	1
KLF11	2	-4.48514291415075e-10	0.999999999642137	1
SP7	2	-2.10388481705186e-13	0.999999999999832	1
SOX18	2	0	1	1
